MSHX1
GROUPS 56
LABEL CockpitPanelHood
MATERIAL 1
TEXTURE 1
FLAG 0
GEOM 22 10
0.3294 0.1215 0.5979 0.0000 0.0000 -1.0000 0.9010 0.4082
0.0387 0.2891 0.5979 0.0000 0.0000 -1.0000 0.9253 0.1854
-0.3294 0.1215 0.5979 0.0000 0.0000 -1.0000 0.9270 0.1967
-0.0387 0.2891 0.5979 0.0000 0.0000 -1.0000 0.9253 0.1867
0.0387 0.2849 0.5979 0.0000 0.0000 -1.0000 0.9254 0.1854
-0.0387 0.2849 0.5979 0.0000 0.0000 -1.0000 0.9254 0.1867
0.0298 0.1323 0.9926 0.0000 -0.9327 -0.3608 0.9381 0.1853
-0.0298 0.1323 0.9926 0.0000 -0.9327 -0.3608 0.9384 0.1869
0.3294 0.1175 0.5979 0.0000 0.0000 -1.0000 0.9011 0.4082
-0.3294 0.1175 0.5979 0.0000 0.0000 -1.0000 0.9271 0.1967
0.0387 0.2849 0.5979 0.0000 -0.9327 -0.3608 0.9254 0.1854
-0.0387 0.2849 0.5979 0.0000 -0.9327 -0.3608 0.9254 0.1867
0.0387 0.2849 0.5979 0.0000 -0.9327 -0.3608 0.9254 0.1854
0.0387 0.2891 0.5979 0.0000 0.0000 -1.0000 0.8992 0.3990
0.0387 0.2849 0.5979 0.0000 0.0000 -1.0000 0.8993 0.3989
0.0387 0.2849 0.5979 0.0000 0.0000 -1.0000 0.8993 0.3989
-0.0298 0.1323 0.9926 0.4714 -0.8189 -0.3273 0.9384 0.1869
-0.0387 0.2849 0.5979 0.4714 -0.8189 -0.3273 0.9254 0.1867
-0.3294 0.1175 0.5979 0.4714 -0.8189 -0.3273 0.9271 0.1967
0.0387 0.2849 0.5979 -0.4714 -0.8189 -0.3273 0.8993 0.3989
0.0298 0.1323 0.9926 -0.4714 -0.8189 -0.3273 0.9120 0.3988
0.3294 0.1175 0.5979 -0.4714 -0.8189 -0.3273 0.9011 0.4082
1 5 3
1 4 5
10 7 11
12 6 7
0 14 13
0 8 15
2 5 9
2 3 5
16 18 17
19 21 20
LABEL HoverDoorSA
MATERIAL 2
TEXTURE 2
FLAG 0
GEOM 54 20
3.9372 -0.8534 -17.1845 0.0207 -0.9996 -0.0172 0.2208 0.7584
2.9352 -0.8686 -17.1845 0.0125 -0.9997 -0.0187 0.2499 0.7584
2.9352 -0.8498 -18.1865 0.0125 -0.9997 -0.0187 0.2499 0.7875
3.9372 -0.8362 -18.1865 0.0207 -0.9996 -0.0172 0.2208 0.7875
3.8081 -0.8389 -18.1865 0.0125 -0.9997 -0.0187 0.2246 0.7875
3.6170 -0.8600 -17.1845 0.0125 -0.9997 -0.0187 0.2301 0.7584
2.9346 -0.8096 -18.1858 -0.0125 0.9997 0.0187 0.6249 0.3953
2.9346 -0.8284 -17.1838 -0.0125 0.9997 0.0187 0.6249 0.3472
3.8074 -0.7987 -18.1858 -0.0125 0.9997 0.0187 0.6668 0.3953
3.9366 -0.7960 -18.1858 -0.0207 0.9996 0.0172 0.6730 0.3953
3.9366 -0.8132 -17.1838 -0.0207 0.9996 0.0172 0.6730 0.3472
3.6164 -0.8198 -17.1838 -0.0125 0.9997 0.0187 0.6576 0.3472
3.8081 -0.8389 -18.1865 0.0207 -0.9996 -0.0172 0.2246 0.7875
3.6170 -0.8600 -17.1845 0.0207 -0.9996 -0.0172 0.2301 0.7584
3.6170 -0.8600 -17.1845 0.0207 -0.9996 -0.0172 0.2301 0.7584
3.6164 -0.8198 -17.1838 -0.0207 0.9996 0.0172 0.6576 0.3472
3.6164 -0.8198 -17.1838 -0.0207 0.9996 0.0172 0.6576 0.3472
3.8074 -0.7987 -18.1858 -0.0207 0.9996 0.0172 0.6668 0.3953
3.9372 -0.8534 -17.1845 0.0004 -0.0179 0.9998 0.9706 0.4092
3.6170 -0.8600 -17.1845 0.0004 -0.0179 0.9998 0.9705 0.4327
3.6164 -0.8198 -17.1838 0.0004 -0.0179 0.9998 0.9735 0.4327
3.9372 -0.8534 -17.1845 0.0004 -0.0179 0.9998 0.9706 0.4092
3.6164 -0.8198 -17.1838 0.0004 -0.0179 0.9998 0.9735 0.4327
3.9366 -0.8132 -17.1838 0.0004 -0.0179 0.9998 0.9736 0.4092
3.6170 -0.8600 -17.1845 0.0002 -0.0179 0.9998 0.9705 0.4327
2.9352 -0.8686 -17.1845 0.0002 -0.0179 0.9998 0.9707 0.4828
2.9346 -0.8284 -17.1838 0.0002 -0.0179 0.9998 0.9737 0.4828
3.6170 -0.8600 -17.1845 0.0002 -0.0179 0.9998 0.9705 0.4327
2.9346 -0.8284 -17.1838 0.0002 -0.0179 0.9998 0.9737 0.4828
3.6164 -0.8198 -17.1838 0.0002 -0.0179 0.9998 0.9735 0.4327
2.9352 -0.8686 -17.1845 -0.9999 -0.0166 -0.0003 0.9707 0.4828
2.9352 -0.8498 -18.1865 -0.9999 -0.0166 -0.0003 0.9708 0.5564
2.9346 -0.8096 -18.1858 -0.9999 -0.0166 -0.0003 0.9737 0.5564
2.9352 -0.8686 -17.1845 -0.9999 -0.0166 -0.0003 0.9707 0.4828
2.9346 -0.8096 -18.1858 -0.9999 -0.0166 -0.0003 0.9737 0.5564
2.9346 -0.8284 -17.1838 -0.9999 -0.0166 -0.0003 0.9737 0.4828
3.9372 -0.8362 -18.1865 0.9999 0.0166 0.0003 0.9741 0.4828
3.9372 -0.8534 -17.1845 0.9999 0.0166 0.0003 0.9742 0.5564
3.9366 -0.8132 -17.1838 0.9999 0.0166 0.0003 0.9772 0.5564
3.9372 -0.8362 -18.1865 0.9999 0.0166 0.0003 0.9741 0.4828
3.9366 -0.8132 -17.1838 0.9999 0.0166 0.0003 0.9772 0.5564
3.9366 -0.7960 -18.1858 0.9999 0.0166 0.0003 0.9771 0.4828
2.9352 -0.8498 -18.1865 -0.0002 0.0179 -0.9998 0.9744 0.4092
3.8081 -0.8389 -18.1865 -0.0002 0.0179 -0.9998 0.9741 0.4733
3.8074 -0.7987 -18.1858 -0.0002 0.0179 -0.9998 0.9771 0.4733
2.9352 -0.8498 -18.1865 -0.0002 0.0179 -0.9998 0.9744 0.4092
3.8074 -0.7987 -18.1858 -0.0002 0.0179 -0.9998 0.9771 0.4733
2.9346 -0.8096 -18.1858 -0.0002 0.0179 -0.9998 0.9773 0.4092
3.8081 -0.8389 -18.1865 -0.0004 0.0180 -0.9998 0.9741 0.4733
3.9372 -0.8362 -18.1865 -0.0004 0.0180 -0.9998 0.9741 0.4828
3.9366 -0.7960 -18.1858 -0.0004 0.0180 -0.9998 0.9771 0.4828
3.8081 -0.8389 -18.1865 -0.0004 0.0180 -0.9998 0.9741 0.4733
3.9366 -0.7960 -18.1858 -0.0004 0.0180 -0.9998 0.9771 0.4828
3.8074 -0.7987 -18.1858 -0.0004 0.0180 -0.9998 0.9771 0.4733
2 5 1
2 4 5
3 13 12
3 0 14
6 11 8
6 7 11
9 15 10
9 17 16
18 20 19
21 23 22
24 26 25
27 29 28
30 32 31
33 35 34
36 38 37
39 41 40
42 44 43
45 47 46
48 50 49
51 53 52
LABEL HoverDoorPA
MATERIAL 2
TEXTURE 2
FLAG 0
GEOM 54 20
-3.0768 -0.8534 -17.1845 -0.0207 -0.9996 -0.0172 0.4290 0.7580
-2.7566 -0.8600 -17.1845 -0.0207 -0.9996 -0.0172 0.4197 0.7580
-2.0748 -0.8686 -17.1845 -0.0125 -0.9997 -0.0187 0.4000 0.7580
-2.0748 -0.8498 -18.1865 -0.0125 -0.9997 -0.0187 0.4000 0.7870
-3.0768 -0.8362 -18.1865 -0.0207 -0.9996 -0.0172 0.4290 0.7870
-2.9476 -0.8389 -18.1865 -0.0207 -0.9996 -0.0172 0.4252 0.7870
-3.0761 -0.8134 -17.1838 0.0207 0.9996 0.0172 0.6219 0.3474
-2.7559 -0.8201 -17.1838 0.0207 0.9996 0.0172 0.6381 0.3474
-2.0741 -0.8286 -17.1838 0.0125 0.9997 0.0187 0.6726 0.3474
-3.0761 -0.7962 -18.1858 0.0207 0.9996 0.0172 0.6219 0.3981
-2.0741 -0.8098 -18.1858 0.0125 0.9997 0.0187 0.6726 0.3981
-2.9469 -0.7989 -18.1858 0.0207 0.9996 0.0172 0.6285 0.3981
-2.7566 -0.8600 -17.1845 -0.0125 -0.9997 -0.0187 0.4197 0.7580
-2.7566 -0.8600 -17.1845 -0.0125 -0.9997 -0.0187 0.4197 0.7580
-2.9476 -0.8389 -18.1865 -0.0125 -0.9997 -0.0187 0.4252 0.7870
-2.7559 -0.8201 -17.1838 0.0125 0.9997 0.0187 0.6381 0.3474
-2.9469 -0.7989 -18.1858 0.0125 0.9997 0.0187 0.6285 0.3981
-2.7559 -0.8201 -17.1838 0.0125 0.9997 0.0187 0.6381 0.3474
-2.9476 -0.8389 -18.1865 0.0002 0.0179 -0.9998 0.9790 0.4217
-2.0748 -0.8498 -18.1865 0.0002 0.0179 -0.9998 0.9792 0.4658
-2.0741 -0.8098 -18.1858 0.0002 0.0179 -0.9998 0.9812 0.4658
-2.9476 -0.8389 -18.1865 0.0002 0.0179 -0.9998 0.9790 0.4217
-2.0741 -0.8098 -18.1858 0.0002 0.0179 -0.9998 0.9812 0.4658
-2.9469 -0.7989 -18.1858 0.0002 0.0179 -0.9998 0.9810 0.4217
-2.0748 -0.8686 -17.1845 -0.0002 -0.0179 0.9998 0.9766 0.4151
-2.7566 -0.8600 -17.1845 -0.0002 -0.0179 0.9998 0.9765 0.4496
-2.7559 -0.8201 -17.1838 -0.0002 -0.0179 0.9998 0.9785 0.4496
-2.0748 -0.8686 -17.1845 -0.0002 -0.0179 0.9998 0.9766 0.4151
-2.7559 -0.8201 -17.1838 -0.0002 -0.0179 0.9998 0.9785 0.4496
-2.0741 -0.8286 -17.1838 -0.0002 -0.0179 0.9998 0.9787 0.4151
-3.0768 -0.8534 -17.1845 -0.9999 0.0166 0.0003 0.9790 0.3645
-3.0768 -0.8362 -18.1865 -0.9999 0.0166 0.0003 0.9790 0.4151
-3.0761 -0.7962 -18.1858 -0.9999 0.0166 0.0003 0.9810 0.4151
-3.0768 -0.8534 -17.1845 -0.9999 0.0166 0.0003 0.9790 0.3645
-3.0761 -0.7962 -18.1858 -0.9999 0.0166 0.0003 0.9810 0.4151
-3.0761 -0.8134 -17.1838 -0.9999 0.0166 0.0003 0.9811 0.3645
-2.0748 -0.8498 -18.1865 0.9999 -0.0166 -0.0003 0.9767 0.3645
-2.0748 -0.8686 -17.1845 0.9999 -0.0166 -0.0003 0.9766 0.4151
-2.0741 -0.8286 -17.1838 0.9999 -0.0166 -0.0003 0.9787 0.4151
-2.0748 -0.8498 -18.1865 0.9999 -0.0166 -0.0003 0.9767 0.3645
-2.0741 -0.8286 -17.1838 0.9999 -0.0166 -0.0003 0.9787 0.4151
-2.0741 -0.8098 -18.1858 0.9999 -0.0166 -0.0003 0.9787 0.3645
-3.0768 -0.8362 -18.1865 0.0004 0.0180 -0.9998 0.9790 0.4151
-2.9476 -0.8389 -18.1865 0.0004 0.0180 -0.9998 0.9790 0.4217
-2.9469 -0.7989 -18.1858 0.0004 0.0180 -0.9998 0.9810 0.4217
-3.0768 -0.8362 -18.1865 0.0004 0.0180 -0.9998 0.9790 0.4151
-2.9469 -0.7989 -18.1858 0.0004 0.0180 -0.9998 0.9810 0.4217
-3.0761 -0.7962 -18.1858 0.0004 0.0180 -0.9998 0.9810 0.4151
-2.7566 -0.8600 -17.1845 -0.0004 -0.0180 0.9998 0.9765 0.4496
-3.0768 -0.8534 -17.1845 -0.0004 -0.0180 0.9998 0.9766 0.4658
-3.0761 -0.8134 -17.1838 -0.0004 -0.0180 0.9998 0.9786 0.4658
-2.7566 -0.8600 -17.1845 -0.0004 -0.0180 0.9998 0.9765 0.4496
-3.0761 -0.8134 -17.1838 -0.0004 -0.0180 0.9998 0.9786 0.4658
-2.7559 -0.8201 -17.1838 -0.0004 -0.0180 0.9998 0.9785 0.4496
0 5 1
0 4 5
12 3 2
13 14 3
6 11 9
6 7 11
15 10 16
17 8 10
18 20 19
21 23 22
24 26 25
27 29 28
30 32 31
33 35 34
36 38 37
39 41 40
42 44 43
45 47 46
48 50 49
51 53 52
LABEL HoverDoorSF
MATERIAL 2
TEXTURE 2
FLAG 0
GEOM 72 32
0.4302 -1.3666 -8.1665 0.0017 -1.0000 0.0000 0.3243 0.4963
0.9312 -1.2629 -8.1665 0.2866 -0.9580 -0.0000 0.3094 0.4963
0.7804 -1.3080 -8.1665 0.2560 -0.9667 -0.0000 0.3140 0.4963
0.5946 -1.3509 -8.1665 0.1604 -0.9871 0.0000 0.3195 0.4963
0.9312 -1.2629 -7.1645 0.2866 -0.9580 -0.0000 0.3094 0.4673
0.9312 -1.2629 -7.6274 0.2866 -0.9580 -0.0000 0.3094 0.4807
0.7804 -1.3080 -7.1645 0.2560 -0.9667 -0.0000 0.3139 0.4673
0.5946 -1.3509 -7.1645 0.1604 -0.9871 0.0000 0.3195 0.4672
0.4302 -1.3666 -7.1645 0.0017 -1.0000 -0.0000 0.3243 0.4672
0.9312 -1.2228 -8.1665 -0.2866 0.9580 0.0000 0.9735 0.4657
0.7804 -1.2679 -8.1665 -0.2560 0.9667 0.0000 0.9794 0.4657
0.5946 -1.3109 -8.1665 -0.1604 0.9871 -0.0000 0.9864 0.4657
0.4302 -1.3265 -8.1665 -0.0949 0.9955 0.0000 0.9926 0.4657
0.9312 -1.2228 -7.6274 -0.2866 0.9580 0.0000 0.9735 0.4857
0.9312 -1.2228 -7.1645 -0.2866 0.9580 0.0000 0.9735 0.5030
0.7804 -1.2679 -7.1645 -0.2560 0.9667 0.0000 0.9794 0.5030
0.5946 -1.3109 -7.1645 -0.1604 0.9871 -0.0000 0.9864 0.5030
0.4302 -1.3265 -7.1645 -0.0949 0.9955 0.0000 0.9926 0.5030
0.4302 -1.3666 -8.1665 0.0000 0.0000 -1.0000 0.9892 0.5054
0.5946 -1.3509 -8.1665 0.0000 0.0000 -1.0000 0.9891 0.4992
0.5946 -1.3109 -8.1665 0.0000 0.0000 -1.0000 0.9876 0.4991
0.4302 -1.3666 -8.1665 0.0000 0.0000 -1.0000 0.9892 0.5054
0.5946 -1.3109 -8.1665 0.0000 0.0000 -1.0000 0.9876 0.4991
0.4302 -1.3265 -8.1665 0.0000 0.0000 -1.0000 0.9877 0.5053
0.5946 -1.3509 -7.1645 0.0000 0.0000 1.0000 0.9811 0.4620
0.4302 -1.3666 -7.1645 0.0000 0.0000 1.0000 0.9809 0.4682
0.4302 -1.3265 -7.1645 0.0000 0.0000 1.0000 0.9824 0.4681
0.5946 -1.3509 -7.1645 0.0000 0.0000 1.0000 0.9811 0.4620
0.4302 -1.3265 -7.1645 0.0000 0.0000 1.0000 0.9824 0.4681
0.5946 -1.3109 -7.1645 0.0000 0.0000 1.0000 0.9826 0.4619
0.7804 -1.3080 -8.1665 0.0000 0.0000 -1.0000 0.9879 0.4922
0.9312 -1.2629 -8.1665 0.0000 0.0000 -1.0000 0.9867 0.4865
0.9312 -1.2228 -8.1665 0.0000 0.0000 -1.0000 0.9852 0.4864
0.7804 -1.3080 -8.1665 0.0000 0.0000 -1.0000 0.9879 0.4922
0.9312 -1.2228 -8.1665 0.0000 0.0000 -1.0000 0.9852 0.4864
0.7804 -1.2679 -8.1665 0.0000 0.0000 -1.0000 0.9865 0.4921
0.9312 -1.2629 -7.1645 0.0000 0.0000 1.0000 0.9835 0.4493
0.7804 -1.3080 -7.1645 0.0000 0.0000 1.0000 0.9822 0.4550
0.7804 -1.2679 -7.1645 0.0000 0.0000 1.0000 0.9837 0.4549
0.9312 -1.2629 -7.1645 0.0000 0.0000 1.0000 0.9835 0.4493
0.7804 -1.2679 -7.1645 0.0000 0.0000 1.0000 0.9837 0.4549
0.9312 -1.2228 -7.1645 0.0000 0.0000 1.0000 0.9850 0.4492
0.4302 -1.3666 -7.1645 -0.9956 0.0932 0.0000 0.9809 0.4682
0.4302 -1.3666 -8.1665 -0.9956 0.0932 0.0000 0.9835 0.5054
0.4302 -1.3265 -8.1665 -1.0000 0.0000 0.0000 0.9850 0.5053
0.4302 -1.3666 -7.1645 -0.9956 0.0932 0.0000 0.9809 0.4682
0.4302 -1.3265 -8.1665 -1.0000 0.0000 0.0000 0.9850 0.5053
0.4302 -1.3265 -7.1645 -1.0000 0.0000 0.0000 0.9824 0.4681
0.9312 -1.2629 -8.1665 1.0000 0.0000 0.0000 0.9867 0.4865
0.9312 -1.2629 -7.6274 1.0000 0.0000 0.0000 0.9880 0.4665
0.9312 -1.2228 -7.6274 1.0000 0.0000 0.0000 0.9866 0.4664
0.9312 -1.2629 -8.1665 1.0000 0.0000 0.0000 0.9867 0.4865
0.9312 -1.2228 -7.6274 1.0000 0.0000 0.0000 0.9866 0.4664
0.9312 -1.2228 -8.1665 1.0000 0.0000 0.0000 0.9852 0.4864
0.5946 -1.3509 -8.1665 0.0000 0.0000 -1.0000 0.9891 0.4992
0.7804 -1.3080 -8.1665 0.0000 0.0000 -1.0000 0.9879 0.4922
0.7804 -1.2679 -8.1665 0.0000 0.0000 -1.0000 0.9865 0.4921
0.5946 -1.3509 -8.1665 0.0000 0.0000 -1.0000 0.9891 0.4992
0.7804 -1.2679 -8.1665 0.0000 0.0000 -1.0000 0.9865 0.4921
0.5946 -1.3109 -8.1665 0.0000 0.0000 -1.0000 0.9876 0.4991
0.7804 -1.3080 -7.1645 0.0000 0.0000 1.0000 0.9822 0.4550
0.5946 -1.3509 -7.1645 0.0000 0.0000 1.0000 0.9811 0.4620
0.5946 -1.3109 -7.1645 0.0000 0.0000 1.0000 0.9826 0.4619
0.7804 -1.3080 -7.1645 0.0000 0.0000 1.0000 0.9822 0.4550
0.5946 -1.3109 -7.1645 0.0000 0.0000 1.0000 0.9826 0.4619
0.7804 -1.2679 -7.1645 0.0000 0.0000 1.0000 0.9837 0.4549
0.9312 -1.2629 -7.6274 1.0000 0.0000 0.0000 0.9880 0.4665
0.9312 -1.2629 -7.1645 1.0000 0.0000 0.0000 0.9892 0.4493
0.9312 -1.2228 -7.1645 1.0000 0.0000 0.0000 0.9877 0.4492
0.9312 -1.2629 -7.6274 1.0000 0.0000 0.0000 0.9880 0.4665
0.9312 -1.2228 -7.1645 1.0000 0.0000 0.0000 0.9877 0.4492
0.9312 -1.2228 -7.6274 1.0000 0.0000 0.0000 0.9866 0.4664
5 2 1
2 4 6
2 5 4
2 7 3
2 6 7
3 8 0
3 7 8
10 13 9
13 15 14
13 10 15
10 16 15
10 11 16
11 17 16
11 12 17
18 20 19
21 23 22
24 26 25
27 29 28
30 32 31
33 35 34
36 38 37
39 41 40
42 44 43
45 47 46
48 50 49
51 53 52
54 56 55
57 59 58
60 62 61
63 65 64
66 68 67
69 71 70
LABEL HoverDoorPF
MATERIAL 2
TEXTURE 2
FLAG 0
GEOM 64 28
0.0801 -1.3080 -8.1665 -0.2560 -0.9667 0.0000 0.3291 0.4672
0.2658 -1.3509 -8.1665 -0.1604 -0.9871 0.0000 0.3346 0.4672
-0.0708 -1.2629 -8.1665 -0.2866 -0.9580 0.0000 0.3243 0.4672
0.4302 -1.3666 -8.1665 -0.0100 -0.9999 0.0000 0.3391 0.4672
-0.0708 -1.2629 -7.1645 -0.2866 -0.9580 0.0000 0.3243 0.4963
0.0801 -1.3080 -7.1645 -0.2560 -0.9667 0.0000 0.3291 0.4963
0.2658 -1.3509 -7.1645 -0.1604 -0.9871 0.0000 0.3347 0.4963
0.4302 -1.3666 -7.1645 -0.0100 -0.9999 -0.0000 0.3392 0.4963
-0.0708 -1.2228 -8.1665 0.2866 0.9580 0.0000 0.6447 0.3510
0.0801 -1.2679 -8.1665 0.2560 0.9667 0.0000 0.6391 0.3510
0.4302 -1.3265 -8.1665 0.0949 0.9955 0.0000 0.6266 0.3510
0.2658 -1.3109 -8.1665 0.1604 0.9871 0.0000 0.6324 0.3510
-0.0708 -1.2228 -7.1645 0.2866 0.9580 0.0000 0.6447 0.3864
0.0801 -1.2679 -7.1645 0.2560 0.9667 0.0000 0.6391 0.3864
0.2658 -1.3109 -7.1645 0.1604 0.9871 0.0000 0.6324 0.3864
0.4302 -1.3265 -7.1645 0.0949 0.9955 0.0000 0.6266 0.3864
0.0801 -1.3080 -7.1645 0.0000 0.0000 1.0000 0.9890 0.5548
-0.0708 -1.2629 -7.1645 0.0000 0.0000 1.0000 0.9877 0.5494
-0.0708 -1.2228 -7.1645 0.0000 0.0000 1.0000 0.9863 0.5493
0.0801 -1.3080 -7.1645 0.0000 0.0000 1.0000 0.9890 0.5548
-0.0708 -1.2228 -7.1645 0.0000 0.0000 1.0000 0.9863 0.5493
0.0801 -1.2679 -7.1645 0.0000 0.0000 1.0000 0.9876 0.5547
0.2658 -1.3509 -7.1645 0.0000 0.0000 1.0000 0.9900 0.5614
0.0801 -1.3080 -7.1645 0.0000 0.0000 1.0000 0.9890 0.5548
0.0801 -1.2679 -7.1645 0.0000 0.0000 1.0000 0.9876 0.5547
0.2658 -1.3509 -7.1645 0.0000 0.0000 1.0000 0.9900 0.5614
0.0801 -1.2679 -7.1645 0.0000 0.0000 1.0000 0.9876 0.5547
0.2658 -1.3109 -7.1645 0.0000 0.0000 1.0000 0.9886 0.5613
-0.0708 -1.2629 -8.1665 0.0000 0.0000 -1.0000 0.9837 0.5672
0.0801 -1.3080 -8.1665 0.0000 0.0000 -1.0000 0.9850 0.5617
0.0801 -1.2679 -8.1665 0.0000 0.0000 -1.0000 0.9835 0.5618
-0.0708 -1.2629 -8.1665 0.0000 0.0000 -1.0000 0.9837 0.5672
0.0801 -1.2679 -8.1665 0.0000 0.0000 -1.0000 0.9835 0.5618
-0.0708 -1.2228 -8.1665 0.0000 0.0000 -1.0000 0.9823 0.5673
-0.0708 -1.2629 -7.1645 -1.0000 0.0000 0.0000 0.9877 0.5494
-0.0708 -1.2629 -8.1665 -1.0000 0.0000 0.0000 0.9902 0.5141
-0.0708 -1.2228 -8.1665 -1.0000 0.0000 0.0000 0.9888 0.5140
-0.0708 -1.2629 -7.1645 -1.0000 0.0000 0.0000 0.9877 0.5494
-0.0708 -1.2228 -8.1665 -1.0000 0.0000 0.0000 0.9888 0.5140
-0.0708 -1.2228 -7.1645 -1.0000 0.0000 0.0000 0.9863 0.5493
0.4302 -1.3666 -7.1645 0.0000 0.0000 1.0000 0.9902 0.5673
0.2658 -1.3509 -7.1645 0.0000 0.0000 1.0000 0.9900 0.5614
0.2658 -1.3109 -7.1645 0.0000 0.0000 1.0000 0.9886 0.5613
0.4302 -1.3666 -7.1645 0.0000 0.0000 1.0000 0.9902 0.5673
0.2658 -1.3109 -7.1645 0.0000 0.0000 1.0000 0.9886 0.5613
0.4302 -1.3265 -7.1645 0.0000 0.0000 1.0000 0.9888 0.5672
0.2658 -1.3509 -8.1665 0.0000 0.0000 -1.0000 0.9860 0.5551
0.4302 -1.3666 -8.1665 0.0000 0.0000 -1.0000 0.9862 0.5493
0.4302 -1.3265 -8.1665 0.0000 0.0000 -1.0000 0.9848 0.5494
0.2658 -1.3509 -8.1665 0.0000 0.0000 -1.0000 0.9860 0.5551
0.4302 -1.3265 -8.1665 0.0000 0.0000 -1.0000 0.9848 0.5494
0.2658 -1.3109 -8.1665 0.0000 0.0000 -1.0000 0.9846 0.5552
0.4302 -1.3666 -8.1665 0.9964 0.0849 -0.0000 0.9862 0.5493
0.4302 -1.3666 -7.1645 0.9964 0.0849 0.0000 0.9837 0.5140
0.4302 -1.3265 -7.1645 1.0000 0.0000 0.0000 0.9823 0.5141
0.4302 -1.3666 -8.1665 0.9964 0.0849 -0.0000 0.9862 0.5493
0.4302 -1.3265 -7.1645 1.0000 0.0000 0.0000 0.9823 0.5141
0.4302 -1.3265 -8.1665 1.0000 0.0000 0.0000 0.9848 0.5494
0.0801 -1.3080 -8.1665 0.0000 0.0000 -1.0000 0.9850 0.5617
0.2658 -1.3509 -8.1665 0.0000 0.0000 -1.0000 0.9860 0.5551
0.2658 -1.3109 -8.1665 0.0000 0.0000 -1.0000 0.9846 0.5552
0.0801 -1.3080 -8.1665 0.0000 0.0000 -1.0000 0.9850 0.5617
0.2658 -1.3109 -8.1665 0.0000 0.0000 -1.0000 0.9846 0.5552
0.0801 -1.2679 -8.1665 0.0000 0.0000 -1.0000 0.9835 0.5618
3 6 1
3 7 6
1 5 0
1 6 5
4 0 5
4 2 0
10 14 15
10 11 14
11 13 14
11 9 13
12 9 8
12 13 9
16 18 17
19 21 20
22 24 23
25 27 26
28 30 29
31 33 32
34 36 35
37 39 38
40 42 41
43 45 44
46 48 47
49 51 50
52 54 53
55 57 56
58 60 59
61 63 62
LABEL ElevonSIT
MATERIAL 2
TEXTURE 2
FLAG 0
GEOM 43 18
-1.3674 0.1200 -1.3842 0.0830 0.9965 -0.0089 0.1089 0.0358
0.9754 -0.0704 -0.8579 0.0736 0.9972 -0.0162 0.0418 0.0496
-1.3987 0.1293 -0.6355 -0.9167 0.3797 0.1245 0.8411 0.3507
-1.2482 0.1231 0.0624 -0.9221 0.3300 0.2019 0.8762 0.3522
0.4942 -0.0181 0.5140 -0.2568 -0.0010 0.9665 0.8098 0.3555
1.5848 -0.0797 0.4850 0.9578 0.0209 0.2866 0.8762 0.3566
1.4950 -0.0502 0.7828 0.9578 0.0209 0.2866 0.8608 0.3570
-1.4153 0.0965 -0.6577 -0.9016 0.4309 0.0376 0.8400 0.3490
-1.2720 0.0576 0.0606 -0.9221 0.3300 0.2019 0.8761 0.3488
1.4956 -0.0722 0.7826 0.9578 0.0209 0.2866 0.8609 0.3560
0.4292 -0.0697 0.4963 -0.2502 0.0181 0.9680 0.8067 0.3528
1.4956 -0.0722 0.7826 -0.2595 -0.0090 0.9657 0.8609 0.3560
1.4956 -0.0722 0.7826 -0.2595 -0.0090 0.9657 0.8609 0.3560
1.4950 -0.0502 0.7828 -0.2595 -0.0090 0.9657 0.8608 0.3570
0.4942 -0.0181 0.5140 0.0700 0.9974 -0.0189 0.0537 0.0894
-1.2482 0.1231 0.0624 0.0830 0.9965 -0.0089 0.1053 0.0773
-1.2482 0.1231 0.0624 0.0830 0.9965 -0.0089 0.1053 0.0773
-1.3987 0.1293 -0.6355 0.0830 0.9965 -0.0089 0.1100 0.0574
-1.2482 0.1231 0.0624 0.0830 0.9965 -0.0089 0.1053 0.0773
1.5848 -0.0797 0.4850 0.0556 0.9980 -0.0299 0.0214 0.0883
1.4950 -0.0502 0.7828 0.0556 0.9980 -0.0299 0.0242 0.0971
0.4942 -0.0181 0.5140 0.0700 0.9974 -0.0189 0.0537 0.0894
1.5848 -0.0797 0.4850 0.0556 0.9980 -0.0299 0.0214 0.0883
0.4942 -0.0181 0.5140 0.0700 0.9974 -0.0189 0.0537 0.0894
-1.2720 0.0576 0.0606 -0.2476 0.0255 0.9685 0.7200 0.3537
-1.2482 0.1231 0.0624 -0.2476 0.0255 0.9685 0.7209 0.3570
-1.2720 0.0576 0.0606 -0.2476 0.0255 0.9685 0.7200 0.3537
-1.3674 0.1200 -1.3842 -0.8794 0.4741 -0.0427 0.8042 0.3522
1.5848 -0.0797 0.4850 -0.0086 -1.0000 0.0017 0.6325 0.4992
0.9754 -0.0704 -0.8579 -0.0481 -0.9986 -0.0206 0.6686 0.5325
0.4292 -0.0697 0.4963 -0.0422 -0.9990 -0.0173 0.6678 0.4839
1.5848 -0.0797 0.4850 -0.0086 -1.0000 0.0017 0.6325 0.4992
0.4292 -0.0697 0.4963 -0.0422 -0.9990 -0.0173 0.6678 0.4839
1.4956 -0.0722 0.7826 -0.0086 -1.0000 0.0017 0.6314 0.4889
0.4292 -0.0697 0.4963 -0.0422 -0.9990 -0.0173 0.6678 0.4839
0.9754 -0.0704 -0.8579 -0.0481 -0.9986 -0.0206 0.6686 0.5325
-1.3674 0.1200 -1.3842 -0.0707 -0.9969 -0.0334 0.7476 0.5182
-1.3674 0.1200 -1.3842 -0.0707 -0.9969 -0.0334 0.7476 0.5182
-1.4153 0.0965 -0.6577 -0.0707 -0.9969 -0.0334 0.7396 0.4953
-1.2720 0.0576 0.0606 -0.0707 -0.9969 -0.0334 0.7258 0.4752
-1.3674 0.1200 -1.3842 -0.0707 -0.9969 -0.0334 0.7476 0.5182
-1.2720 0.0576 0.0606 -0.0707 -0.9969 -0.0334 0.7258 0.4752
0.4292 -0.0697 0.4963 -0.0422 -0.9990 -0.0173 0.6678 0.4839
7 3 2
7 8 3
6 9 5
11 4 10
12 13 4
1 15 14
16 0 17
18 1 0
19 21 20
22 1 23
24 4 25
26 10 4
2 27 7
28 30 29
31 33 32
34 36 35
37 39 38
40 42 41
LABEL ElevonPIT
MATERIAL 2
TEXTURE 2
FLAG 0
GEOM 43 18
-0.9754 -0.0704 -0.8579 -0.0736 0.9972 -0.0162 0.2213 0.0492
1.2482 0.1231 0.0624 -0.0830 0.9965 -0.0089 0.1550 0.0775
1.3987 0.1293 -0.6355 -0.0830 0.9965 -0.0089 0.1505 0.0575
1.3674 0.1200 -1.3842 -0.0830 0.9965 -0.0089 0.1517 0.0359
-0.4942 -0.0181 0.5140 0.2568 -0.0010 0.9665 0.7809 0.3739
-1.5848 -0.0797 0.4850 -0.9578 0.0209 0.2866 0.7368 0.3747
-1.4950 -0.0502 0.7828 -0.9578 0.0209 0.2866 0.7470 0.3749
-0.4292 -0.0697 0.4963 0.2502 0.0181 0.9680 0.7829 0.3721
1.4153 0.0965 -0.6577 0.9016 0.4309 0.0376 0.8168 0.3696
-1.4956 -0.0722 0.7826 -0.9578 0.0209 0.2866 0.7469 0.3742
1.2720 0.0576 0.0606 0.9221 0.3300 0.2019 0.7928 0.3695
-1.4956 -0.0722 0.7826 0.2595 -0.0090 0.9657 0.7469 0.3742
-1.4950 -0.0502 0.7828 0.2595 -0.0090 0.9657 0.7470 0.3749
-1.4956 -0.0722 0.7826 0.2595 -0.0090 0.9657 0.7469 0.3742
-0.4942 -0.0181 0.5140 -0.0700 0.9974 -0.0189 0.2066 0.0900
1.2482 0.1231 0.0624 0.9221 0.3300 0.2019 0.7927 0.3718
1.2482 0.1231 0.0624 0.9221 0.3300 0.2019 0.7927 0.3718
1.3987 0.1293 -0.6355 0.9167 0.3797 0.1245 0.8160 0.3708
-1.5848 -0.0797 0.4850 -0.0556 0.9980 -0.0299 0.2389 0.0891
-0.4942 -0.0181 0.5140 -0.0700 0.9974 -0.0189 0.2066 0.0900
-1.5848 -0.0797 0.4850 -0.0556 0.9980 -0.0299 0.2389 0.0891
-0.4942 -0.0181 0.5140 -0.0700 0.9974 -0.0189 0.2066 0.0900
-1.4950 -0.0502 0.7828 -0.0556 0.9980 -0.0299 0.2360 0.0979
1.2720 0.0576 0.0606 0.2476 0.0255 0.9685 0.8405 0.3728
1.2720 0.0576 0.0606 0.2476 0.0255 0.9685 0.8405 0.3728
1.2482 0.1231 0.0624 0.2476 0.0255 0.9685 0.8398 0.3749
1.3674 0.1200 -1.3842 0.8794 0.4741 -0.0427 0.8405 0.3718
1.3987 0.1293 -0.6355 0.9167 0.3797 0.1245 0.8160 0.3708
1.4153 0.0965 -0.6577 0.0707 -0.9969 -0.0334 0.6188 0.5050
1.3674 0.1200 -1.3842 0.0707 -0.9969 -0.0334 0.6160 0.5307
-0.9754 -0.0704 -0.8579 0.0481 -0.9986 -0.0206 0.7013 0.5265
-0.9754 -0.0704 -0.8579 0.0481 -0.9986 -0.0206 0.7013 0.5265
-0.4292 -0.0697 0.4963 0.0422 -0.9990 -0.0173 0.6904 0.4759
1.2720 0.0576 0.0606 0.0707 -0.9969 -0.0334 0.6282 0.4808
-0.9754 -0.0704 -0.8579 0.0481 -0.9986 -0.0206 0.7013 0.5265
1.2720 0.0576 0.0606 0.0707 -0.9969 -0.0334 0.6282 0.4808
1.4153 0.0965 -0.6577 0.0707 -0.9969 -0.0334 0.6188 0.5050
-0.9754 -0.0704 -0.8579 0.0481 -0.9986 -0.0206 0.7013 0.5265
-1.5848 -0.0797 0.4850 0.0086 -1.0000 0.0017 0.7307 0.4833
-1.4956 -0.0722 0.7826 0.0086 -1.0000 0.0017 0.7294 0.4723
-0.9754 -0.0704 -0.8579 0.0481 -0.9986 -0.0206 0.7013 0.5265
-1.4956 -0.0722 0.7826 0.0086 -1.0000 0.0017 0.7294 0.4723
-0.4292 -0.0697 0.4963 0.0422 -0.9990 -0.0173 0.6904 0.4759
6 5 9
11 4 12
13 7 4
1 0 14
0 2 3
0 1 2
8 15 10
8 17 16
18 19 0
20 22 21
23 4 7
24 25 4
26 27 8
28 30 29
31 33 32
34 36 35
37 39 38
40 42 41
LABEL Body
MATERIAL 2
TEXTURE 2
FLAG 0
GEOM 1422 1372
-3.5070 -0.0398 -12.4141 0.0000 -1.0000 0.0000 0.7756 0.5398
-3.5070 -0.0398 -11.4121 0.0000 -1.0000 0.0000 0.8046 0.5402
-2.5050 -0.0398 -12.4141 0.0000 -1.0000 0.0000 0.7760 0.5108
-2.5050 -0.0398 -11.4121 0.0000 -1.0000 0.0000 0.8050 0.5112
-0.5010 -0.4274 -2.3941 1.0000 0.0000 0.0000 0.8297 0.5504
-0.5010 -0.4274 -1.3921 1.0000 0.0000 0.0000 0.8297 0.5214
-0.0099 -0.2219 13.1935 -0.6057 0.7954 0.0205 0.1291 0.9647
-0.8605 0.4952 4.7980 -0.6766 0.7355 0.0346 0.1523 0.7072
-1.0734 0.2962 4.7980 -0.6197 0.7843 0.0285 0.1607 0.7075
-1.3296 0.1226 4.7980 -0.4765 0.8790 0.0194 0.1697 0.7077
-1.6185 -0.0001 4.7980 -0.2573 0.9663 0.0093 0.1788 0.7078
-1.9750 -0.0467 4.7980 -0.2268 -0.9739 0.0068 0.3834 0.2876
-1.6548 -0.1232 4.7980 -0.2519 -0.9677 0.0082 0.3738 0.2876
-1.3513 -0.2095 4.7980 -0.2903 -0.9569 0.0091 0.3647 0.2876
-1.0669 -0.2996 4.7980 -0.3117 -0.9501 0.0084 0.3560 0.2876
-0.8036 -0.3871 4.7980 -0.3165 -0.9486 0.0074 0.3480 0.2877
-0.5640 -0.4660 4.7980 -0.3024 -0.9532 0.0061 0.3406 0.2877
-0.3502 -0.5299 4.7980 -0.2932 -0.9560 0.0056 0.3341 0.2877
-0.2606 0.9862 -1.8551 -0.3520 0.9360 0.0000 0.1361 0.5156
-0.4707 0.8661 -1.8551 -0.5870 0.8096 0.0000 0.1430 0.5157
-0.6784 0.6937 -1.8551 -0.6764 0.7365 0.0000 0.1508 0.5159
-0.8828 0.4952 -1.8551 -0.6925 0.7214 0.0009 0.1589 0.5160
-1.0903 0.2962 -1.8551 -0.6367 0.7711 0.0007 0.1672 0.5162
-1.3296 0.1226 -1.8551 -0.4887 0.8725 0.0002 0.1757 0.5163
-1.6185 -0.0001 -1.8551 -0.2627 0.9649 0.0000 0.1848 0.5165
-1.9750 -0.0467 -1.8551 -0.2324 -0.9726 0.0000 0.3838 0.4805
-1.6548 -0.1232 -1.8551 -0.2531 -0.9674 0.0000 0.3743 0.4806
-1.3513 -0.2095 -1.8551 -0.2878 -0.9577 0.0000 0.3651 0.4806
-1.0669 -0.2996 -1.8551 -0.3087 -0.9512 0.0000 0.3565 0.4806
-0.8036 -0.3871 -1.8551 -0.3140 -0.9494 0.0000 0.3484 0.4806
-0.5640 -0.4660 -1.8551 -0.2996 -0.9541 -0.0000 0.3411 0.4806
-0.4452 -0.4647 7.5683 -0.3220 -0.9467 0.0063 0.3372 0.2072
-1.1918 -0.2083 7.5683 -0.3111 -0.9503 0.0086 0.3601 0.2071
-1.4511 -0.1220 7.5683 -0.2881 -0.9575 0.0154 0.3680 0.2071
-1.3921 -0.0045 7.5683 -0.2066 0.9771 0.0508 0.1748 0.7906
-0.5168 0.5456 7.4796 -0.7192 0.6872 0.1027 0.1437 0.7894
-0.7899 0.2753 7.4879 -0.6153 0.7822 0.0977 0.1547 0.7891
-1.0791 0.0945 7.5320 -0.4248 0.9016 0.0814 0.1649 0.7900
-1.7405 -0.0455 7.5683 -0.2681 -0.9631 0.0246 0.3768 0.2071
-0.9141 -0.2984 7.5683 -0.3334 -0.9428 0.0069 0.3516 0.2072
-0.6916 -0.3859 7.5683 -0.3295 -0.9441 0.0067 0.3447 0.2072
-0.2721 -0.5287 7.5683 -0.3065 -0.9519 0.0045 0.3318 0.2073
-0.1271 -0.5716 7.5683 -0.1970 -0.9804 0.0018 0.3274 0.2073
-1.5114 0.0005 6.1715 -0.2443 0.9694 0.0234 0.1758 0.7480
-1.2722 -0.2089 6.1715 -0.2995 -0.9539 0.0187 0.3625 0.2477
-1.5538 -0.1226 6.1715 -0.2555 -0.9666 0.0185 0.3710 0.2477
-0.5051 -0.4654 6.1715 -0.3113 -0.9502 0.0124 0.3390 0.2478
-0.7481 -0.3865 6.1715 -0.3242 -0.9459 0.0150 0.3464 0.2478
-1.9088 -0.0461 6.1715 -0.1196 0.9928 0.0093 0.1877 0.7476
-0.1459 -0.5722 6.1715 -0.1812 -0.9834 0.0034 0.3281 0.2478
-0.3114 -0.5293 6.1715 -0.2841 -0.9588 0.0087 0.3331 0.2478
-0.9487 0.2968 6.1715 -0.6029 0.7949 0.0678 0.1566 0.7482
-1.2188 0.1233 6.1715 -0.4541 0.8896 0.0490 0.1662 0.7482
-0.9911 -0.2990 6.1715 -0.3221 -0.9466 0.0171 0.3539 0.2477
-0.7161 0.4958 6.1715 -0.6632 0.7447 0.0746 0.1473 0.7481
-0.4452 -0.4647 8.3309 -0.3312 -0.9436 0.0033 0.3371 0.1851
-1.1918 -0.2083 8.3309 -0.3364 -0.9414 0.0248 0.3600 0.1849
-1.4511 -0.1220 8.3309 -0.3213 -0.9462 0.0386 0.3679 0.1849
-1.2972 -0.0470 8.3309 -0.1652 0.9848 0.0533 0.1732 0.8141
-0.4898 0.4421 8.2621 -0.6909 0.7126 0.1220 0.1450 0.8114
-0.7079 0.2250 8.3051 -0.6202 0.7756 0.1170 0.1537 0.8131
-0.9601 0.0532 8.3309 -0.4088 0.9074 0.0970 0.1626 0.8142
-1.6219 -0.0624 8.3309 -0.0691 0.9971 0.0329 0.1832 0.8138
-0.9141 -0.3043 8.3309 -0.3458 -0.9382 0.0123 0.3514 0.1850
-0.6916 -0.3859 8.3309 -0.3338 -0.9426 0.0066 0.3445 0.1851
-0.2721 -0.5287 8.3309 -0.3186 -0.9479 0.0008 0.3317 0.1852
-0.1271 -0.5716 8.3309 -0.2038 -0.9790 0.0000 0.3273 0.1852
-0.4316 -0.4647 9.0525 -0.3521 -0.9356 0.0270 0.3365 0.1643
-1.0967 -0.2083 9.0525 -0.3832 -0.9212 0.0667 0.3571 0.1640
-1.2848 -0.1220 9.0525 -0.3583 -0.9308 0.0719 0.3631 0.1639
-1.1706 -0.0470 9.0525 -0.1384 0.9890 0.0519 0.1692 0.8362
-0.3847 0.3956 9.0525 -0.5896 0.7934 0.1513 0.1409 0.8341
-0.3115 0.4351 9.0525 -0.4121 0.8977 0.1562 0.1383 0.8338
-0.2005 0.4758 9.0525 -0.2346 0.9598 0.1540 0.1346 0.8335
-0.4890 0.3115 9.0525 -0.6830 0.7170 0.1391 0.1450 0.8346
-0.6346 0.1700 9.0525 -0.6132 0.7787 0.1331 0.1511 0.8353
-0.8643 0.0139 9.0525 -0.3717 0.9229 0.1001 0.1596 0.8360
-1.4540 -0.0624 9.0525 -0.0627 0.9976 0.0287 0.1781 0.8364
-0.8632 -0.3043 9.0525 -0.3741 -0.9261 0.0502 0.3498 0.1641
-0.6611 -0.3859 9.0525 -0.3562 -0.9337 0.0378 0.3435 0.1642
-0.2721 -0.5287 9.0525 -0.3253 -0.9453 0.0230 0.3316 0.1644
-0.1271 -0.5716 9.0525 -0.1987 -0.9798 0.0235 0.3272 0.1644
-0.3801 -0.4336 10.1153 -0.3776 -0.9231 0.0723 0.3348 0.1338
-0.8325 -0.2296 10.1153 -0.4096 -0.9081 0.0870 0.3491 0.1333
-0.9691 -0.1621 10.1153 -0.3916 -0.9164 0.0828 0.3535 0.1332
-0.9231 -0.0781 10.1153 -0.1168 0.9896 0.0835 0.1606 0.8692
-0.3426 0.2266 10.1153 -0.6283 0.7584 0.1732 0.1395 0.8675
-0.2550 0.2855 10.1153 -0.5092 0.8436 0.1702 0.1362 0.8672
-0.1465 0.3319 10.1153 -0.2656 0.9494 0.1677 0.1326 0.8670
-0.4214 0.1465 10.1153 -0.6620 0.7293 0.1732 0.1430 0.8680
-0.5302 0.0367 10.1153 -0.5486 0.8202 0.1623 0.1477 0.8686
-0.7193 -0.0500 10.1153 -0.2907 0.9489 0.1227 0.1542 0.8690
-1.1399 -0.1026 10.1153 -0.3482 -0.9348 0.0699 0.3587 0.1330
-0.6647 -0.3043 10.1153 -0.3962 -0.9145 0.0817 0.3438 0.1335
-0.5021 -0.3802 10.1153 -0.3833 -0.9204 0.0771 0.3386 0.1337
-0.2721 -0.4806 10.1153 -0.3309 -0.9411 0.0700 0.3314 0.1339
-0.1271 -0.5207 10.1153 -0.1912 -0.9791 0.0690 0.3271 0.1340
-0.2547 -0.3329 11.5620 -0.3753 -0.9211 0.1034 0.3310 0.0921
-0.4465 -0.2575 11.5620 -0.3924 -0.9143 0.1008 0.3369 0.0919
-0.5056 -0.2328 11.5620 -0.4126 -0.9048 0.1056 0.3388 0.0918
-0.5070 -0.1855 11.5620 -0.0793 0.9941 0.0745 0.1467 0.9140
-0.2250 -0.0725 11.5620 -0.6724 0.7171 0.1834 0.1371 0.9132
-0.1616 0.0075 11.5620 -0.6251 0.7577 0.1872 0.1340 0.9127
-0.0878 0.0629 11.5620 -0.3224 0.9265 0.1939 0.1312 0.9124
-0.2907 -0.1239 11.5620 -0.5761 0.7989 0.1729 0.1396 0.9135
-0.3615 -0.1641 11.5620 -0.3956 0.9074 0.1417 0.1421 0.9138
-0.4349 -0.1773 11.5620 -0.1961 0.9749 0.1049 0.1444 0.9139
-0.5957 -0.1860 11.5620 -0.0517 0.9963 0.0691 0.1494 0.9141
-0.3921 -0.2799 11.5620 -0.3799 -0.9196 0.0998 0.3352 0.0919
-0.3178 -0.3079 11.5620 -0.3728 -0.9224 0.1008 0.3330 0.0920
-0.1631 -0.3700 11.5620 -0.3267 -0.9396 0.1019 0.3282 0.0922
-0.0738 -0.3966 11.5620 -0.1894 -0.9771 0.0972 0.3255 0.0923
-0.1151 -0.2797 12.4768 -0.3895 -0.9158 0.0986 0.3267 0.0656
-0.2062 -0.2460 12.4768 -0.4040 -0.9081 0.1104 0.3296 0.0655
-0.2343 -0.2349 12.4768 -0.4404 -0.8889 0.1263 0.3304 0.0655
-0.2350 -0.2138 12.4768 -0.0670 0.9965 0.0501 0.1369 0.9420
-0.1010 -0.1741 12.4768 -0.6717 0.7249 0.1527 0.1325 0.9417
-0.0709 -0.1384 12.4768 -0.6568 0.7363 0.1626 0.1310 0.9415
-0.0358 -0.1172 12.4768 -0.3604 0.9168 0.1723 0.1297 0.9414
-0.1322 -0.1953 12.4768 -0.4754 0.8696 0.1336 0.1337 0.9419
-0.1658 -0.2042 12.4768 -0.2763 0.9559 0.0993 0.1347 0.9419
-0.2007 -0.2101 12.4768 -0.1394 0.9878 0.0695 0.1358 0.9420
-0.2771 -0.2140 12.4768 -0.4887 -0.8608 0.1421 0.3318 0.0655
-0.1804 -0.2560 12.4768 -0.3995 -0.9104 0.1079 0.3288 0.0656
-0.1451 -0.2685 12.4768 -0.3734 -0.9225 0.0975 0.3277 0.0656
-0.0716 -0.2962 12.4768 -0.3276 -0.9404 0.0911 0.3254 0.0657
-0.0291 -0.3081 12.4768 -0.2020 -0.9756 0.0856 0.3241 0.0657
-0.0147 -0.2588 13.1935 -0.6073 -0.7940 0.0264 0.3237 0.0445
-0.0241 -0.2431 13.1935 -0.5310 -0.8352 0.1430 0.3242 0.0444
-0.0239 -0.2343 13.1935 -0.1876 0.9795 0.0728 0.1297 0.9647
-0.0165 -0.2291 13.1935 -0.6587 0.7521 0.0191 0.1294 0.9647
-0.0241 -0.2357 13.1935 -0.0377 0.9984 0.0417 0.1298 0.9647
-0.0217 -0.2505 13.1935 -0.4897 -0.8647 0.1115 0.3240 0.0445
-0.2606 0.9862 -2.9055 -0.3505 0.9366 0.0006 0.1363 0.4856
-0.4707 0.8661 -2.9055 -0.5930 0.8052 0.0006 0.1433 0.4856
-0.6784 0.6937 -2.9055 -0.6849 0.7287 -0.0007 0.1510 0.4857
-0.8828 0.4952 -2.9055 -0.6812 0.7321 0.0005 0.1592 0.4858
-1.0903 0.2962 -2.9055 -0.5967 0.8024 0.0072 0.1675 0.4859
-1.3296 0.1226 -2.9055 -0.4589 0.8883 0.0156 0.1761 0.4860
-1.6185 -0.0001 -2.9055 -0.2636 0.9639 0.0378 0.1851 0.4861
-1.9750 -0.0467 -2.9055 -0.1674 0.9826 0.0805 0.1955 0.4860
-1.6548 -0.1232 -2.9055 -0.2102 -0.9776 0.0094 0.3743 0.5110
-1.3513 -0.2095 -2.9055 -0.2788 -0.9603 0.0039 0.3652 0.5111
-1.0669 -0.2996 -2.9055 -0.3021 -0.9533 0.0021 0.3565 0.5111
-0.8036 -0.3871 -2.9055 -0.3097 -0.9508 0.0009 0.3485 0.5111
-0.5640 -0.4660 -2.9055 -0.2975 -0.9547 0.0002 0.3412 0.5111
-0.3502 -0.5299 -2.9055 -0.2560 -0.9667 -0.0000 0.3347 0.5111
-0.1644 -0.5729 -2.9055 -0.1604 -0.9871 0.0000 0.3292 0.5111
-0.2606 0.9940 -8.7039 -0.3525 0.9358 -0.0058 0.1369 0.3189
-0.5019 0.8469 -8.7039 -0.6330 0.7741 -0.0060 0.1450 0.3189
-0.7421 0.6019 -8.7039 -0.7362 0.6767 -0.0078 0.1549 0.3189
-0.9398 0.4178 -8.7039 -0.5314 0.8471 -0.0042 0.1627 0.3189
-1.2531 0.2596 -8.7039 -0.3084 0.9512 0.0030 0.1727 0.3189
-1.6960 0.2081 -8.7039 -0.0895 0.9959 0.0111 0.1855 0.3189
-3.7337 0.1702 -8.7039 -0.0186 0.9997 0.0185 0.2446 0.3194
-3.8321 -0.1151 -8.7039 -0.9516 0.3070 0.0150 0.2533 0.3197
-1.8046 -0.1571 -8.7039 -0.1257 -0.9920 0.0123 0.3787 0.6794
-1.4277 -0.2350 -8.7039 -0.2350 -0.9720 0.0075 0.3675 0.6794
-1.0669 -0.3222 -8.7039 -0.2687 -0.9632 0.0042 0.3568 0.6795
-0.8008 -0.3984 -8.7039 -0.2858 -0.9583 0.0018 0.3487 0.6795
-0.5640 -0.4660 -8.7039 -0.2858 -0.9583 0.0004 0.3416 0.6795
-0.3502 -0.5299 -8.7039 -0.2560 -0.9667 0.0000 0.3351 0.6795
-0.1644 -0.5729 -8.7039 -0.1386 -0.9903 0.0000 0.3295 0.6795
-0.3502 -0.5299 -5.5010 -0.2560 -0.9667 0.0000 0.3349 0.5865
-0.5640 -0.4660 -5.5010 -0.2906 -0.9568 0.0004 0.3413 0.5864
-1.3855 -0.2209 -5.5010 -0.2525 -0.9676 0.0077 0.3662 0.5864
-1.7219 -0.1384 -5.5010 -0.1463 -0.9891 0.0157 0.3763 0.5864
-1.4936 0.1609 -5.5010 -0.2008 0.9791 0.0311 0.1799 0.4110
-1.1632 0.2798 -5.5010 -0.4618 0.8869 0.0112 0.1698 0.4110
-0.4920 0.8527 -5.5010 -0.6125 0.7905 0.0007 0.1443 0.4109
-0.2606 0.9897 -5.5010 -0.3478 0.9376 0.0011 0.1366 0.4109
-0.1644 -0.5729 -5.5010 -0.1604 -0.9871 0.0000 0.3293 0.5865
-1.0669 -0.3097 -5.5010 -0.2821 -0.9594 0.0042 0.3566 0.5864
-3.6816 0.0761 -6.1501 -0.0701 0.9961 0.0543 0.2413 0.3914
-0.7129 0.6528 -5.5010 -0.7139 0.7003 -0.0029 0.1529 0.4109
-0.9083 0.4605 -5.5010 -0.6260 0.7798 -0.0007 0.1608 0.4110
-0.8024 -0.3922 -5.5010 -0.2956 -0.9553 0.0018 0.3486 0.5864
-3.6980 -0.0447 -5.5010 -0.9473 0.3186 0.0320 0.2432 0.4098
-0.2388 0.9229 -14.5259 -0.3689 0.9282 -0.0486 0.1369 0.1522
-0.4883 0.7673 -14.5259 -0.6569 0.7523 -0.0509 0.1453 0.1520
-0.6856 0.5623 -14.5259 -0.7389 0.6715 -0.0549 0.1535 0.1518
-0.9454 0.3641 -14.5259 -0.4534 0.8904 -0.0393 0.1629 0.1515
-1.2503 0.2567 -14.5259 -0.2213 0.9750 -0.0173 0.1722 0.1514
-1.6960 0.2194 -14.5259 -0.0629 0.9980 -0.0087 0.1851 0.1513
-3.7331 0.1702 -14.5259 -0.0284 0.9995 -0.0157 0.2433 0.1517
-3.7805 -0.0161 -14.5259 -0.9611 0.2715 -0.0506 0.2489 0.1514
-1.3241 -0.0469 -14.5259 -0.1151 -0.9917 -0.0576 0.3666 0.8484
-1.1224 -0.1007 -14.5259 -0.3151 -0.9443 -0.0947 0.3606 0.8483
-0.9081 -0.1960 -14.5259 -0.4096 -0.9070 -0.0982 0.3538 0.8481
-0.7113 -0.3007 -14.5259 -0.4682 -0.8790 -0.0903 0.3474 0.8479
-0.5355 -0.4090 -14.5259 -0.4764 -0.8754 -0.0820 0.3415 0.8476
-0.3461 -0.5137 -14.5259 -0.3761 -0.9234 -0.0770 0.3353 0.8474
-0.1644 -0.5729 -14.5259 -0.2065 -0.9755 -0.0759 0.3298 0.8473
-0.1077 0.6014 -18.5862 -0.3734 0.9190 -0.1268 0.1335 0.0359
-0.1952 0.5408 -18.5862 -0.7153 0.6855 -0.1354 0.1366 0.0357
-0.2875 0.4095 -18.5862 -0.8319 0.5357 -0.1450 0.1412 0.0351
-0.3130 0.3678 -18.5862 -0.8913 0.4125 -0.1880 0.1426 0.0350
-0.3345 0.2932 -18.5868 -0.9336 0.2708 -0.2348 0.1447 0.0345
-3.5292 0.0770 -16.6722 -0.0341 0.9988 -0.0340 0.2389 0.0891
-0.3155 0.2435 -18.5862 -0.7579 -0.6110 -0.2287 0.3365 0.9651
-0.2714 0.1841 -18.5862 -0.7490 -0.6247 -0.2208 0.3344 0.9646
-0.2217 0.1180 -18.5862 -0.5699 -0.7912 -0.2218 0.3321 0.9641
-0.1500 0.0790 -18.5862 -0.4137 -0.8824 -0.2241 0.3298 0.9639
-0.0823 0.0450 -18.5862 -0.2541 -0.9400 -0.2274 0.3277 0.9636
-0.0583 0.4092 -19.6075 -0.6894 0.6478 -0.3241 0.1326 0.0065
-0.5770 0.2767 -18.5413 0.0518 -0.9951 -0.0842 0.3446 0.9643
-2.4385 0.1386 -16.6431 -0.0574 0.9981 -0.0221 0.2066 0.0900
-0.6485 0.1488 -17.0984 -0.3478 -0.9262 -0.1457 0.3466 0.9229
-2.3086 0.0353 -16.6786 0.0128 -0.9987 -0.0484 0.3938 0.9098
-0.6962 0.2798 -17.0947 -0.3962 0.9161 -0.0610 0.1550 0.0775
-0.5457 0.2860 -17.7926 -0.7688 0.6187 -0.1617 0.1505 0.0575
-3.4394 0.1065 -16.3743 -0.0341 0.9988 -0.0340 0.2360 0.0979
-0.5125 0.2204 -17.8370 -0.4719 -0.8654 -0.1684 0.3428 0.9436
-3.4405 0.0626 -16.3747 -0.0191 -0.9991 -0.0373 0.4272 0.9025
-2.8322 -0.1212 -9.5523 -0.0192 -0.9997 -0.0182 0.4087 0.7039
-1.2025 -0.2894 -8.7039 -0.2507 -0.9680 0.0057 0.3608 0.6795
-1.2022 -0.2626 -9.5518 -0.3148 -0.9486 -0.0338 0.3611 0.7041
-0.1602 -0.5727 5.1101 -0.1721 -0.9851 0.0033 0.3285 0.2786
-0.3413 -0.5298 5.1103 -0.2802 -0.9599 0.0092 0.3339 0.2786
-0.3502 -0.5299 2.8555 -0.2662 -0.9639 0.0000 0.3343 0.3441
-0.1644 -0.5729 2.8555 -0.1604 -0.9871 0.0000 0.3288 0.3441
-0.3502 0.1714 4.7980 0.9999 0.0000 -0.0141 0.8809 0.4893
-1.3832 -0.2154 -9.5519 -0.2692 -0.9625 -0.0348 0.3665 0.7041
-0.1602 0.1287 5.1101 -0.0005 0.0000 -1.0000 0.8757 0.4797
-0.3413 0.1716 5.1103 0.9996 0.0000 -0.0282 0.8812 0.4804
-0.3502 0.1714 2.8555 1.0000 0.0000 0.0000 0.8816 0.5454
-0.1644 0.1285 2.8555 0.0000 0.0000 1.0000 0.8760 0.5461
-1.0437 -0.3038 -9.5518 -0.3463 -0.9376 -0.0299 0.3563 0.7041
-1.7346 -0.1410 -9.5520 -0.1172 -0.9927 -0.0278 0.3769 0.7041
-2.8322 -0.1358 -8.7039 -0.0295 -0.9996 0.0043 0.4086 0.6793
-1.8046 0.1148 -8.7039 0.0000 0.0000 -1.0000 0.9611 0.5356
-1.4277 0.0370 -8.7039 0.0000 0.0000 -1.0000 0.9615 0.5247
-1.0669 -0.0503 -8.7039 0.0000 -0.0000 -1.0000 0.9618 0.5140
-2.8322 0.1507 -9.5523 1.0000 0.0000 0.0000 0.9367 0.5652
-1.2025 -0.0175 -8.7039 0.0000 0.0000 -1.0000 0.9617 0.5180
-1.2022 0.0094 -9.5518 -0.0003 0.0000 1.0000 0.9373 0.5181
-1.3832 0.0565 -9.5519 -0.0003 0.0000 1.0000 0.9374 0.5234
-1.0437 -0.0319 -9.5518 -0.0007 -0.0004 1.0000 0.9372 0.5134
-1.7346 0.1309 -9.5520 -0.0003 0.0000 1.0000 0.9377 0.5335
-2.8322 0.1361 -8.7039 1.0000 0.0000 0.0000 0.9621 0.5651
-0.3496 -0.5276 -9.5509 -0.3378 -0.9412 -0.0042 0.3351 0.7041
-0.7878 -0.3842 -9.5514 -0.3943 -0.9187 -0.0211 0.3485 0.7041
-0.1644 -0.5729 -9.5507 -0.1551 -0.9879 -0.0005 0.3296 0.7041
-0.5598 -0.4577 -9.5512 -0.4053 -0.9141 -0.0116 0.3416 0.7041
0.0963 1.0318 6.7410 0.1923 0.9813 0.0095 0.1252 0.5168
0.1819 1.0075 6.7408 0.4154 0.9094 0.0189 0.1221 0.5168
-0.1644 0.3831 -8.7039 -1.0000 0.0000 0.0000 0.9616 0.4786
-0.1644 0.3831 -9.5507 -1.0000 0.0000 0.0000 0.9371 0.4787
-0.6529 0.4950 6.7474 -0.7197 0.6882 0.0919 0.1453 0.7657
-0.9299 0.3831 -8.7039 0.0000 -1.0000 0.0000 0.9617 0.5008
-0.9299 0.3831 -9.5507 0.0000 -1.0000 0.0000 0.9372 0.5009
0.0935 1.0310 6.8950 0.1894 0.9818 0.0094 0.1253 0.5220
-0.3358 0.5998 8.3143 -0.5822 0.6206 0.5252 0.1389 0.8123
-0.0447 0.8853 8.3356 -0.6962 0.4949 0.5201 0.1295 0.8114
-0.4146 0.5225 8.3087 -0.6392 0.7222 0.2642 0.1418 0.8125
0.1764 1.0063 6.8935 0.4090 0.9124 0.0187 0.1223 0.5219
0.3055 0.9106 6.7405 0.7255 0.6858 0.0583 0.1168 0.5168
0.3539 0.8614 6.7403 0.7286 0.6819 0.0641 0.1144 0.5168
-0.3314 0.5603 8.3578 -0.5290 0.7668 0.3636 0.1394 0.8137
-0.0261 0.8596 8.3764 -0.7889 0.4555 0.4124 0.1294 0.8126
-0.4126 0.5142 8.3574 -0.6144 0.7601 0.2117 0.1418 0.8138
-0.0317 0.5731 8.7649 -0.3237 0.9176 0.2309 0.1305 0.8242
-0.3970 0.4477 8.7472 -0.5894 0.7935 0.1518 0.1414 0.8249
-0.3196 0.4896 8.7557 -0.3722 0.9127 0.1685 0.1389 0.8248
-0.1259 0.5345 8.7780 -0.3184 0.9212 0.2236 0.1332 0.8250
-0.3274 0.5363 8.4927 -0.4403 0.8817 0.1693 0.1392 0.8174
-0.0398 0.3742 -19.6075 -0.6201 -0.7252 -0.2993 0.3265 0.9926
-0.8693 0.2861 6.8297 -0.6059 0.7915 0.0803 0.1551 0.7682
-0.3323 0.9537 -1.8551 -0.4676 0.8839 0.0000 0.1383 0.5156
-0.0734 0.6174 -18.5862 -0.2855 0.9499 -0.1270 0.1324 0.0360
-0.0375 0.6245 -18.5862 -0.0950 0.9877 -0.1244 0.1314 0.0360
-0.1608 0.9471 -14.5259 -0.2453 0.9683 -0.0482 0.1345 0.1523
-0.0812 0.9623 -14.5259 -0.1186 0.9918 -0.0479 0.1322 0.1523
-0.1753 1.0143 -5.5010 -0.2278 0.9737 0.0009 0.1340 0.4109
-0.0885 1.0301 -5.5010 -0.1277 0.9918 0.0004 0.1315 0.4109
-0.1753 1.0172 -8.7039 -0.2239 0.9746 -0.0057 0.1343 0.3189
-0.0885 1.0316 -8.7039 -0.1214 0.9926 -0.0058 0.1318 0.3189
-0.1753 1.0120 -2.9055 -0.2379 0.9713 0.0004 0.1337 0.4856
0.2948 0.9015 6.9760 0.7231 0.6880 0.0611 0.1169 0.5248
0.3382 0.8477 7.0521 0.7326 0.6776 0.0643 0.1146 0.5274
0.3978 0.8125 6.7403 0.7368 0.6732 0.0629 0.1122 0.5169
0.3788 0.7976 7.1230 0.7371 0.6729 0.0620 0.1125 0.5299
0.5701 0.6017 6.7430 0.8209 0.5635 0.0923 0.1030 0.5171
0.4888 0.6139 7.3830 0.8175 0.5680 0.0952 0.1054 0.5389
0.2468 0.9618 6.8921 0.6547 0.7547 0.0409 0.1195 0.5219
0.4652 0.6715 7.3015 0.8201 0.5662 0.0824 0.1074 0.5361
0.4246 0.7410 7.2031 0.7831 0.6186 0.0633 0.1101 0.5327
0.5249 0.6600 6.7406 0.8121 0.5783 0.0784 0.1055 0.5170
0.6529 0.4950 6.7474 0.7196 0.6882 0.0919 0.0984 0.5174
0.4474 0.7572 6.7402 0.7677 0.6378 0.0626 0.1097 0.5169
-0.8498 0.4240 -14.5259 -0.5831 0.8110 -0.0473 0.1596 0.1516
-0.7632 0.4900 -14.5259 -0.6620 0.7477 -0.0520 0.1565 0.1517
-0.8432 0.5246 -5.5010 -0.6848 0.7287 -0.0045 0.1582 0.4110
-0.7780 0.5887 -5.5010 -0.7061 0.7081 -0.0043 0.1555 0.4109
-0.8649 0.4729 -8.7039 -0.6360 0.7716 -0.0075 0.1600 0.3189
-0.7990 0.5343 -8.7039 -0.6975 0.7165 -0.0081 0.1574 0.3189
-0.8146 0.5614 -2.9055 -0.6978 0.7162 -0.0012 0.1565 0.4857
-0.7465 0.6275 -2.9055 -0.6978 0.7163 -0.0011 0.1538 0.4857
-0.8146 0.5614 -1.8551 -0.6967 0.7174 0.0000 0.1562 0.5160
-0.7465 0.6275 -1.8551 -0.6971 0.7169 -0.0006 0.1535 0.5159
-0.2612 0.4531 -18.5862 -0.8003 0.5826 -0.1421 0.1397 0.0353
-0.0885 1.0290 -2.9055 -0.1382 0.9904 0.0002 0.1312 0.4856
-0.2310 0.4960 -18.5862 -0.7619 0.6327 -0.1385 0.1382 0.0355
-0.6231 0.6361 -14.5259 -0.7565 0.6518 -0.0544 0.1507 0.1519
-0.5573 0.7044 -14.5259 -0.7160 0.6961 -0.0525 0.1480 0.1520
-0.6425 0.7249 -5.5010 -0.6931 0.7209 -0.0013 0.1500 0.4109
-0.5688 0.7915 -5.5010 -0.6561 0.7547 -0.0002 0.1472 0.4109
-0.1753 1.0120 -1.8551 -0.2410 0.9705 0.0000 0.1336 0.5156
-0.6653 0.6890 -8.7039 -0.7257 0.6880 -0.0071 0.1515 0.3189
-1.8379 -0.0458 6.8618 -0.1141 0.9934 0.0132 0.1870 0.7683
-0.5852 0.7706 -8.7039 -0.6845 0.7290 -0.0064 0.1482 0.3189
-0.6095 0.7535 -2.9055 -0.6583 0.7527 0.0000 0.1484 0.4857
-0.5404 0.8104 -2.9055 -0.6344 0.7730 0.0005 0.1458 0.4856
-0.6095 0.7535 -1.8551 -0.6456 0.7637 0.0000 0.1481 0.5158
-0.0885 1.0290 -1.8551 -0.1414 0.9900 0.0000 0.1310 0.5155
0.0000 -0.2657 13.1935 0.0000 -0.9996 0.0286 0.3232 0.0445
0.0000 0.3627 -19.6075 -0.0000 -0.9474 -0.3199 0.3254 0.9924
0.0000 0.4554 -19.6075 -0.0000 0.7568 -0.6537 0.1304 0.0070
0.0000 1.0370 -1.8551 0.0000 1.0000 0.0000 0.1285 0.5155
0.0000 -0.5873 7.5683 0.0000 -1.0000 0.0006 0.3237 0.2073
0.0000 -0.5879 6.1715 0.0000 -1.0000 0.0012 0.3238 0.2478
0.0000 -0.5873 8.3309 0.0000 -1.0000 0.0000 0.3236 0.1852
0.0000 -0.5873 9.0525 0.0000 -0.9997 0.0246 0.3236 0.1645
0.0000 0.5060 9.0525 -0.0000 0.9877 0.1565 0.1280 0.8328
0.0000 -0.5336 10.1153 0.0000 -0.9976 0.0691 0.3235 0.1340
0.0000 0.3429 10.1153 0.0000 0.9863 0.1651 0.1282 0.8669
0.0000 -0.4039 11.5620 0.0000 -0.9955 0.0950 0.3233 0.0923
0.0000 0.0738 11.5620 0.0000 0.9814 0.1921 0.1284 0.9123
0.0000 -0.3114 12.4768 0.0000 -0.9966 0.0824 0.3233 0.0657
0.0000 -0.1123 12.4768 0.0000 0.9846 0.1746 0.1286 0.9414
0.0000 -0.2168 13.1935 0.0000 0.9997 0.0231 0.1288 0.9646
0.0000 -0.2386 14.1366 -0.0000 0.9997 0.0246 0.1289 0.9948
0.0000 1.0370 -2.9055 0.0000 1.0000 0.0001 0.1286 0.4855
0.0000 -0.5885 -2.9055 0.0000 -1.0000 0.0000 0.3244 0.5112
0.0000 1.0370 -8.7039 0.0000 1.0000 -0.0058 0.1293 0.3189
0.0000 -0.5885 -8.7039 0.0000 -1.0000 0.0000 0.3247 0.6795
0.0000 -0.5885 -5.5010 0.0000 -1.0000 0.0000 0.3245 0.5865
0.0000 1.0370 -5.5010 0.0000 1.0000 0.0002 0.1289 0.4108
0.0000 0.9687 -14.5259 0.0000 0.9988 -0.0480 0.1299 0.1523
0.0000 -0.5885 -14.5259 0.0000 -0.9971 -0.0759 0.3251 0.8472
0.0000 0.6228 -18.5862 0.0000 0.9924 -0.1231 0.1303 0.0360
0.0000 0.0341 -18.5862 0.0000 -0.9736 -0.2283 0.3253 0.9636
0.0000 0.4239 -19.6622 0.0000 -0.6661 -0.7458 0.3254 0.9948
0.0000 -0.5884 5.1101 0.0000 -1.0000 0.0011 0.3239 0.2782
0.0000 -0.5885 2.8555 0.0000 -1.0000 0.0000 0.3240 0.3441
0.0000 0.1130 5.1101 0.0000 0.0000 -1.0000 0.8708 0.4794
0.0000 0.1128 2.8555 0.0000 0.0000 1.0000 0.8711 0.5463
0.2594 0.9576 6.7406 0.6443 0.7638 0.0393 0.1190 0.5168
0.0000 0.9436 8.3414 0.0000 0.6924 0.7215 0.1280 0.8111
0.5168 0.5456 7.4796 0.7192 0.6872 0.1027 0.1031 0.5423
0.0000 0.9192 8.3811 0.0000 0.7430 0.6692 0.1280 0.8120
0.0000 0.6665 8.7916 -0.9446 0.2748 0.1795 0.1280 0.8236
-0.5404 0.8104 -1.8551 -0.6300 0.7766 0.0000 0.1456 0.5158
-0.3502 -0.5299 -2.3941 -0.2560 -0.9667 -0.0000 0.3347 0.4963
-0.1644 -0.5729 -2.3941 -0.1604 -0.9871 0.0000 0.3291 0.4963
-0.5010 -0.4848 -2.3941 1.0000 0.0000 0.0000 0.8314 0.5504
0.0000 -0.5885 -2.3941 0.0000 -1.0000 0.0000 0.3243 0.4963
-0.0225 0.4494 -19.6075 -0.5014 0.7862 -0.3613 0.1311 0.0070
-0.0419 0.4340 -19.6075 -0.6149 0.6986 -0.3659 0.1318 0.0068
-0.1668 0.5674 -18.5862 -0.6350 0.7611 -0.1325 0.1355 0.0358
-0.5010 -0.4848 -1.8551 -0.2866 -0.9580 -0.0000 0.3392 0.4806
-0.5010 -0.4848 -1.3921 -0.2866 -0.9580 0.0000 0.3391 0.4672
-0.1388 0.5891 -18.5862 -0.4803 0.8676 -0.1284 0.1345 0.0359
-0.4082 0.8286 -14.5259 -0.5781 0.8144 -0.0496 0.1424 0.1521
-0.3250 0.8805 -14.5259 -0.4846 0.8734 -0.0489 0.1396 0.1522
-0.4179 0.9077 -5.5010 -0.5516 0.8341 0.0011 0.1417 0.4109
-0.3502 -0.5299 -1.3921 -0.2560 -0.9667 0.0000 0.3346 0.4672
-0.1644 -0.5729 -1.3921 -0.1604 -0.9871 0.0000 0.3291 0.4672
0.0000 -0.5885 -1.3921 0.0000 -1.0000 0.0000 0.3243 0.4672
-3.5070 -0.0753 -11.4121 -0.0207 -0.9996 -0.0172 0.4289 0.7578
-3.1868 -0.0819 -11.4121 -0.0171 -0.9997 -0.0179 0.4196 0.7579
-2.5050 -0.0905 -11.4121 -0.0125 -0.9997 -0.0187 0.3998 0.7581
-2.5050 -0.0717 -12.4141 -0.0125 -0.9997 -0.0187 0.4000 0.7871
-3.5070 -0.0581 -12.4141 -0.0207 -0.9996 -0.0172 0.4291 0.7869
-0.3408 0.9534 -5.5010 -0.4667 0.8844 0.0012 0.1391 0.4109
-0.4245 0.9053 -8.7039 -0.5621 0.8271 -0.0059 0.1422 0.3189
-0.3441 0.9544 -8.7039 -0.4749 0.8800 -0.0059 0.1395 0.3189
-3.3778 -0.0608 -12.4141 -0.0161 -0.9997 -0.0180 0.4254 0.7870
-0.4009 0.9118 -2.9055 -0.5397 0.8419 0.0008 0.1409 0.4856
-0.3323 0.9537 -2.9055 -0.4660 0.8848 0.0008 0.1386 0.4856
-0.4009 0.9118 -1.8551 -0.5346 0.8451 0.0000 0.1406 0.5157
-0.5028 0.5798 7.4313 -0.8119 0.5744 0.1046 0.1527 0.5406
-0.6115 0.5484 6.7452 -0.8126 0.5737 0.1026 0.1562 0.5173
-0.4449 0.7062 7.2523 -0.7946 0.6033 0.0683 0.1482 0.5344
-0.4862 0.7086 6.7404 -0.7951 0.6028 0.0668 0.1493 0.5170
3.5070 -0.0398 -12.4141 0.0000 -1.0000 0.0000 0.7890 0.5156
3.5070 -0.0398 -11.4121 0.0000 -1.0000 0.0000 0.8180 0.5153
2.5050 -0.0398 -12.4141 0.0000 -1.0000 0.0000 0.7893 0.5446
2.5050 -0.0398 -11.4121 0.0000 -1.0000 0.0000 0.8183 0.5443
0.5010 -0.4274 -2.3941 -1.0000 0.0000 0.0000 0.8007 0.5504
0.5010 -0.4274 -1.3921 -1.0000 0.0000 0.0000 0.8007 0.5214
0.0099 -0.2219 13.1935 0.6057 0.7954 0.0205 0.1284 0.9647
0.8605 0.4952 4.7980 0.6767 0.7354 0.0346 0.1033 0.7070
1.0734 0.2962 4.7980 0.6197 0.7843 0.0285 0.0948 0.7072
1.3296 0.1226 4.7980 0.4765 0.8790 0.0194 0.0858 0.7073
1.6185 -0.0001 4.7980 0.2573 0.9663 0.0093 0.0767 0.7074
1.9750 -0.0467 4.7980 0.2268 -0.9739 0.0068 0.2644 0.2879
1.6548 -0.1232 4.7980 0.2519 -0.9677 0.0082 0.2740 0.2878
1.3513 -0.2095 4.7980 0.2903 -0.9569 0.0091 0.2831 0.2878
1.0669 -0.2996 4.7980 0.3117 -0.9501 0.0084 0.2918 0.2878
0.8036 -0.3871 4.7980 0.3165 -0.9486 0.0074 0.2998 0.2878
0.5640 -0.4660 4.7980 0.3024 -0.9532 0.0061 0.3072 0.2878
0.3502 -0.5299 4.7980 0.2932 -0.9560 0.0056 0.3137 0.2877
0.2606 0.9862 -1.8551 0.3520 0.9360 0.0000 0.1209 0.5155
0.4707 0.8661 -1.8551 0.5870 0.8096 0.0000 0.1140 0.5156
0.6784 0.6937 -1.8551 0.6764 0.7365 0.0000 0.1063 0.5157
0.8828 0.4952 -1.8551 0.6921 0.7218 0.0007 0.0981 0.5158
1.0903 0.2962 -1.8551 0.6367 0.7711 0.0007 0.0898 0.5159
1.3296 0.1226 -1.8551 0.4887 0.8725 0.0002 0.0813 0.5159
1.6185 -0.0001 -1.8551 0.2627 0.9649 0.0000 0.0723 0.5160
1.9750 -0.0467 -1.8551 0.2324 -0.9726 0.0000 0.2648 0.4808
1.6548 -0.1232 -1.8551 0.2531 -0.9674 0.0000 0.2743 0.4808
1.3513 -0.2095 -1.8551 0.2878 -0.9577 0.0000 0.2835 0.4808
1.0669 -0.2996 -1.8551 0.3087 -0.9512 0.0000 0.2921 0.4807
0.8036 -0.3871 -1.8551 0.3140 -0.9494 0.0000 0.3002 0.4807
0.5640 -0.4660 -1.8551 0.2996 -0.9541 -0.0000 0.3075 0.4807
0.4452 -0.4647 7.5683 0.3220 -0.9467 0.0063 0.3103 0.2073
1.1918 -0.2083 7.5683 0.3111 -0.9503 0.0086 0.2873 0.2073
1.4511 -0.1220 7.5683 0.2881 -0.9575 0.0154 0.2794 0.2073
1.3921 -0.0045 7.5683 0.2066 0.9771 0.0508 0.0806 0.7907
0.5168 0.5456 7.4796 0.7192 0.6872 0.1027 0.1117 0.7892
0.7899 0.2753 7.4879 0.6153 0.7822 0.0977 0.1008 0.7890
1.0791 0.0945 7.5320 0.4248 0.9016 0.0814 0.0906 0.7900
1.7405 -0.0455 7.5683 0.2681 -0.9631 0.0246 0.2707 0.2074
0.9141 -0.2984 7.5683 0.3334 -0.9428 0.0069 0.2958 0.2073
0.6916 -0.3859 7.5683 0.3295 -0.9441 0.0067 0.3027 0.2073
0.2721 -0.5287 7.5683 0.3065 -0.9519 0.0045 0.3156 0.2073
0.1271 -0.5716 7.5683 0.1970 -0.9804 0.0018 0.3200 0.2073
1.5114 0.0005 6.1715 0.2443 0.9694 0.0234 0.0795 0.7477
1.2722 -0.2089 6.1715 0.2995 -0.9539 0.0187 0.2852 0.2479
1.5538 -0.1226 6.1715 0.2555 -0.9666 0.0185 0.2766 0.2480
0.5051 -0.4654 6.1715 0.3113 -0.9502 0.0124 0.3087 0.2479
0.7481 -0.3865 6.1715 0.3242 -0.9459 0.0150 0.3012 0.2479
1.9088 -0.0461 6.1715 0.1196 0.9928 0.0093 0.0676 0.7473
0.1459 -0.5722 6.1715 0.1812 -0.9834 0.0034 0.3195 0.2478
0.3114 -0.5293 6.1715 0.2841 -0.9588 0.0087 0.3146 0.2479
0.9487 0.2968 6.1715 0.6029 0.7949 0.0678 0.0988 0.7479
1.2188 0.1233 6.1715 0.4541 0.8896 0.0490 0.0891 0.7479
0.9911 -0.2990 6.1715 0.3221 -0.9466 0.0171 0.2937 0.2479
0.7161 0.4958 6.1715 0.6632 0.7447 0.0746 0.1081 0.7477
0.4452 -0.4647 8.3309 0.3312 -0.9436 0.0033 0.3102 0.1852
1.1918 -0.2083 8.3309 0.3364 -0.9414 0.0248 0.2873 0.1852
1.4511 -0.1220 8.3309 0.3213 -0.9462 0.0386 0.2794 0.1852
1.2972 -0.0470 8.3309 0.1652 0.9848 0.0533 0.0824 0.8143
0.4898 0.4421 8.2621 0.6909 0.7126 0.1220 0.1108 0.8115
0.7079 0.2250 8.3051 0.6202 0.7756 0.1170 0.1021 0.8132
0.9601 0.0532 8.3309 0.4088 0.9074 0.0970 0.0931 0.8143
1.6219 -0.0624 8.3309 0.0691 0.9971 0.0329 0.0723 0.8141
0.9141 -0.3043 8.3309 0.3458 -0.9382 0.0123 0.2959 0.1852
0.6916 -0.3859 8.3309 0.3338 -0.9426 0.0066 0.3027 0.1852
0.2721 -0.5287 8.3309 0.3186 -0.9479 0.0008 0.3156 0.1852
0.1271 -0.5716 8.3309 0.2038 -0.9790 0.0000 0.3199 0.1852
0.4316 -0.4647 9.0525 0.3521 -0.9356 0.0270 0.3106 0.1644
1.0967 -0.2083 9.0525 0.3832 -0.9212 0.0667 0.2900 0.1642
1.2848 -0.1220 9.0525 0.3583 -0.9308 0.0719 0.2840 0.1641
1.1706 -0.0470 9.0525 0.1384 0.9890 0.0519 0.0867 0.8366
0.3847 0.3956 9.0525 0.5896 0.7934 0.1513 0.1151 0.8342
0.3115 0.4351 9.0525 0.4121 0.8977 0.1562 0.1177 0.8339
0.2005 0.4758 9.0525 0.2346 0.9598 0.1540 0.1214 0.8336
0.4890 0.3115 9.0525 0.6830 0.7170 0.1391 0.1110 0.8347
0.6346 0.1700 9.0525 0.6132 0.7787 0.1331 0.1049 0.8355
0.8643 0.0139 9.0525 0.3717 0.9229 0.1001 0.0964 0.8363
1.4540 -0.0624 9.0525 0.0627 0.9976 0.0287 0.0778 0.8369
0.8632 -0.3043 9.0525 0.3741 -0.9261 0.0502 0.2974 0.1643
0.6611 -0.3859 9.0525 0.3562 -0.9337 0.0378 0.3036 0.1644
0.2721 -0.5287 9.0525 0.3253 -0.9453 0.0230 0.3156 0.1644
0.1271 -0.5716 9.0525 0.1987 -0.9798 0.0235 0.3199 0.1645
0.3801 -0.4336 10.1153 0.3776 -0.9231 0.0723 0.3121 0.1339
0.8325 -0.2296 10.1153 0.4096 -0.9081 0.0870 0.2979 0.1335
0.9691 -0.1621 10.1153 0.3916 -0.9164 0.0828 0.2935 0.1334
0.9231 -0.0781 10.1153 0.1168 0.9896 0.0835 0.0957 0.8696
0.3426 0.2266 10.1153 0.6283 0.7584 0.1732 0.1168 0.8677
0.2550 0.2855 10.1153 0.5092 0.8436 0.1702 0.1201 0.8673
0.1465 0.3319 10.1153 0.2656 0.9494 0.1677 0.1237 0.8670
0.4214 0.1465 10.1153 0.6620 0.7293 0.1732 0.1134 0.8681
0.5302 0.0367 10.1153 0.5486 0.8202 0.1623 0.1086 0.8688
0.7193 -0.0500 10.1153 0.2907 0.9489 0.1227 0.1021 0.8693
1.1399 -0.1026 10.1153 0.3482 -0.9348 0.0699 0.2882 0.1333
0.6647 -0.3043 10.1153 0.3962 -0.9145 0.0817 0.3032 0.1336
0.5021 -0.3802 10.1153 0.3833 -0.9204 0.0771 0.3083 0.1338
0.2721 -0.4806 10.1153 0.3309 -0.9411 0.0700 0.3155 0.1340
0.1271 -0.5207 10.1153 0.1912 -0.9791 0.0690 0.3198 0.1340
0.2547 -0.3329 11.5620 0.3753 -0.9211 0.1034 0.3157 0.0922
0.4465 -0.2575 11.5620 0.3924 -0.9143 0.1008 0.3097 0.0920
0.5056 -0.2328 11.5620 0.4126 -0.9048 0.1056 0.3079 0.0919
0.5070 -0.1855 11.5620 0.0793 0.9941 0.0745 0.1102 0.9142
0.2250 -0.0725 11.5620 0.6724 0.7171 0.1834 0.1198 0.9133
0.1616 0.0075 11.5620 0.6251 0.7577 0.1872 0.1229 0.9128
0.0878 0.0629 11.5620 0.3224 0.9265 0.1939 0.1257 0.9124
0.2907 -0.1239 11.5620 0.5761 0.7989 0.1729 0.1172 0.9137
0.3615 -0.1641 11.5620 0.3956 0.9074 0.1417 0.1148 0.9139
0.4349 -0.1773 11.5620 0.1961 0.9749 0.1049 0.1124 0.9141
0.5957 -0.1860 11.5620 0.0517 0.9963 0.0691 0.1074 0.9143
0.3921 -0.2799 11.5620 0.3799 -0.9196 0.0998 0.3114 0.0920
0.3178 -0.3079 11.5620 0.3728 -0.9224 0.1008 0.3137 0.0921
0.1631 -0.3700 11.5620 0.3267 -0.9396 0.1019 0.3185 0.0922
0.0738 -0.3966 11.5620 0.1894 -0.9771 0.0972 0.3212 0.0923
0.1151 -0.2797 12.4768 0.3895 -0.9158 0.0986 0.3198 0.0656
0.2062 -0.2460 12.4768 0.4040 -0.9081 0.1104 0.3170 0.0656
0.2343 -0.2349 12.4768 0.4404 -0.8889 0.1263 0.3161 0.0656
0.2350 -0.2138 12.4768 0.0670 0.9965 0.0501 0.1203 0.9421
0.1010 -0.1741 12.4768 0.6717 0.7249 0.1527 0.1247 0.9418
0.0709 -0.1384 12.4768 0.6568 0.7363 0.1626 0.1262 0.9416
0.0358 -0.1172 12.4768 0.3604 0.9168 0.1723 0.1275 0.9415
0.1322 -0.1953 12.4768 0.4754 0.8696 0.1336 0.1236 0.9419
0.1658 -0.2042 12.4768 0.2763 0.9559 0.0993 0.1225 0.9420
0.2007 -0.2101 12.4768 0.1394 0.9878 0.0695 0.1214 0.9420
0.2771 -0.2140 12.4768 0.4887 -0.8608 0.1421 0.3147 0.0655
0.1804 -0.2560 12.4768 0.3995 -0.9104 0.1079 0.3178 0.0656
0.1451 -0.2685 12.4768 0.3734 -0.9225 0.0975 0.3188 0.0656
0.0716 -0.2962 12.4768 0.3276 -0.9404 0.0911 0.3211 0.0657
0.0291 -0.3081 12.4768 0.2020 -0.9756 0.0856 0.3224 0.0657
0.0147 -0.2588 13.1935 0.6073 -0.7940 0.0264 0.3227 0.0445
0.0241 -0.2431 13.1935 0.5310 -0.8352 0.1430 0.3222 0.0444
0.0239 -0.2343 13.1935 0.1876 0.9795 0.0728 0.1278 0.9647
0.0165 -0.2291 13.1935 0.6587 0.7521 0.0191 0.1281 0.9647
0.0241 -0.2357 13.1935 0.0377 0.9984 0.0417 0.1278 0.9647
0.0217 -0.2505 13.1935 0.4897 -0.8647 0.1115 0.3224 0.0445
0.2606 0.9862 -2.9055 0.3505 0.9366 0.0006 0.1210 0.4855
0.4707 0.8661 -2.9055 0.5930 0.8052 0.0006 0.1140 0.4855
0.6784 0.6937 -2.9055 0.6849 0.7287 -0.0007 0.1062 0.4855
0.8828 0.4952 -2.9055 0.6812 0.7321 0.0005 0.0980 0.4855
1.0903 0.2962 -2.9055 0.5967 0.8024 0.0072 0.0897 0.4856
1.3296 0.1226 -2.9055 0.4589 0.8883 0.0156 0.0812 0.4856
1.6185 -0.0001 -2.9055 0.2636 0.9639 0.0378 0.0721 0.4856
1.9750 -0.0467 -2.9055 0.1674 0.9826 0.0805 0.0618 0.4855
1.6548 -0.1232 -2.9055 0.2102 -0.9776 0.0094 0.2744 0.5112
1.3513 -0.2095 -2.9055 0.2788 -0.9603 0.0039 0.2835 0.5112
1.0669 -0.2996 -2.9055 0.3021 -0.9533 0.0021 0.2922 0.5112
0.8036 -0.3871 -2.9055 0.3097 -0.9508 0.0009 0.3002 0.5112
0.5640 -0.4660 -2.9055 0.2975 -0.9547 0.0002 0.3076 0.5112
0.3502 -0.5299 -2.9055 0.2560 -0.9667 -0.0000 0.3140 0.5112
0.1644 -0.5729 -2.9055 0.1604 -0.9871 0.0000 0.3196 0.5112
0.2606 0.9940 -8.7039 0.3525 0.9358 -0.0058 0.1216 0.3188
0.5019 0.8469 -8.7039 0.6330 0.7741 -0.0060 0.1135 0.3188
0.7421 0.6019 -8.7039 0.7362 0.6767 -0.0078 0.1036 0.3187
0.9398 0.4178 -8.7039 0.5314 0.8471 -0.0042 0.0959 0.3186
1.2531 0.2596 -8.7039 0.3084 0.9512 0.0030 0.0858 0.3186
1.6960 0.2081 -8.7039 0.0895 0.9959 0.0111 0.0730 0.3184
3.7337 0.1702 -8.7039 0.0186 0.9997 0.0185 0.0139 0.3185
3.8321 -0.1151 -8.7039 0.9516 0.3070 0.0150 0.0052 0.3187
1.8046 -0.1571 -8.7039 0.1257 -0.9920 0.0123 0.2707 0.6796
1.4277 -0.2350 -8.7039 0.2350 -0.9720 0.0075 0.2819 0.6796
1.0669 -0.3222 -8.7039 0.2687 -0.9632 0.0042 0.2927 0.6796
0.8008 -0.3984 -8.7039 0.2858 -0.9583 0.0018 0.3007 0.6796
0.5640 -0.4660 -8.7039 0.2858 -0.9583 0.0004 0.3079 0.6796
0.3502 -0.5299 -8.7039 0.2560 -0.9667 0.0000 0.3144 0.6796
0.1644 -0.5729 -8.7039 0.1386 -0.9903 0.0000 0.3199 0.6795
0.3502 -0.5299 -5.5010 0.2560 -0.9667 0.0000 0.3142 0.5865
0.5640 -0.4660 -5.5010 0.2906 -0.9568 0.0004 0.3077 0.5865
1.3855 -0.2209 -5.5010 0.2525 -0.9676 0.0077 0.2828 0.5866
1.7219 -0.1384 -5.5010 0.1463 -0.9891 0.0157 0.2728 0.5866
1.4936 0.1609 -5.5010 0.2008 0.9791 0.0311 0.0779 0.4106
1.1632 0.2798 -5.5010 0.4618 0.8869 0.0112 0.0880 0.4107
0.4920 0.8527 -5.5010 0.6125 0.7905 0.0007 0.1135 0.4108
0.2606 0.9897 -5.5010 0.3478 0.9376 0.0011 0.1213 0.4108
0.1644 -0.5729 -5.5010 0.1604 -0.9871 0.0000 0.3197 0.5865
1.0669 -0.3097 -5.5010 0.2821 -0.9594 0.0042 0.2924 0.5865
3.6816 0.0761 -6.1501 0.0701 0.9961 0.0543 0.0167 0.3905
0.7129 0.6528 -5.5010 0.7139 0.7003 -0.0029 0.1049 0.4108
0.9083 0.4605 -5.5010 0.6260 0.7798 -0.0007 0.0970 0.4107
0.8024 -0.3922 -5.5010 0.2956 -0.9553 0.0018 0.3005 0.5865
3.6980 -0.0447 -5.5010 0.9473 0.3186 0.0320 0.0146 0.4089
0.2388 0.9229 -14.5259 0.3689 0.9282 -0.0486 0.1229 0.1522
0.4883 0.7673 -14.5259 0.6569 0.7523 -0.0509 0.1145 0.1519
0.6856 0.5623 -14.5259 0.7389 0.6715 -0.0549 0.1063 0.1516
0.9454 0.3641 -14.5259 0.4534 0.8904 -0.0393 0.0969 0.1513
1.2503 0.2567 -14.5259 0.2213 0.9750 -0.0173 0.0876 0.1511
1.6960 0.2194 -14.5259 0.0629 0.9980 -0.0087 0.0747 0.1509
3.7331 0.1702 -14.5259 0.0284 0.9995 -0.0157 0.0165 0.1508
3.7805 -0.0161 -14.5259 0.9611 0.2715 -0.0506 0.0109 0.1505
1.3241 -0.0469 -14.5259 0.1151 -0.9917 -0.0576 0.2836 0.8486
1.1224 -0.1007 -14.5259 0.3151 -0.9443 -0.0947 0.2896 0.8485
0.9081 -0.1960 -14.5259 0.4096 -0.9070 -0.0982 0.2964 0.8482
0.7113 -0.3007 -14.5259 0.4682 -0.8790 -0.0903 0.3028 0.8480
0.5355 -0.4090 -14.5259 0.4764 -0.8754 -0.0820 0.3087 0.8477
0.3461 -0.5137 -14.5259 0.3761 -0.9234 -0.0770 0.3149 0.8474
0.1644 -0.5729 -14.5259 0.2065 -0.9755 -0.0759 0.3204 0.8473
0.1077 0.6014 -18.5862 0.3734 0.9190 -0.1268 0.1271 0.0359
0.1952 0.5408 -18.5862 0.7153 0.6855 -0.1354 0.1240 0.0357
0.2875 0.4095 -18.5862 0.8319 0.5357 -0.1450 0.1195 0.0351
0.3130 0.3678 -18.5862 0.8913 0.4125 -0.1880 0.1181 0.0349
0.3345 0.2932 -18.5868 0.9336 0.2708 -0.2348 0.1159 0.0344
3.5292 0.0770 -16.6722 0.0341 0.9988 -0.0340 0.0214 0.0883
0.3155 0.2435 -18.5862 0.7579 -0.6110 -0.2287 0.3141 0.9652
0.2714 0.1841 -18.5862 0.7490 -0.6247 -0.2208 0.3162 0.9647
0.2217 0.1180 -18.5862 0.5699 -0.7912 -0.2218 0.3186 0.9642
0.1500 0.0790 -18.5862 0.4137 -0.8824 -0.2241 0.3209 0.9639
0.0823 0.0450 -18.5862 0.2541 -0.9400 -0.2274 0.3230 0.9636
0.0583 0.4092 -19.6075 0.6894 0.6478 -0.3241 0.1283 0.0065
0.5770 0.2767 -18.5413 -0.0518 -0.9951 -0.0842 0.3061 0.9643
2.4385 0.1386 -16.6431 0.0574 0.9981 -0.0221 0.0537 0.0894
0.6485 0.1488 -17.0984 0.3478 -0.9262 -0.1457 0.3038 0.9230
2.3086 0.0353 -16.6786 -0.0128 -0.9987 -0.0484 0.2566 0.9101
0.6962 0.2798 -17.0947 0.3962 0.9161 -0.0610 0.1053 0.0773
0.5457 0.2860 -17.7926 0.7688 0.6187 -0.1617 0.1100 0.0574
3.4394 0.1065 -16.3743 0.0341 0.9988 -0.0340 0.0242 0.0971
0.5125 0.2204 -17.8370 0.4719 -0.8654 -0.1684 0.3078 0.9437
3.4405 0.0626 -16.3747 0.0191 -0.9991 -0.0373 0.2232 0.9030
2.8322 -0.1212 -9.5523 0.0192 -0.9997 -0.0182 0.2408 0.7043
1.2025 -0.2894 -8.7039 0.2507 -0.9680 0.0057 0.2886 0.6796
1.2022 -0.2626 -9.5518 0.3148 -0.9486 -0.0338 0.2885 0.7043
0.1602 -0.5727 5.1101 0.1721 -0.9851 0.0033 0.3193 0.2786
0.3413 -0.5298 5.1103 0.2802 -0.9599 0.0092 0.3139 0.2786
0.3502 -0.5299 2.8555 0.2662 -0.9639 0.0000 0.3137 0.3442
0.1644 -0.5729 2.8555 0.1604 -0.9871 0.0000 0.3192 0.3441
0.3502 0.1714 4.7980 -0.9999 0.0000 -0.0141 0.8607 0.4894
1.3832 -0.2154 -9.5519 0.2692 -0.9625 -0.0348 0.2831 0.7043
0.1602 0.1287 5.1101 0.0005 0.0000 -1.0000 0.8659 0.4798
0.3413 0.1716 5.1103 -0.9996 0.0000 -0.0282 0.8604 0.4805
0.3502 0.1714 2.8555 -1.0000 0.0000 0.0000 0.8606 0.5455
0.1644 0.1285 2.8555 0.0000 0.0000 1.0000 0.8661 0.5461
1.0437 -0.3038 -9.5518 0.3463 -0.9376 -0.0299 0.2933 0.7043
1.7346 -0.1410 -9.5520 0.1172 -0.9927 -0.0278 0.2727 0.7043
2.8322 -0.1358 -8.7039 0.0295 -0.9996 0.0043 0.2408 0.6796
1.8046 0.1148 -8.7039 0.0000 0.0000 -1.0000 0.9375 0.5344
1.4277 0.0370 -8.7039 0.0000 0.0000 -1.0000 0.9372 0.5235
1.0669 -0.0503 -8.7039 0.0000 0.0000 -1.0000 0.9369 0.5127
2.8322 0.1507 -9.5523 -1.0000 0.0000 0.0000 0.9620 0.5640
1.2025 -0.0175 -8.7039 0.0000 0.0000 -1.0000 0.9370 0.5168
1.2022 0.0094 -9.5518 0.0003 0.0000 1.0000 0.9614 0.5169
1.3832 0.0565 -9.5519 0.0003 0.0000 1.0000 0.9613 0.5223
1.0437 -0.0319 -9.5518 0.0007 -0.0004 1.0000 0.9615 0.5122
1.7346 0.1309 -9.5520 0.0003 0.0000 1.0000 0.9610 0.5323
2.8322 0.1361 -8.7039 -1.0000 0.0000 0.0000 0.9365 0.5639
0.3496 -0.5276 -9.5509 0.3378 -0.9412 -0.0042 0.3144 0.7042
0.7878 -0.3842 -9.5514 0.3943 -0.9187 -0.0211 0.3010 0.7042
0.1644 -0.5729 -9.5507 0.1551 -0.9879 -0.0005 0.3200 0.7042
0.5598 -0.4577 -9.5512 0.4053 -0.9141 -0.0116 0.3080 0.7042
0.0000 1.0409 6.8965 -0.0000 0.9930 0.1185 0.1285 0.5220
0.0000 1.0414 6.7411 0.0000 0.9941 -0.1081 0.1285 0.5168
0.1644 0.3831 -8.7039 1.0000 0.0000 0.0000 0.9371 0.4774
0.1644 0.3831 -9.5507 1.0000 0.0000 0.0000 0.9616 0.4776
0.6529 0.4950 6.7474 0.7197 0.6882 0.0919 0.1103 0.7656
0.9299 0.3831 -8.7039 0.0000 -1.0000 0.0000 0.9370 0.4996
0.9299 0.3831 -9.5507 0.0000 -1.0000 0.0000 0.9615 0.4997
-0.0963 1.0318 6.7410 -0.1923 0.9813 0.0095 0.1317 0.5168
0.3358 0.5998 8.3143 0.5822 0.6206 0.5252 0.1169 0.8123
0.0447 0.8853 8.3356 0.6962 0.4949 0.5201 0.1265 0.8114
0.4146 0.5225 8.3087 0.6392 0.7222 0.2642 0.1140 0.8125
-0.1819 1.0075 6.7408 -0.4154 0.9094 0.0189 0.1348 0.5168
-0.0935 1.0310 6.8950 -0.1894 0.9818 0.0094 0.1316 0.5220
-0.1764 1.0063 6.8935 -0.4090 0.9124 0.0187 0.1346 0.5219
0.3314 0.5603 8.3578 0.5290 0.7668 0.3636 0.1165 0.8137
0.0261 0.8596 8.3764 0.7889 0.4555 0.4124 0.1266 0.8126
0.4126 0.5142 8.3574 0.6144 0.7601 0.2117 0.1140 0.8138
0.0317 0.5731 8.7649 0.3237 0.9176 0.2309 0.1254 0.8242
0.3970 0.4477 8.7472 0.5894 0.7935 0.1518 0.1145 0.8249
0.3196 0.4896 8.7557 0.3722 0.9127 0.1685 0.1171 0.8249
0.1259 0.5345 8.7780 0.3184 0.9212 0.2236 0.1228 0.8250
0.3274 0.5363 8.4927 0.4403 0.8817 0.1693 0.1167 0.8174
0.0398 0.3742 -19.6075 0.6201 -0.7252 -0.2993 0.3243 0.9926
0.8693 0.2861 6.8297 0.6059 0.7915 0.0803 0.1004 0.7681
0.3323 0.9537 -1.8551 0.4676 0.8839 0.0000 0.1187 0.5156
0.0734 0.6174 -18.5862 0.2855 0.9499 -0.1270 0.1282 0.0360
0.0375 0.6245 -18.5862 0.0950 0.9877 -0.1244 0.1292 0.0360
0.1608 0.9471 -14.5259 0.2453 0.9683 -0.0482 0.1252 0.1522
0.0812 0.9623 -14.5259 0.1186 0.9918 -0.0479 0.1276 0.1523
0.1753 1.0143 -5.5010 0.2278 0.9737 0.0009 0.1238 0.4108
0.0885 1.0301 -5.5010 0.1277 0.9918 0.0004 0.1264 0.4108
0.1753 1.0172 -8.7039 0.2239 0.9746 -0.0057 0.1242 0.3188
0.0885 1.0316 -8.7039 0.1214 0.9926 -0.0058 0.1267 0.3189
0.1753 1.0120 -2.9055 0.2379 0.9713 0.0004 0.1235 0.4855
-0.3055 0.9106 6.7405 -0.7255 0.6858 0.0583 0.1401 0.5168
-0.3539 0.8614 6.7403 -0.7286 0.6819 0.0641 0.1425 0.5168
-0.2948 0.9015 6.9760 -0.7231 0.6880 0.0611 0.1400 0.5248
-0.3382 0.8477 7.0521 -0.7326 0.6776 0.0643 0.1423 0.5274
-0.3978 0.8125 6.7403 -0.7368 0.6732 0.0629 0.1447 0.5169
-0.3788 0.7976 7.1230 -0.7371 0.6729 0.0620 0.1444 0.5299
-0.5701 0.6017 6.7430 -0.8209 0.5635 0.0923 0.1539 0.5171
-0.4888 0.6139 7.3830 -0.8175 0.5680 0.0952 0.1515 0.5389
-0.2468 0.9618 6.8921 -0.6547 0.7547 0.0409 0.1374 0.5219
-0.4652 0.6715 7.3015 -0.8201 0.5662 0.0824 0.1495 0.5361
-0.4246 0.7410 7.2031 -0.7831 0.6186 0.0633 0.1468 0.5327
-0.5249 0.6600 6.7406 -0.8121 0.5783 0.0784 0.1514 0.5170
0.8498 0.4240 -14.5259 0.5831 0.8110 -0.0473 0.1001 0.1513
0.7632 0.4900 -14.5259 0.6620 0.7477 -0.0520 0.1033 0.1515
0.8432 0.5246 -5.5010 0.6848 0.7287 -0.0045 0.0996 0.4107
0.7780 0.5887 -5.5010 0.7061 0.7081 -0.0043 0.1023 0.4107
0.8649 0.4729 -8.7039 0.6360 0.7716 -0.0075 0.0985 0.3186
0.7990 0.5343 -8.7039 0.6975 0.7165 -0.0081 0.1011 0.3187
0.8146 0.5614 -2.9055 0.6978 0.7162 -0.0012 0.1007 0.4855
0.7465 0.6275 -2.9055 0.6978 0.7163 -0.0011 0.1035 0.4855
0.8146 0.5614 -1.8551 0.6967 0.7174 0.0000 0.1008 0.5158
0.7465 0.6275 -1.8551 0.6971 0.7169 -0.0006 0.1035 0.5157
0.2612 0.4531 -18.5862 0.8003 0.5826 -0.1421 0.1209 0.0353
0.0885 1.0290 -2.9055 0.1382 0.9904 0.0002 0.1261 0.4855
0.2310 0.4960 -18.5862 0.7619 0.6327 -0.1385 0.1224 0.0355
0.6231 0.6361 -14.5259 0.7565 0.6518 -0.0544 0.1091 0.1517
0.5573 0.7044 -14.5259 0.7160 0.6961 -0.0525 0.1118 0.1518
0.6425 0.7249 -5.5010 0.6931 0.7209 -0.0013 0.1078 0.4108
0.5688 0.7915 -5.5010 0.6561 0.7547 -0.0002 0.1107 0.4108
0.1753 1.0120 -1.8551 0.2410 0.9705 0.0000 0.1235 0.5155
0.6653 0.6890 -8.7039 0.7257 0.6880 -0.0071 0.1070 0.3187
1.8379 -0.0458 6.8618 0.1141 0.9934 0.0132 0.0682 0.7681
0.5852 0.7706 -8.7039 0.6845 0.7290 -0.0064 0.1103 0.3187
0.6095 0.7535 -2.9055 0.6583 0.7527 0.0000 0.1088 0.4855
0.5404 0.8104 -2.9055 0.6344 0.7730 0.0005 0.1114 0.4855
0.6095 0.7535 -1.8551 0.6456 0.7637 0.0000 0.1089 0.5157
0.0885 1.0290 -1.8551 0.1414 0.9900 0.0000 0.1260 0.5155
0.5404 0.8104 -1.8551 0.6300 0.7766 0.0000 0.1114 0.5156
0.3502 -0.5299 -2.3941 0.2560 -0.9667 -0.0000 0.3140 0.4963
0.1644 -0.5729 -2.3941 0.1604 -0.9871 0.0000 0.3195 0.4963
0.5010 -0.4848 -2.3941 -1.0000 0.0000 0.0000 0.7990 0.5504
0.0225 0.4494 -19.6075 0.5014 0.7862 -0.3613 0.1298 0.0070
0.0419 0.4340 -19.6075 0.6149 0.6986 -0.3659 0.1291 0.0068
0.1668 0.5674 -18.5862 0.6350 0.7611 -0.1325 0.1251 0.0358
0.5010 -0.4848 -1.8551 0.2866 -0.9580 -0.0000 0.3094 0.4807
0.5010 -0.4848 -1.3921 0.2866 -0.9580 0.0000 0.3094 0.4673
0.1388 0.5891 -18.5862 0.4803 0.8676 -0.1284 0.1262 0.0359
0.4082 0.8286 -14.5259 0.5781 0.8144 -0.0496 0.1173 0.1520
0.3250 0.8805 -14.5259 0.4846 0.8734 -0.0489 0.1201 0.1521
0.4179 0.9077 -5.5010 0.5516 0.8341 0.0011 0.1161 0.4108
0.3502 -0.5299 -1.3921 0.2560 -0.9667 0.0000 0.3139 0.4673
0.1644 -0.5729 -1.3921 0.1604 -0.9871 0.0000 0.3195 0.4672
3.5070 -0.0753 -11.4121 0.0207 -0.9996 -0.0172 0.2209 0.7583
3.1868 -0.0819 -11.4121 0.0171 -0.9997 -0.0179 0.2302 0.7583
2.5050 -0.0905 -11.4121 0.0125 -0.9997 -0.0187 0.2500 0.7584
2.5050 -0.0717 -12.4141 0.0125 -0.9997 -0.0187 0.2499 0.7875
3.5070 -0.0581 -12.4141 0.0207 -0.9996 -0.0172 0.2208 0.7874
0.3408 0.9534 -5.5010 0.4667 0.8844 0.0012 0.1187 0.4108
0.4245 0.9053 -8.7039 0.5621 0.8271 -0.0059 0.1163 0.3188
0.3441 0.9544 -8.7039 0.4749 0.8800 -0.0059 0.1190 0.3188
3.3778 -0.0608 -12.4141 0.0161 -0.9997 -0.0180 0.2245 0.7874
0.4009 0.9118 -2.9055 0.5397 0.8419 0.0008 0.1164 0.4855
0.3323 0.9537 -2.9055 0.4660 0.8848 0.0008 0.1187 0.4855
0.4009 0.9118 -1.8551 0.5346 0.8451 0.0000 0.1164 0.5156
-0.6529 0.4950 6.7474 -0.7196 0.6882 0.0919 0.1585 0.5174
-0.4474 0.7572 6.7402 -0.7677 0.6378 0.0626 0.1472 0.5169
-0.2594 0.9576 6.7406 -0.6443 0.7638 0.0393 0.1379 0.5168
-0.5168 0.5456 7.4796 -0.7192 0.6872 0.1027 0.1538 0.5423
0.4862 0.7086 6.7404 0.7951 0.6028 0.0668 0.1076 0.5170
0.4449 0.7062 7.2523 0.7946 0.6033 0.0683 0.1087 0.5344
0.6115 0.5484 6.7452 0.8126 0.5737 0.1026 0.1007 0.5173
0.5028 0.5798 7.4313 0.8119 0.5744 0.1046 0.1042 0.5406
-1.9750 -0.0467 4.7980 -0.1261 0.9920 0.0036 0.1893 0.7079
-1.9750 -0.0467 -1.8551 -0.1295 0.9916 0.0000 0.1952 0.5167
-1.9750 -0.0467 4.7980 -0.1261 0.9920 0.0036 0.1893 0.7079
-1.8379 -0.0458 6.8618 -0.2247 -0.9742 0.0199 0.3795 0.2276
-1.9750 -0.0467 4.7980 -0.1261 0.9920 0.0036 0.1893 0.7079
-1.9088 -0.0461 6.1715 -0.2160 -0.9762 0.0178 0.3816 0.2477
-1.7405 -0.0455 7.5683 -0.1017 0.9943 0.0315 0.1855 0.7900
-1.6219 -0.0624 8.3309 -0.3039 -0.9519 0.0400 0.3732 0.1848
-1.6219 -0.0624 8.3309 -0.3039 -0.9519 0.0400 0.3732 0.1848
-1.4540 -0.0624 9.0525 -0.3296 -0.9415 0.0704 0.3683 0.1638
-1.6219 -0.0624 8.3309 -0.3039 -0.9519 0.0400 0.3732 0.1848
-1.4540 -0.0624 9.0525 -0.3296 -0.9415 0.0704 0.3683 0.1638
-1.4540 -0.0624 9.0525 -0.3296 -0.9415 0.0704 0.3683 0.1638
-1.1399 -0.1026 10.1153 -0.0802 0.9944 0.0695 0.1674 0.8694
-1.1399 -0.1026 10.1153 -0.0802 0.9944 0.0695 0.1674 0.8694
-1.1399 -0.1026 10.1153 -0.0802 0.9944 0.0695 0.1674 0.8694
-0.5957 -0.1860 11.5620 -0.4060 -0.9082 0.1013 0.3417 0.0917
-0.5957 -0.1860 11.5620 -0.4060 -0.9082 0.1013 0.3417 0.0917
-0.5957 -0.1860 11.5620 -0.4060 -0.9082 0.1013 0.3417 0.0917
-0.2771 -0.2140 12.4768 -0.0181 0.9992 0.0361 0.1382 0.9420
-0.2771 -0.2140 12.4768 -0.0181 0.9992 0.0361 0.1382 0.9420
-0.2771 -0.2140 12.4768 -0.0181 0.9992 0.0361 0.1382 0.9420
-0.0099 -0.2219 13.1935 -0.5136 0.8449 0.1491 0.1291 0.9647
-0.0241 -0.2431 13.1935 -0.9879 -0.1528 0.0259 0.3242 0.0444
0.0000 -0.2386 14.1366 0.0000 -0.9990 0.0452 0.3231 0.0166
-0.0217 -0.2505 13.1935 -0.8749 -0.4836 0.0262 0.3240 0.0445
-0.0239 -0.2343 13.1935 -0.5761 0.8171 0.0184 0.1297 0.9647
-0.0239 -0.2343 13.1935 -0.9931 0.1147 0.0257 0.1297 0.9647
0.0000 -0.2386 14.1366 -0.9931 0.1147 0.0257 0.1289 0.9948
-0.0241 -0.2357 13.1935 -0.9931 0.1147 0.0257 0.1298 0.9647
-1.9750 -0.0467 -1.8551 -0.1295 0.9916 0.0000 0.1952 0.5167
-1.9750 -0.0467 -1.8551 -0.1295 0.9916 0.0000 0.1952 0.5167
-1.9750 -0.0467 -2.9055 -0.1414 -0.9898 0.0162 0.3839 0.5110
-1.9750 -0.0467 -2.9055 -0.1414 -0.9898 0.0162 0.3839 0.5110
-3.7337 0.1702 -8.7039 -0.9516 0.3069 0.0149 0.2446 0.3194
-3.7337 0.1702 -8.7039 -0.9516 0.3069 0.0149 0.2446 0.3194
-3.6816 0.0761 -6.1501 -0.9473 0.3186 0.0320 0.2413 0.3914
-3.6980 -0.0447 -5.5010 -0.0491 -0.9986 0.0200 0.4336 0.5863
-3.8321 -0.1151 -8.7039 -0.0272 -0.9996 -0.0012 0.4376 0.6791
-3.6980 -0.0447 -5.5010 -0.0491 -0.9986 0.0200 0.4336 0.5863
-3.6980 -0.0447 -5.5010 -0.0491 -0.9986 0.0200 0.4336 0.5863
-3.6980 -0.0447 -5.5010 -0.1942 0.9711 0.1389 0.2432 0.4098
-3.6980 -0.0447 -5.5010 -0.0491 -0.9986 0.0200 0.4336 0.5863
-3.6980 -0.0447 -5.5010 -0.0491 -0.9986 0.0200 0.4336 0.5863
-1.9750 -0.0467 -2.9055 -0.1414 -0.9898 0.0162 0.3839 0.5110
-3.8321 -0.1151 -8.7039 -0.0272 -0.9996 -0.0012 0.4376 0.6791
-3.7331 0.1702 -14.5259 -0.9612 0.2710 -0.0518 0.2433 0.1517
-3.7331 0.1702 -14.5259 -0.9612 0.2710 -0.0518 0.2433 0.1517
-3.7337 0.1702 -8.7039 -0.9516 0.3069 0.0149 0.2446 0.3194
-0.3345 0.2932 -18.5868 -0.4719 -0.8654 -0.1684 0.3380 0.9656
0.0000 0.3627 -19.6075 0.0000 -0.6661 -0.7458 0.3254 0.9924
-0.0398 0.3742 -19.6075 -0.1889 -0.6541 -0.7324 0.3265 0.9926
-3.5292 0.0770 -16.6722 -0.9640 0.2454 -0.1022 0.2389 0.0891
-3.7331 0.1702 -14.5259 -0.9612 0.2710 -0.0518 0.2433 0.1517
-3.7805 -0.0161 -14.5259 -0.0162 -0.9995 -0.0276 0.4376 0.8484
-3.5292 0.0770 -16.6722 -0.0191 -0.9991 -0.0373 0.4298 0.9113
-3.7805 -0.0161 -14.5259 -0.0162 -0.9995 -0.0276 0.4376 0.8484
-3.7805 -0.0161 -14.5259 -0.0162 -0.9995 -0.0276 0.4376 0.8484
-0.5125 0.2204 -17.8370 0.0518 -0.9951 -0.0842 0.3428 0.9436
-0.3345 0.2932 -18.5868 0.0518 -0.9951 -0.0842 0.3380 0.9656
-3.4394 0.1065 -16.3743 0.9578 -0.0209 -0.2866 0.4260 0.9029
-3.5292 0.0770 -16.6722 0.9578 -0.0209 -0.2866 0.4298 0.9113
-3.4405 0.0626 -16.3747 0.9578 -0.0209 -0.2866 0.4272 0.9025
-2.4385 0.1386 -16.6431 -0.2564 0.0013 -0.9666 0.3983 0.9119
-3.4394 0.1065 -16.3743 -0.2593 0.0091 -0.9657 0.4275 0.9038
-3.4405 0.0626 -16.3747 -0.2593 0.0091 -0.9657 0.4272 0.9025
-2.4385 0.1386 -16.6431 -0.2564 0.0013 -0.9666 0.3983 0.9119
-3.4405 0.0626 -16.3747 -0.2593 0.0091 -0.9657 0.4272 0.9025
-2.3086 0.0353 -16.6786 -0.2490 -0.0176 -0.9683 0.3938 0.9098
-0.6962 0.2798 -17.0947 -0.2463 -0.0245 -0.9689 0.3488 0.9264
-2.4385 0.1386 -16.6431 -0.2564 0.0013 -0.9666 0.3983 0.9119
-2.3086 0.0353 -16.6786 -0.2490 -0.0176 -0.9683 0.3938 0.9098
-0.6962 0.2798 -17.0947 -0.2463 -0.0245 -0.9689 0.3488 0.9264
-2.3086 0.0353 -16.6786 -0.2490 -0.0176 -0.9683 0.3938 0.9098
-0.6485 0.1488 -17.0984 -0.2463 -0.0245 -0.9689 0.3466 0.9229
-0.3345 0.2932 -18.5868 -0.0695 0.9975 -0.0095 0.1447 0.0345
-0.5457 0.2860 -17.7926 -0.0695 0.9975 -0.0095 0.1505 0.0575
-0.5770 0.2767 -18.5413 -0.0695 0.9975 -0.0095 0.1517 0.0359
-0.6962 0.2798 -17.0947 -0.9221 -0.3300 -0.2019 0.3504 0.9236
-0.6485 0.1488 -17.0984 -0.9221 -0.3300 -0.2019 0.3466 0.9229
-0.5125 0.2204 -17.8370 -0.9221 -0.3300 -0.2019 0.3428 0.9436
-0.6962 0.2798 -17.0947 -0.9221 -0.3300 -0.2019 0.3504 0.9236
-0.5125 0.2204 -17.8370 -0.9221 -0.3300 -0.2019 0.3428 0.9436
-0.5457 0.2860 -17.7926 -0.9221 -0.3300 -0.2019 0.3450 0.9426
-0.5770 0.2767 -18.5413 -0.8794 -0.4741 0.0427 0.3446 0.9643
-0.5457 0.2860 -17.7926 -0.8794 -0.4741 0.0427 0.3450 0.9426
-0.5125 0.2204 -17.8370 -0.8794 -0.4741 0.0427 0.3428 0.9436
-0.3502 -0.5299 4.7980 0.9999 0.0000 -0.0141 0.9010 0.4895
-0.3502 -0.5299 4.7980 0.9999 0.0000 -0.0141 0.9010 0.4895
-0.3502 -0.5299 2.8555 1.0000 0.0000 0.0000 0.9017 0.5451
-0.3413 -0.5298 5.1103 0.9996 0.0000 -0.0282 0.9011 0.4806
-0.3413 -0.5298 5.1103 0.9996 0.0000 -0.0282 0.9011 0.4806
-0.3502 -0.5299 4.7980 0.9999 0.0000 -0.0141 0.9010 0.4895
-0.3502 -0.5299 2.8555 0.0000 0.0000 1.0000 0.8810 0.5654
-0.3502 0.1714 2.8555 0.0000 0.0000 1.0000 0.8816 0.5454
-0.3502 -0.5299 2.8555 0.0000 0.0000 1.0000 0.8810 0.5654
-0.1644 -0.5729 2.8555 0.0000 0.0000 1.0000 0.8757 0.5666
0.0000 -0.5884 5.1101 0.0000 0.0000 -1.0000 0.8707 0.4584
0.0000 -0.5884 5.1101 0.0000 0.0000 -1.0000 0.8707 0.4584
-0.1602 -0.5727 5.1101 -0.0004 0.0000 -1.0000 0.8753 0.4588
-0.1644 -0.5729 2.8555 0.0000 0.0000 1.0000 0.8757 0.5666
-0.1644 -0.5729 2.8555 0.0000 0.0000 1.0000 0.8757 0.5666
0.0000 -0.5885 2.8555 0.0000 0.0000 1.0000 0.8712 0.5670
-0.1602 -0.5727 5.1101 -0.0004 0.0000 -1.0000 0.8753 0.4588
-0.3413 0.1716 5.1103 -0.0010 0.0000 -1.0000 0.8812 0.4804
-0.1602 -0.5727 5.1101 -0.0004 0.0000 -1.0000 0.8753 0.4588
-0.3413 0.1716 5.1103 -0.0010 0.0000 -1.0000 0.8812 0.4804
-0.3413 -0.5298 5.1103 -0.0010 0.0000 -1.0000 0.8805 0.4599
-1.3832 -0.2154 -9.5519 -0.0003 0.0000 1.0000 0.9297 0.5218
-1.3832 -0.2154 -9.5519 -0.0003 0.0000 1.0000 0.9297 0.5218
-1.2022 -0.2626 -9.5518 -0.0003 0.0000 1.0000 0.9296 0.5163
-2.8322 -0.1358 -8.7039 1.0000 0.0000 0.0000 0.9623 0.5733
-2.8322 -0.1358 -8.7039 1.0000 0.0000 0.0000 0.9623 0.5733
-2.8322 -0.1212 -9.5523 1.0000 0.0000 0.0000 0.9368 0.5734
-1.2025 -0.2894 -8.7039 0.0000 0.0000 -1.0000 0.9695 0.5164
-1.2025 -0.2894 -8.7039 0.0000 0.0000 -1.0000 0.9695 0.5164
-1.4277 -0.2350 -8.7039 0.0000 0.0000 -1.0000 0.9693 0.5232
-2.8322 -0.1212 -9.5523 -0.0003 0.0000 1.0000 0.9285 0.5648
-2.8322 0.1507 -9.5523 -0.0003 0.0000 1.0000 0.9367 0.5652
-2.8322 -0.1212 -9.5523 -0.0003 0.0000 1.0000 0.9285 0.5648
-1.7346 -0.1410 -9.5520 -0.0003 0.0000 1.0000 0.9299 0.5324
-1.0669 -0.3222 -8.7039 0.0000 -0.0000 -1.0000 0.9696 0.5123
-1.0669 -0.3222 -8.7039 0.0000 -0.0000 -1.0000 0.9696 0.5123
-1.2025 -0.2894 -8.7039 0.0000 0.0000 -1.0000 0.9695 0.5164
-1.2022 -0.2626 -9.5518 -0.0003 0.0000 1.0000 0.9296 0.5163
-1.2022 -0.2626 -9.5518 -0.0003 0.0000 1.0000 0.9296 0.5163
-1.0437 -0.3038 -9.5518 -0.0007 -0.0004 1.0000 0.9295 0.5115
-0.1644 -0.5729 -8.7039 -1.0000 0.0000 0.0000 0.9615 0.4510
-0.1644 -0.5729 -9.5507 -1.0000 0.0000 0.0000 0.9370 0.4511
-0.1644 -0.5729 -8.7039 -1.0000 0.0000 0.0000 0.9615 0.4510
-1.4277 -0.2350 -8.7039 0.0000 0.0000 -1.0000 0.9693 0.5232
-1.4277 -0.2350 -8.7039 0.0000 0.0000 -1.0000 0.9693 0.5232
-1.8046 -0.1571 -8.7039 0.0000 0.0000 -1.0000 0.9689 0.5346
-1.7346 -0.1410 -9.5520 -0.0003 0.0000 1.0000 0.9299 0.5324
-1.7346 -0.1410 -9.5520 -0.0003 0.0000 1.0000 0.9299 0.5324
-1.3832 -0.2154 -9.5519 -0.0003 0.0000 1.0000 0.9297 0.5218
-1.8046 -0.1571 -8.7039 0.0000 0.0000 -1.0000 0.9689 0.5346
-2.8322 0.1361 -8.7039 0.0000 0.0000 -1.0000 0.9621 0.5651
-1.8046 -0.1571 -8.7039 0.0000 0.0000 -1.0000 0.9689 0.5346
-2.8322 0.1361 -8.7039 0.0000 0.0000 -1.0000 0.9621 0.5651
-2.8322 -0.1358 -8.7039 0.0000 0.0000 -1.0000 0.9702 0.5647
-1.4277 0.0370 -8.7039 -0.1032 -0.9944 -0.0247 0.9615 0.5247
-1.2025 -0.0175 -8.7039 -0.1032 -0.9944 -0.0247 0.9617 0.5180
-1.0669 -0.0503 -8.7039 -0.1032 -0.9944 -0.0247 0.9618 0.5140
-1.0669 -0.0503 -8.7039 -0.1032 -0.9944 -0.0247 0.9618 0.5140
-1.0437 -0.0319 -9.5518 -0.1032 -0.9944 -0.0247 0.9372 0.5134
-1.2022 0.0094 -9.5518 -0.1032 -0.9944 -0.0247 0.9373 0.5181
-1.2022 0.0094 -9.5518 -0.1032 -0.9944 -0.0247 0.9373 0.5181
-1.3832 0.0565 -9.5519 -0.1032 -0.9944 -0.0247 0.9374 0.5234
-1.7346 0.1309 -9.5520 -0.1032 -0.9944 -0.0247 0.9377 0.5335
-1.7346 0.1309 -9.5520 -0.1032 -0.9944 -0.0247 0.9377 0.5335
-2.8322 0.1507 -9.5523 -0.1032 -0.9944 -0.0247 0.9367 0.5652
-2.8322 0.1361 -8.7039 -0.1032 -0.9944 -0.0247 0.9621 0.5651
-1.7346 0.1309 -9.5520 -0.1032 -0.9944 -0.0247 0.9377 0.5335
-2.8322 0.1361 -8.7039 -0.1032 -0.9944 -0.0247 0.9621 0.5651
-1.8046 0.1148 -8.7039 -0.1032 -0.9944 -0.0247 0.9611 0.5356
-1.0669 -0.0503 -8.7039 -0.1032 -0.9944 -0.0247 0.9618 0.5140
-1.2022 0.0094 -9.5518 -0.1032 -0.9944 -0.0247 0.9373 0.5181
-1.7346 0.1309 -9.5520 -0.1032 -0.9944 -0.0247 0.9377 0.5335
-1.7346 0.1309 -9.5520 -0.1032 -0.9944 -0.0247 0.9377 0.5335
-1.8046 0.1148 -8.7039 -0.1032 -0.9944 -0.0247 0.9611 0.5356
-1.4277 0.0370 -8.7039 -0.1032 -0.9944 -0.0247 0.9615 0.5247
-1.4277 0.0370 -8.7039 -0.1032 -0.9944 -0.0247 0.9615 0.5247
-1.0669 -0.0503 -8.7039 -0.1032 -0.9944 -0.0247 0.9618 0.5140
-1.7346 0.1309 -9.5520 -0.1032 -0.9944 -0.0247 0.9377 0.5335
-0.1644 0.3831 -8.7039 0.0000 -1.0000 0.0000 0.9616 0.4786
-0.1644 0.3831 -9.5507 0.0000 -1.0000 0.0000 0.9371 0.4787
-0.1644 0.3831 -8.7039 0.0000 -1.0000 0.0000 0.9616 0.4786
-1.0669 -0.0503 -8.7039 0.9590 -0.2834 0.0100 0.9618 0.5140
-0.9299 0.3831 -8.7039 0.9590 -0.2834 0.0100 0.9617 0.5008
-0.9299 0.3831 -9.5507 0.9590 -0.2834 0.0100 0.9372 0.5009
-1.0669 -0.0503 -8.7039 0.9590 -0.2834 0.0100 0.9618 0.5140
-0.9299 0.3831 -9.5507 0.9590 -0.2834 0.0100 0.9372 0.5009
-1.0437 -0.0319 -9.5518 0.9590 -0.2834 0.0100 0.9372 0.5134
-1.0669 -0.3222 -8.7039 0.0000 -0.0000 -1.0000 0.9821 0.5047
-0.8008 -0.3984 -8.7039 0.0000 -0.0000 -1.0000 0.9843 0.4970
-0.5640 -0.4660 -8.7039 0.0000 -0.0000 -1.0000 0.9862 0.4901
-0.5640 -0.4660 -8.7039 0.0000 -0.0000 -1.0000 0.9862 0.4901
-0.3502 -0.5299 -8.7039 0.0000 -0.0000 -1.0000 0.9881 0.4839
-0.1644 -0.5729 -8.7039 0.0000 -0.0000 -1.0000 0.9893 0.4785
-0.1644 -0.5729 -8.7039 0.0000 -0.0000 -1.0000 0.9893 0.4785
-0.1644 0.3831 -8.7039 0.0000 -0.0000 -1.0000 0.9616 0.4786
-0.9299 0.3831 -8.7039 0.0000 -0.0000 -1.0000 0.9617 0.5008
-0.9299 0.3831 -8.7039 0.0000 -0.0000 -1.0000 0.9617 0.5008
-1.0669 -0.0503 -8.7039 0.0000 -0.0000 -1.0000 0.9743 0.5047
-1.0669 -0.3222 -8.7039 0.0000 -0.0000 -1.0000 0.9821 0.5047
-1.0669 -0.3222 -8.7039 0.0000 -0.0000 -1.0000 0.9821 0.5047
-0.5640 -0.4660 -8.7039 0.0000 -0.0000 -1.0000 0.9862 0.4901
-0.1644 -0.5729 -8.7039 0.0000 -0.0000 -1.0000 0.9893 0.4785
-0.1644 -0.5729 -8.7039 0.0000 -0.0000 -1.0000 0.9893 0.4785
-0.9299 0.3831 -8.7039 0.0000 -0.0000 -1.0000 0.9617 0.5008
-1.0669 -0.3222 -8.7039 0.0000 -0.0000 -1.0000 0.9821 0.5047
-1.0437 -0.3038 -9.5518 -0.0007 -0.0004 1.0000 0.9173 0.5043
-1.0437 -0.0319 -9.5518 -0.0007 -0.0004 1.0000 0.9252 0.5042
-0.9299 0.3831 -9.5507 -0.0010 -0.0006 1.0000 0.9372 0.5009
-0.9299 0.3831 -9.5507 -0.0010 -0.0006 1.0000 0.9372 0.5009
-0.1644 0.3831 -9.5507 -0.0010 -0.0006 1.0000 0.9371 0.4787
-0.1644 -0.5729 -9.5507 -0.0010 -0.0006 1.0000 0.9094 0.4789
-0.1644 -0.5729 -9.5507 -0.0010 -0.0006 1.0000 0.9094 0.4789
-0.3496 -0.5276 -9.5509 -0.0010 -0.0006 1.0000 0.9108 0.4842
-0.5598 -0.4577 -9.5512 -0.0010 -0.0006 1.0000 0.9128 0.4903
-0.7878 -0.3842 -9.5514 -0.0010 -0.0006 1.0000 0.9150 0.4969
-1.0437 -0.3038 -9.5518 -0.0007 -0.0004 1.0000 0.9173 0.5043
-0.9299 0.3831 -9.5507 -0.0010 -0.0006 1.0000 0.9372 0.5009
-0.1644 -0.5729 -9.5507 -0.0010 -0.0006 1.0000 0.9094 0.4789
-0.5598 -0.4577 -9.5512 -0.0010 -0.0006 1.0000 0.9128 0.4903
-0.7878 -0.3842 -9.5514 -0.0010 -0.0006 1.0000 0.9150 0.4969
-0.9299 0.3831 -9.5507 -0.0010 -0.0006 1.0000 0.9372 0.5009
-0.1644 -0.5729 -9.5507 -0.0010 -0.0006 1.0000 0.9094 0.4789
-0.7878 -0.3842 -9.5514 -0.0010 -0.0006 1.0000 0.9150 0.4969
0.0000 0.5060 9.0525 -0.3371 0.9079 0.2492 0.1280 0.8328
-0.0317 0.5731 8.7649 -0.9465 0.2709 0.1754 0.1305 0.8242
-0.0317 0.5731 8.7649 -0.9465 0.2709 0.1754 0.1305 0.8242
0.0000 0.5060 9.0525 -0.9471 0.2732 0.1682 0.1280 0.8328
-0.3274 0.5363 8.4927 -0.3422 0.9182 0.1993 0.1392 0.8174
-0.3274 0.5363 8.4927 -0.3422 0.9182 0.1993 0.1392 0.8174
-0.1259 0.5345 8.7780 -0.2367 0.9575 0.1652 0.1332 0.8250
-0.1259 0.5345 8.7780 -0.2367 0.9575 0.1652 0.1332 0.8250
-0.1259 0.5345 8.7780 -0.2367 0.9575 0.1652 0.1332 0.8250
0.0000 -0.2168 13.1935 0.0000 0.9890 0.1482 0.1288 0.9646
-0.0099 -0.2219 13.1935 -0.5136 0.8449 0.1491 0.1291 0.9647
-0.0099 -0.2219 13.1935 -0.5136 0.8449 0.1491 0.1291 0.9647
-0.3502 0.1714 2.8555 -0.1652 -0.9863 0.0005 0.8816 0.5454
-0.3502 0.1714 4.7980 -0.1652 -0.9863 0.0005 0.8809 0.4893
-0.3413 0.1716 5.1103 -0.1652 -0.9863 0.0005 0.8812 0.4804
-0.1602 0.1287 5.1101 -0.1652 -0.9863 0.0005 0.8757 0.4797
0.0000 0.1130 5.1101 0.0000 -1.0000 0.0005 0.8708 0.4794
0.0000 0.1128 2.8555 0.0000 -1.0000 0.0005 0.8711 0.5463
-0.3502 0.1714 2.8555 -0.1652 -0.9863 0.0005 0.8816 0.5454
-0.3413 0.1716 5.1103 -0.1652 -0.9863 0.0005 0.8812 0.4804
-0.1602 0.1287 5.1101 -0.1652 -0.9863 0.0005 0.8757 0.4797
0.0000 0.1128 2.8555 0.0000 -1.0000 0.0005 0.8711 0.5463
-0.1644 0.1285 2.8555 -0.1652 -0.9863 0.0005 0.8760 0.5461
-0.3502 0.1714 2.8555 -0.1652 -0.9863 0.0005 0.8816 0.5454
-0.1602 0.1287 5.1101 -0.1652 -0.9863 0.0005 0.8757 0.4797
0.0000 0.1128 2.8555 0.0000 -1.0000 0.0005 0.8711 0.5463
-0.3502 0.1714 2.8555 -0.1652 -0.9863 0.0005 0.8816 0.5454
-0.0165 -0.2291 13.1935 -0.5667 0.8145 0.1246 0.1294 0.9647
-0.0217 -0.2505 13.1935 -0.8749 -0.4836 0.0262 0.3240 0.0445
0.0000 -0.2386 14.1366 0.0000 -0.9990 0.0452 0.3231 0.0166
0.0000 -0.2386 14.1366 0.0000 -0.9990 0.0452 0.3231 0.0166
-0.0147 -0.2588 13.1935 -0.3857 -0.9188 0.0836 0.3237 0.0445
-0.0147 -0.2588 13.1935 -0.3857 -0.9188 0.0836 0.3237 0.0445
0.0000 -0.2657 13.1935 0.0000 -0.9972 0.0749 0.3232 0.0445
0.0000 -0.2657 13.1935 0.0000 -0.9972 0.0749 0.3232 0.0445
-0.0241 -0.2357 13.1935 -0.9997 0.0023 0.0255 0.3244 0.0444
0.0000 -0.2386 14.1366 0.0000 -0.9990 0.0452 0.3231 0.0166
-0.0241 -0.2431 13.1935 -0.9879 -0.1528 0.0259 0.3242 0.0444
-0.0165 -0.2291 13.1935 -0.5667 0.8145 0.1246 0.1294 0.9647
0.0000 -0.2657 13.1935 0.0000 -0.9972 0.0749 0.3232 0.0445
-0.0147 -0.2588 13.1935 -0.3857 -0.9188 0.0836 0.3237 0.0445
-0.0147 -0.2588 13.1935 -0.3857 -0.9188 0.0836 0.3237 0.0445
0.0000 0.4239 -19.6622 -0.0000 0.7568 -0.6537 0.1304 0.0052
0.0000 0.4239 -19.6622 -0.0000 0.7568 -0.6537 0.1304 0.0052
0.0000 0.4239 -19.6622 -0.0000 0.7568 -0.6537 0.1304 0.0052
-0.0241 -0.2357 13.1935 -0.5447 -0.8235 0.1588 0.3244 0.0444
0.0000 0.4554 -19.6075 -0.0000 0.9846 -0.1746 0.1304 0.0070
-0.0099 -0.2219 13.1935 -0.5136 0.8449 0.1491 0.1291 0.9647
-0.0165 -0.2291 13.1935 -0.5667 0.8145 0.1246 0.1294 0.9647
-0.0165 -0.2291 13.1935 -0.5667 0.8145 0.1246 0.1294 0.9647
-3.8321 -0.1151 -8.7039 -0.0272 -0.9996 -0.0012 0.4376 0.6791
-3.8321 -0.1151 -8.7039 -0.0272 -0.9996 -0.0012 0.4376 0.6791
-3.7805 -0.0161 -14.5259 -0.0162 -0.9995 -0.0276 0.4376 0.8484
-3.8321 -0.1151 -8.7039 -0.0272 -0.9996 -0.0012 0.4376 0.6791
-3.8321 -0.1151 -8.7039 -0.0272 -0.9996 -0.0012 0.4376 0.6791
-3.7805 -0.0161 -14.5259 -0.0162 -0.9995 -0.0276 0.4376 0.8484
-3.7805 -0.0161 -14.5259 -0.0162 -0.9995 -0.0276 0.4376 0.8484
-0.1259 0.5345 8.7780 -0.2367 0.9575 0.1652 0.1332 0.8250
0.0000 0.4239 -19.6622 -0.6045 -0.3193 -0.7299 0.3254 0.9948
-0.0583 0.4092 -19.6075 -0.6045 -0.3193 -0.7299 0.3274 0.9932
-0.0398 0.3742 -19.6075 -0.6045 -0.3193 -0.7299 0.3265 0.9926
-0.0583 0.4092 -19.6075 -0.8026 -0.5248 -0.2837 0.3274 0.9932
-0.3345 0.2932 -18.5868 -0.8954 -0.3449 -0.2815 0.3380 0.9656
-0.0583 0.4092 -19.6075 -0.8026 -0.5248 -0.2837 0.3274 0.9932
-1.9088 -0.0461 6.1715 -0.2160 -0.9762 0.0178 0.3816 0.2477
-1.8379 -0.0458 6.8618 -0.2247 -0.9742 0.0199 0.3795 0.2276
0.0000 0.4554 -19.6075 -0.0000 0.9846 -0.1746 0.1304 0.0070
-1.8379 -0.0458 6.8618 -0.2247 -0.9742 0.0199 0.3795 0.2276
-1.7405 -0.0455 7.5683 -0.1017 0.9943 0.0315 0.1855 0.7900
0.0000 0.4554 -19.6075 -0.0000 0.9846 -0.1746 0.1304 0.0070
0.0000 0.4554 -19.6075 -0.0000 0.9846 -0.1746 0.1304 0.0070
-0.5010 -0.4848 -1.8551 1.0000 0.0000 0.0000 0.8314 0.5348
-0.5010 -0.4848 -1.3921 1.0000 0.0000 0.0000 0.8314 0.5214
-0.5010 -0.4848 -1.8551 1.0000 0.0000 0.0000 0.8314 0.5348
-0.5010 -0.4848 -2.3941 -0.2866 -0.9580 -0.0000 0.3392 0.4963
-0.5010 -0.4848 -2.3941 -0.2866 -0.9580 -0.0000 0.3392 0.4963
-0.5010 -0.4848 -2.3941 -0.2866 -0.9580 -0.0000 0.3392 0.4963
-0.5010 -0.4848 -2.3941 -0.2866 -0.9580 -0.0000 0.3392 0.4963
-3.3778 -0.0608 -12.4141 0.0000 -0.0000 1.0000 0.7751 0.5361
-3.5070 -0.0581 -12.4141 0.0000 -0.0000 1.0000 0.7751 0.5398
-3.5070 -0.0398 -12.4141 0.0000 -0.0000 1.0000 0.7756 0.5398
-3.5070 -0.0398 -12.4141 0.0000 -0.0000 1.0000 0.7756 0.5398
-2.5050 -0.0398 -12.4141 0.0000 -0.0000 1.0000 0.7760 0.5108
-2.5050 -0.0717 -12.4141 0.0000 -0.0000 1.0000 0.7751 0.5108
-3.5070 -0.0398 -12.4141 0.0000 -0.0000 1.0000 0.7756 0.5398
-2.5050 -0.0717 -12.4141 0.0000 -0.0000 1.0000 0.7751 0.5108
-3.3778 -0.0608 -12.4141 0.0000 -0.0000 1.0000 0.7751 0.5361
-2.5050 -0.0717 -12.4141 -1.0000 0.0000 0.0000 0.7760 0.5099
-2.5050 -0.0398 -12.4141 -1.0000 0.0000 0.0000 0.7760 0.5108
-2.5050 -0.0398 -11.4121 -1.0000 0.0000 0.0000 0.8050 0.5112
-2.5050 -0.0717 -12.4141 -1.0000 0.0000 0.0000 0.7760 0.5099
-2.5050 -0.0398 -11.4121 -1.0000 0.0000 0.0000 0.8050 0.5112
-2.5050 -0.0905 -11.4121 -1.0000 0.0000 0.0000 0.8050 0.5097
-3.5070 -0.0753 -11.4121 1.0000 0.0000 0.0000 0.8046 0.5412
-3.5070 -0.0398 -11.4121 1.0000 0.0000 0.0000 0.8046 0.5402
-3.5070 -0.0398 -12.4141 1.0000 0.0000 0.0000 0.7756 0.5398
-3.5070 -0.0753 -11.4121 1.0000 0.0000 0.0000 0.8046 0.5412
-3.5070 -0.0398 -12.4141 1.0000 0.0000 0.0000 0.7756 0.5398
-3.5070 -0.0581 -12.4141 1.0000 0.0000 0.0000 0.7756 0.5404
-3.1868 -0.0819 -11.4121 0.0000 0.0000 -1.0000 0.8060 0.5309
-2.5050 -0.0905 -11.4121 0.0000 0.0000 -1.0000 0.8065 0.5112
-2.5050 -0.0398 -11.4121 0.0000 0.0000 -1.0000 0.8050 0.5112
-2.5050 -0.0398 -11.4121 0.0000 0.0000 -1.0000 0.8050 0.5112
-3.5070 -0.0398 -11.4121 0.0000 0.0000 -1.0000 0.8046 0.5402
-3.5070 -0.0753 -11.4121 0.0000 0.0000 -1.0000 0.8057 0.5402
-2.5050 -0.0398 -11.4121 0.0000 0.0000 -1.0000 0.8050 0.5112
-3.5070 -0.0753 -11.4121 0.0000 0.0000 -1.0000 0.8057 0.5402
-3.1868 -0.0819 -11.4121 0.0000 0.0000 -1.0000 0.8060 0.5309
1.9750 -0.0467 4.7980 0.1261 0.9920 0.0036 0.0663 0.7074
1.9750 -0.0467 4.7980 0.1261 0.9920 0.0036 0.0663 0.7074
1.9750 -0.0467 -1.8551 0.1295 0.9916 0.0000 0.0619 0.5161
1.8379 -0.0458 6.8618 0.2247 -0.9742 0.0199 0.2680 0.2279
1.9750 -0.0467 4.7980 0.1261 0.9920 0.0036 0.0663 0.7074
1.9088 -0.0461 6.1715 0.2160 -0.9762 0.0178 0.2661 0.2480
1.7405 -0.0455 7.5683 0.1017 0.9943 0.0315 0.0697 0.7901
1.6219 -0.0624 8.3309 0.3039 -0.9519 0.0400 0.2741 0.1851
1.6219 -0.0624 8.3309 0.3039 -0.9519 0.0400 0.2741 0.1851
1.6219 -0.0624 8.3309 0.3039 -0.9519 0.0400 0.2741 0.1851
1.4540 -0.0624 9.0525 0.3296 -0.9415 0.0704 0.2788 0.1641
1.4540 -0.0624 9.0525 0.3296 -0.9415 0.0704 0.2788 0.1641
1.4540 -0.0624 9.0525 0.3296 -0.9415 0.0704 0.2788 0.1641
1.1399 -0.1026 10.1153 0.0802 0.9944 0.0695 0.0889 0.8699
1.1399 -0.1026 10.1153 0.0802 0.9944 0.0695 0.0889 0.8699
1.1399 -0.1026 10.1153 0.0802 0.9944 0.0695 0.0889 0.8699
0.5957 -0.1860 11.5620 0.4060 -0.9082 0.1013 0.3050 0.0918
0.5957 -0.1860 11.5620 0.4060 -0.9082 0.1013 0.3050 0.0918
0.5957 -0.1860 11.5620 0.4060 -0.9082 0.1013 0.3050 0.0918
0.2771 -0.2140 12.4768 0.0181 0.9992 0.0361 0.1190 0.9422
0.2771 -0.2140 12.4768 0.0181 0.9992 0.0361 0.1190 0.9422
0.2771 -0.2140 12.4768 0.0181 0.9992 0.0361 0.1190 0.9422
0.0099 -0.2219 13.1935 0.5136 0.8449 0.1491 0.1284 0.9647
0.0241 -0.2431 13.1935 0.9879 -0.1528 0.0259 0.3222 0.0444
0.0217 -0.2505 13.1935 0.8749 -0.4836 0.0262 0.3224 0.0445
0.0000 -0.2386 14.1366 0.0000 -0.9990 0.0452 0.3231 0.0166
0.0239 -0.2343 13.1935 0.5761 0.8171 0.0184 0.1278 0.9647
0.0239 -0.2343 13.1935 0.9931 0.1147 0.0257 0.1278 0.9647
0.0241 -0.2357 13.1935 0.9931 0.1147 0.0257 0.1278 0.9647
0.0000 -0.2386 14.1366 0.9931 0.1147 0.0257 0.1289 0.9948
1.9750 -0.0467 -1.8551 0.1295 0.9916 0.0000 0.0619 0.5161
1.9750 -0.0467 -1.8551 0.1295 0.9916 0.0000 0.0619 0.5161
1.9750 -0.0467 -2.9055 0.1414 -0.9898 0.0162 0.2648 0.5113
1.9750 -0.0467 -2.9055 0.1414 -0.9898 0.0162 0.2648 0.5113
3.6816 0.0761 -6.1501 0.9473 0.3186 0.0320 0.0167 0.3905
3.7337 0.1702 -8.7039 0.9516 0.3069 0.0149 0.0139 0.3185
3.7337 0.1702 -8.7039 0.9516 0.3069 0.0149 0.0139 0.3185
3.6980 -0.0447 -5.5010 0.0491 -0.9986 0.0200 0.2154 0.5868
3.6980 -0.0447 -5.5010 0.0491 -0.9986 0.0200 0.2154 0.5868
3.8321 -0.1151 -8.7039 0.0272 -0.9996 -0.0012 0.2118 0.6796
3.6980 -0.0447 -5.5010 0.0491 -0.9986 0.0200 0.2154 0.5868
3.6980 -0.0447 -5.5010 0.1942 0.9711 0.1389 0.0146 0.4089
1.9750 -0.0467 -2.9055 0.1414 -0.9898 0.0162 0.2648 0.5113
3.6980 -0.0447 -5.5010 0.0491 -0.9986 0.0200 0.2154 0.5868
3.6980 -0.0447 -5.5010 0.0491 -0.9986 0.0200 0.2154 0.5868
3.8321 -0.1151 -8.7039 0.0272 -0.9996 -0.0012 0.2118 0.6796
3.7337 0.1702 -8.7039 0.9516 0.3069 0.0149 0.0139 0.3185
3.7331 0.1702 -14.5259 0.9612 0.2710 -0.0518 0.0165 0.1508
3.7331 0.1702 -14.5259 0.9612 0.2710 -0.0518 0.0165 0.1508
0.3345 0.2932 -18.5868 0.4719 -0.8654 -0.1684 0.3127 0.9656
0.3345 0.2932 -18.5868 0.4719 -0.8654 -0.1684 0.3127 0.9656
0.0000 0.3627 -19.6075 0.0000 -0.6661 -0.7458 0.3254 0.9924
0.0398 0.3742 -19.6075 0.1889 -0.6541 -0.7324 0.3243 0.9926
3.7331 0.1702 -14.5259 0.9612 0.2710 -0.0518 0.0165 0.1508
3.5292 0.0770 -16.6722 0.9640 0.2454 -0.1022 0.0214 0.0883
3.7805 -0.0161 -14.5259 0.0162 -0.9995 -0.0276 0.2125 0.8489
3.7805 -0.0161 -14.5259 0.0162 -0.9995 -0.0276 0.2125 0.8489
3.5292 0.0770 -16.6722 0.0191 -0.9991 -0.0373 0.2207 0.9117
3.7805 -0.0161 -14.5259 0.0162 -0.9995 -0.0276 0.2125 0.8489
0.5125 0.2204 -17.8370 -0.0518 -0.9951 -0.0842 0.3078 0.9437
0.3345 0.2932 -18.5868 -0.0518 -0.9951 -0.0842 0.3127 0.9656
3.4394 0.1065 -16.3743 -0.9578 -0.0209 -0.2866 0.2244 0.9033
3.4405 0.0626 -16.3747 -0.9578 -0.0209 -0.2866 0.2232 0.9030
3.5292 0.0770 -16.6722 -0.9578 -0.0209 -0.2866 0.2207 0.9117
2.4385 0.1386 -16.6431 0.2564 0.0013 -0.9666 0.2522 0.9122
2.3086 0.0353 -16.6786 0.2490 -0.0176 -0.9683 0.2566 0.9101
3.4405 0.0626 -16.3747 0.2593 0.0090 -0.9657 0.2232 0.9030
2.4385 0.1386 -16.6431 0.2564 0.0013 -0.9666 0.2522 0.9122
3.4405 0.0626 -16.3747 0.2593 0.0090 -0.9657 0.2232 0.9030
3.4394 0.1065 -16.3743 0.2593 0.0090 -0.9657 0.2229 0.9042
0.6962 0.2798 -17.0947 0.2463 -0.0245 -0.9689 0.3017 0.9265
0.6485 0.1488 -17.0984 0.2463 -0.0245 -0.9689 0.3038 0.9230
2.3086 0.0353 -16.6786 0.2490 -0.0176 -0.9683 0.2566 0.9101
0.6962 0.2798 -17.0947 0.2463 -0.0245 -0.9689 0.3017 0.9265
2.3086 0.0353 -16.6786 0.2490 -0.0176 -0.9683 0.2566 0.9101
2.4385 0.1386 -16.6431 0.2564 0.0013 -0.9666 0.2522 0.9122
0.3345 0.2932 -18.5868 0.0695 0.9975 -0.0095 0.1159 0.0344
0.5770 0.2767 -18.5413 0.0695 0.9975 -0.0095 0.1089 0.0358
0.5457 0.2860 -17.7926 0.0695 0.9975 -0.0095 0.1100 0.0574
0.6962 0.2798 -17.0947 0.9221 -0.3300 -0.2019 0.3001 0.9237
0.5457 0.2860 -17.7926 0.9221 -0.3300 -0.2019 0.3055 0.9427
0.5125 0.2204 -17.8370 0.9221 -0.3300 -0.2019 0.3078 0.9437
0.6962 0.2798 -17.0947 0.9221 -0.3300 -0.2019 0.3001 0.9237
0.5125 0.2204 -17.8370 0.9221 -0.3300 -0.2019 0.3078 0.9437
0.6485 0.1488 -17.0984 0.9221 -0.3300 -0.2019 0.3038 0.9230
0.5770 0.2767 -18.5413 0.8794 -0.4741 0.0427 0.3061 0.9643
0.5125 0.2204 -17.8370 0.8794 -0.4741 0.0427 0.3078 0.9437
0.5457 0.2860 -17.7926 0.8794 -0.4741 0.0427 0.3055 0.9427
0.3502 -0.5299 4.7980 -0.9999 0.0000 -0.0141 0.8406 0.4898
0.3502 -0.5299 2.8555 -1.0000 0.0000 0.0000 0.8404 0.5454
0.3502 -0.5299 4.7980 -0.9999 0.0000 -0.0141 0.8406 0.4898
0.3413 -0.5298 5.1103 -0.9996 0.0000 -0.0282 0.8404 0.4809
0.3502 -0.5299 4.7980 -0.9999 0.0000 -0.0141 0.8406 0.4898
0.3413 -0.5298 5.1103 -0.9996 0.0000 -0.0282 0.8404 0.4809
0.3502 -0.5299 2.8555 0.0000 0.0000 1.0000 0.8613 0.5655
0.1644 -0.5729 2.8555 0.0000 0.0000 1.0000 0.8666 0.5666
0.3502 -0.5299 2.8555 0.0000 0.0000 1.0000 0.8613 0.5655
0.3502 0.1714 2.8555 0.0000 0.0000 1.0000 0.8606 0.5455
0.0000 -0.5884 5.1101 0.0000 0.0000 -1.0000 0.8707 0.4584
0.1602 -0.5727 5.1101 0.0004 0.0000 -1.0000 0.8661 0.4588
0.0000 -0.5884 5.1101 0.0000 0.0000 -1.0000 0.8707 0.4584
0.1644 -0.5729 2.8555 0.0000 0.0000 1.0000 0.8666 0.5666
0.0000 -0.5885 2.8555 0.0000 0.0000 1.0000 0.8712 0.5670
0.1644 -0.5729 2.8555 0.0000 0.0000 1.0000 0.8666 0.5666
0.1602 -0.5727 5.1101 0.0004 0.0000 -1.0000 0.8661 0.4588
0.3413 -0.5298 5.1103 0.0010 0.0000 -1.0000 0.8609 0.4599
0.3413 0.1716 5.1103 0.0010 0.0000 -1.0000 0.8604 0.4805
0.1602 -0.5727 5.1101 0.0004 0.0000 -1.0000 0.8661 0.4588
0.3413 0.1716 5.1103 0.0010 0.0000 -1.0000 0.8604 0.4805
1.3832 -0.2154 -9.5519 0.0003 0.0000 1.0000 0.9690 0.5206
1.2022 -0.2626 -9.5518 0.0003 0.0000 1.0000 0.9691 0.5151
1.3832 -0.2154 -9.5519 0.0003 0.0000 1.0000 0.9690 0.5206
2.8322 -0.1358 -8.7039 -1.0000 0.0000 0.0000 0.9364 0.5721
2.8322 -0.1212 -9.5523 -1.0000 0.0000 0.0000 0.9618 0.5722
2.8322 -0.1358 -8.7039 -1.0000 0.0000 0.0000 0.9364 0.5721
1.2025 -0.2894 -8.7039 0.0000 0.0000 -1.0000 0.9292 0.5151
1.4277 -0.2350 -8.7039 0.0000 0.0000 -1.0000 0.9294 0.5220
1.2025 -0.2894 -8.7039 0.0000 0.0000 -1.0000 0.9292 0.5151
2.8322 -0.1212 -9.5523 0.0003 0.0000 1.0000 0.9702 0.5636
1.7346 -0.1410 -9.5520 0.0003 0.0000 1.0000 0.9688 0.5312
2.8322 -0.1212 -9.5523 0.0003 0.0000 1.0000 0.9702 0.5636
2.8322 0.1507 -9.5523 0.0003 0.0000 1.0000 0.9620 0.5640
1.0669 -0.3222 -8.7039 0.0000 0.0000 -1.0000 0.9291 0.5110
1.2025 -0.2894 -8.7039 0.0000 0.0000 -1.0000 0.9292 0.5151
1.0669 -0.3222 -8.7039 0.0000 0.0000 -1.0000 0.9291 0.5110
1.2022 -0.2626 -9.5518 0.0003 0.0000 1.0000 0.9691 0.5151
1.0437 -0.3038 -9.5518 0.0007 -0.0004 1.0000 0.9692 0.5103
1.2022 -0.2626 -9.5518 0.0003 0.0000 1.0000 0.9691 0.5151
0.1644 -0.5729 -8.7039 1.0000 0.0000 0.0000 0.9373 0.4498
0.1644 -0.5729 -8.7039 1.0000 0.0000 0.0000 0.9373 0.4498
0.1644 -0.5729 -9.5507 1.0000 0.0000 0.0000 0.9618 0.4499
1.4277 -0.2350 -8.7039 0.0000 0.0000 -1.0000 0.9294 0.5220
1.8046 -0.1571 -8.7039 0.0000 0.0000 -1.0000 0.9298 0.5334
1.4277 -0.2350 -8.7039 0.0000 0.0000 -1.0000 0.9294 0.5220
1.7346 -0.1410 -9.5520 0.0003 0.0000 1.0000 0.9688 0.5312
1.3832 -0.2154 -9.5519 0.0003 0.0000 1.0000 0.9690 0.5206
1.7346 -0.1410 -9.5520 0.0003 0.0000 1.0000 0.9688 0.5312
1.8046 -0.1571 -8.7039 0.0000 0.0000 -1.0000 0.9298 0.5334
2.8322 -0.1358 -8.7039 0.0000 0.0000 -1.0000 0.9284 0.5634
2.8322 0.1361 -8.7039 0.0000 0.0000 -1.0000 0.9365 0.5639
1.8046 -0.1571 -8.7039 0.0000 0.0000 -1.0000 0.9298 0.5334
2.8322 0.1361 -8.7039 0.0000 0.0000 -1.0000 0.9365 0.5639
1.8046 0.1148 -8.7039 0.1032 -0.9944 -0.0247 0.9375 0.5344
2.8322 0.1361 -8.7039 0.1032 -0.9944 -0.0247 0.9365 0.5639
2.8322 0.1507 -9.5523 0.1032 -0.9944 -0.0247 0.9620 0.5640
2.8322 0.1507 -9.5523 0.1032 -0.9944 -0.0247 0.9620 0.5640
1.7346 0.1309 -9.5520 0.1032 -0.9944 -0.0247 0.9610 0.5323
1.3832 0.0565 -9.5519 0.1032 -0.9944 -0.0247 0.9613 0.5223
1.3832 0.0565 -9.5519 0.1032 -0.9944 -0.0247 0.9613 0.5223
1.2022 0.0094 -9.5518 0.1032 -0.9944 -0.0247 0.9614 0.5169
1.0437 -0.0319 -9.5518 0.1032 -0.9944 -0.0247 0.9615 0.5122
1.0437 -0.0319 -9.5518 0.1032 -0.9944 -0.0247 0.9615 0.5122
1.0669 -0.0503 -8.7039 0.1032 -0.9944 -0.0247 0.9369 0.5127
1.2025 -0.0175 -8.7039 0.1032 -0.9944 -0.0247 0.9370 0.5168
1.4277 0.0370 -8.7039 0.1032 -0.9944 -0.0247 0.9372 0.5235
1.8046 0.1148 -8.7039 0.1032 -0.9944 -0.0247 0.9375 0.5344
2.8322 0.1507 -9.5523 0.1032 -0.9944 -0.0247 0.9620 0.5640
1.0437 -0.0319 -9.5518 0.1032 -0.9944 -0.0247 0.9615 0.5122
1.2025 -0.0175 -8.7039 0.1032 -0.9944 -0.0247 0.9370 0.5168
1.4277 0.0370 -8.7039 0.1032 -0.9944 -0.0247 0.9372 0.5235
2.8322 0.1507 -9.5523 0.1032 -0.9944 -0.0247 0.9620 0.5640
1.3832 0.0565 -9.5519 0.1032 -0.9944 -0.0247 0.9613 0.5223
1.0437 -0.0319 -9.5518 0.1032 -0.9944 -0.0247 0.9615 0.5122
2.8322 0.1507 -9.5523 0.1032 -0.9944 -0.0247 0.9620 0.5640
1.0437 -0.0319 -9.5518 0.1032 -0.9944 -0.0247 0.9615 0.5122
1.4277 0.0370 -8.7039 0.1032 -0.9944 -0.0247 0.9372 0.5235
0.1644 0.3831 -8.7039 0.0000 -1.0000 0.0000 0.9371 0.4774
0.1644 0.3831 -8.7039 0.0000 -1.0000 0.0000 0.9371 0.4774
0.1644 0.3831 -9.5507 0.0000 -1.0000 0.0000 0.9616 0.4776
1.0669 -0.0503 -8.7039 -0.9590 -0.2834 0.0100 0.9369 0.5127
1.0437 -0.0319 -9.5518 -0.9590 -0.2834 0.0100 0.9615 0.5122
0.9299 0.3831 -9.5507 -0.9590 -0.2834 0.0100 0.9615 0.4997
1.0669 -0.0503 -8.7039 -0.9590 -0.2834 0.0100 0.9369 0.5127
0.9299 0.3831 -9.5507 -0.9590 -0.2834 0.0100 0.9615 0.4997
0.9299 0.3831 -8.7039 -0.9590 -0.2834 0.0100 0.9370 0.4996
0.5640 -0.4660 -8.7039 0.0000 0.0000 -1.0000 0.9125 0.4889
0.8008 -0.3984 -8.7039 0.0000 0.0000 -1.0000 0.9144 0.4957
1.0669 -0.3222 -8.7039 0.0000 0.0000 -1.0000 0.9166 0.5034
1.0669 -0.3222 -8.7039 0.0000 0.0000 -1.0000 0.9166 0.5034
1.0669 -0.0503 -8.7039 0.0000 0.0000 -1.0000 0.9244 0.5035
0.9299 0.3831 -8.7039 0.0000 0.0000 -1.0000 0.9370 0.4996
0.9299 0.3831 -8.7039 0.0000 0.0000 -1.0000 0.9370 0.4996
0.1644 0.3831 -8.7039 0.0000 0.0000 -1.0000 0.9371 0.4774
0.1644 -0.5729 -8.7039 0.0000 0.0000 -1.0000 0.9095 0.4773
0.1644 -0.5729 -8.7039 0.0000 0.0000 -1.0000 0.9095 0.4773
0.3502 -0.5299 -8.7039 0.0000 0.0000 -1.0000 0.9107 0.4827
0.5640 -0.4660 -8.7039 0.0000 0.0000 -1.0000 0.9125 0.4889
0.5640 -0.4660 -8.7039 0.0000 0.0000 -1.0000 0.9125 0.4889
1.0669 -0.3222 -8.7039 0.0000 0.0000 -1.0000 0.9166 0.5034
0.9299 0.3831 -8.7039 0.0000 0.0000 -1.0000 0.9370 0.4996
0.9299 0.3831 -8.7039 0.0000 0.0000 -1.0000 0.9370 0.4996
0.1644 -0.5729 -8.7039 0.0000 0.0000 -1.0000 0.9095 0.4773
0.5640 -0.4660 -8.7039 0.0000 0.0000 -1.0000 0.9125 0.4889
0.9299 0.3831 -9.5507 0.0010 -0.0006 1.0000 0.9615 0.4997
1.0437 -0.0319 -9.5518 0.0007 -0.0004 1.0000 0.9735 0.5031
1.0437 -0.3038 -9.5518 0.0007 -0.0004 1.0000 0.9814 0.5031
0.9299 0.3831 -9.5507 0.0010 -0.0006 1.0000 0.9615 0.4997
1.0437 -0.3038 -9.5518 0.0007 -0.0004 1.0000 0.9814 0.5031
0.7878 -0.3842 -9.5514 0.0010 -0.0006 1.0000 0.9837 0.4957
0.1644 -0.5729 -9.5507 0.0010 -0.0006 1.0000 0.9893 0.4777
0.1644 0.3831 -9.5507 0.0010 -0.0006 1.0000 0.9616 0.4776
0.9299 0.3831 -9.5507 0.0010 -0.0006 1.0000 0.9615 0.4997
0.5598 -0.4577 -9.5512 0.0010 -0.0006 1.0000 0.9859 0.4891
0.3496 -0.5276 -9.5509 0.0010 -0.0006 1.0000 0.9880 0.4831
0.1644 -0.5729 -9.5507 0.0010 -0.0006 1.0000 0.9893 0.4777
0.9299 0.3831 -9.5507 0.0010 -0.0006 1.0000 0.9615 0.4997
0.7878 -0.3842 -9.5514 0.0010 -0.0006 1.0000 0.9837 0.4957
0.5598 -0.4577 -9.5512 0.0010 -0.0006 1.0000 0.9859 0.4891
0.5598 -0.4577 -9.5512 0.0010 -0.0006 1.0000 0.9859 0.4891
0.1644 -0.5729 -9.5507 0.0010 -0.0006 1.0000 0.9893 0.4777
0.9299 0.3831 -9.5507 0.0010 -0.0006 1.0000 0.9615 0.4997
0.0000 0.6665 8.7916 0.9446 0.2748 0.1795 0.1280 0.8236
0.0000 0.5060 9.0525 0.3371 0.9079 0.2492 0.1280 0.8328
0.0317 0.5731 8.7649 0.9465 0.2709 0.1754 0.1254 0.8242
0.0000 0.6665 8.7916 0.9446 0.2748 0.1795 0.1280 0.8236
0.0317 0.5731 8.7649 0.9465 0.2709 0.1754 0.1254 0.8242
0.0000 0.5060 9.0525 0.9471 0.2732 0.1682 0.1280 0.8328
0.0000 0.6665 8.7916 0.9446 0.2748 0.1795 0.1280 0.8236
0.3274 0.5363 8.4927 0.3422 0.9182 0.1993 0.1167 0.8174
0.3274 0.5363 8.4927 0.3422 0.9182 0.1993 0.1167 0.8174
0.1259 0.5345 8.7780 0.2367 0.9575 0.1652 0.1228 0.8250
0.1259 0.5345 8.7780 0.2367 0.9575 0.1652 0.1228 0.8250
0.1259 0.5345 8.7780 0.2367 0.9575 0.1652 0.1228 0.8250
0.0099 -0.2219 13.1935 0.5136 0.8449 0.1491 0.1284 0.9647
0.0099 -0.2219 13.1935 0.5136 0.8449 0.1491 0.1284 0.9647
0.0000 -0.2168 13.1935 0.0000 0.9890 0.1482 0.1288 0.9646
0.3413 0.1716 5.1103 0.1652 -0.9863 0.0005 0.8604 0.4805
0.3502 0.1714 4.7980 0.1652 -0.9863 0.0005 0.8607 0.4894
0.3502 0.1714 2.8555 0.1652 -0.9863 0.0005 0.8606 0.5455
0.3502 0.1714 2.8555 0.1652 -0.9863 0.0005 0.8606 0.5455
0.1644 0.1285 2.8555 0.1652 -0.9863 0.0005 0.8661 0.5461
0.0000 0.1128 2.8555 0.0000 -1.0000 0.0005 0.8711 0.5463
0.0000 0.1128 2.8555 0.0000 -1.0000 0.0005 0.8711 0.5463
0.0000 0.1130 5.1101 0.0000 -1.0000 0.0005 0.8708 0.4794
0.1602 0.1287 5.1101 0.1652 -0.9863 0.0005 0.8659 0.4798
0.1602 0.1287 5.1101 0.1652 -0.9863 0.0005 0.8659 0.4798
0.3413 0.1716 5.1103 0.1652 -0.9863 0.0005 0.8604 0.4805
0.3502 0.1714 2.8555 0.1652 -0.9863 0.0005 0.8606 0.5455
0.3502 0.1714 2.8555 0.1652 -0.9863 0.0005 0.8606 0.5455
0.0000 0.1128 2.8555 0.0000 -1.0000 0.0005 0.8711 0.5463
0.1602 0.1287 5.1101 0.1652 -0.9863 0.0005 0.8659 0.4798
0.0165 -0.2291 13.1935 0.5667 0.8145 0.1246 0.1281 0.9647
0.0217 -0.2505 13.1935 0.8749 -0.4836 0.0262 0.3224 0.0445
0.0000 -0.2386 14.1366 0.0000 -0.9990 0.0452 0.3231 0.0166
0.0000 -0.2386 14.1366 0.0000 -0.9990 0.0452 0.3231 0.0166
0.0147 -0.2588 13.1935 0.3857 -0.9188 0.0836 0.3227 0.0445
0.0000 -0.2657 13.1935 0.0000 -0.9972 0.0749 0.3232 0.0445
0.0000 -0.2657 13.1935 0.0000 -0.9972 0.0749 0.3232 0.0445
0.0147 -0.2588 13.1935 0.3857 -0.9188 0.0836 0.3227 0.0445
0.0241 -0.2357 13.1935 0.9997 0.0023 0.0255 0.3219 0.0444
0.0241 -0.2431 13.1935 0.9879 -0.1528 0.0259 0.3222 0.0444
0.0000 -0.2386 14.1366 0.0000 -0.9990 0.0452 0.3231 0.0166
0.0165 -0.2291 13.1935 0.5667 0.8145 0.1246 0.1281 0.9647
0.0000 -0.2657 13.1935 0.0000 -0.9972 0.0749 0.3232 0.0445
0.0147 -0.2588 13.1935 0.3857 -0.9188 0.0836 0.3227 0.0445
0.0147 -0.2588 13.1935 0.3857 -0.9188 0.0836 0.3227 0.0445
0.0000 0.4239 -19.6622 -0.0000 0.7568 -0.6537 0.1304 0.0052
0.0000 0.4239 -19.6622 -0.0000 0.7568 -0.6537 0.1304 0.0052
0.0241 -0.2357 13.1935 0.5447 -0.8235 0.1588 0.3219 0.0444
0.0000 0.4554 -19.6075 -0.0000 0.9846 -0.1746 0.1304 0.0070
0.0165 -0.2291 13.1935 0.5667 0.8145 0.1246 0.1281 0.9647
0.0165 -0.2291 13.1935 0.5667 0.8145 0.1246 0.1281 0.9647
0.0099 -0.2219 13.1935 0.5136 0.8449 0.1491 0.1284 0.9647
3.7805 -0.0161 -14.5259 0.0162 -0.9995 -0.0276 0.2125 0.8489
3.7805 -0.0161 -14.5259 0.0162 -0.9995 -0.0276 0.2125 0.8489
3.8321 -0.1151 -8.7039 0.0272 -0.9996 -0.0012 0.2118 0.6796
3.8321 -0.1151 -8.7039 0.0272 -0.9996 -0.0012 0.2118 0.6796
3.7805 -0.0161 -14.5259 0.0162 -0.9995 -0.0276 0.2125 0.8489
3.7805 -0.0161 -14.5259 0.0162 -0.9995 -0.0276 0.2125 0.8489
3.7805 -0.0161 -14.5259 0.0162 -0.9995 -0.0276 0.2125 0.8489
0.1259 0.5345 8.7780 0.2367 0.9575 0.1652 0.1228 0.8250
0.0000 0.4239 -19.6622 0.6045 -0.3193 -0.7299 0.3254 0.9948
0.0398 0.3742 -19.6075 0.6045 -0.3193 -0.7299 0.3243 0.9926
0.0583 0.4092 -19.6075 0.6045 -0.3193 -0.7299 0.3234 0.9932
0.3345 0.2932 -18.5868 0.8954 -0.3449 -0.2815 0.3127 0.9656
0.0583 0.4092 -19.6075 0.8026 -0.5248 -0.2837 0.3234 0.9932
0.0583 0.4092 -19.6075 0.8026 -0.5248 -0.2837 0.3234 0.9932
1.9088 -0.0461 6.1715 0.2160 -0.9762 0.0178 0.2661 0.2480
1.8379 -0.0458 6.8618 0.2247 -0.9742 0.0199 0.2680 0.2279
0.0000 0.4554 -19.6075 -0.0000 0.9846 -0.1746 0.1304 0.0070
1.8379 -0.0458 6.8618 0.2247 -0.9742 0.0199 0.2680 0.2279
1.7405 -0.0455 7.5683 0.1017 0.9943 0.0315 0.0697 0.7901
0.0000 0.4554 -19.6075 -0.0000 0.9846 -0.1746 0.1304 0.0070
0.0000 0.4554 -19.6075 -0.0000 0.9846 -0.1746 0.1304 0.0070
0.5010 -0.4848 -1.3921 -1.0000 0.0000 0.0000 0.7990 0.5214
0.5010 -0.4848 -1.8551 -1.0000 0.0000 0.0000 0.7990 0.5348
0.5010 -0.4848 -1.8551 -1.0000 0.0000 0.0000 0.7990 0.5348
0.5010 -0.4848 -1.8551 -1.0000 0.0000 0.0000 0.7990 0.5348
0.5010 -0.4848 -2.3941 0.2866 -0.9580 -0.0000 0.3094 0.4963
0.5010 -0.4848 -2.3941 0.2866 -0.9580 -0.0000 0.3094 0.4963
0.5010 -0.4848 -2.3941 0.2866 -0.9580 -0.0000 0.3094 0.4963
3.5070 -0.0398 -12.4141 0.0000 -0.0000 1.0000 0.7890 0.5156
3.5070 -0.0581 -12.4141 0.0000 -0.0000 1.0000 0.7884 0.5156
3.3778 -0.0608 -12.4141 0.0000 -0.0000 1.0000 0.7884 0.5194
3.3778 -0.0608 -12.4141 0.0000 -0.0000 1.0000 0.7884 0.5194
2.5050 -0.0717 -12.4141 0.0000 -0.0000 1.0000 0.7884 0.5446
2.5050 -0.0398 -12.4141 0.0000 -0.0000 1.0000 0.7893 0.5446
3.3778 -0.0608 -12.4141 0.0000 -0.0000 1.0000 0.7884 0.5194
2.5050 -0.0398 -12.4141 0.0000 -0.0000 1.0000 0.7893 0.5446
3.5070 -0.0398 -12.4141 0.0000 -0.0000 1.0000 0.7890 0.5156
2.5050 -0.0717 -12.4141 1.0000 0.0000 0.0000 0.7893 0.5456
2.5050 -0.0905 -11.4121 1.0000 0.0000 0.0000 0.8184 0.5457
2.5050 -0.0398 -11.4121 1.0000 0.0000 0.0000 0.8183 0.5443
2.5050 -0.0717 -12.4141 1.0000 0.0000 0.0000 0.7893 0.5456
2.5050 -0.0398 -11.4121 1.0000 0.0000 0.0000 0.8183 0.5443
2.5050 -0.0398 -12.4141 1.0000 0.0000 0.0000 0.7893 0.5446
3.5070 -0.0753 -11.4121 -1.0000 0.0000 0.0000 0.8180 0.5142
3.5070 -0.0581 -12.4141 -1.0000 0.0000 0.0000 0.7890 0.5151
3.5070 -0.0398 -12.4141 -1.0000 0.0000 0.0000 0.7890 0.5156
3.5070 -0.0753 -11.4121 -1.0000 0.0000 0.0000 0.8180 0.5142
3.5070 -0.0398 -12.4141 -1.0000 0.0000 0.0000 0.7890 0.5156
3.5070 -0.0398 -11.4121 -1.0000 0.0000 0.0000 0.8180 0.5153
2.5050 -0.0398 -11.4121 0.0000 0.0000 -1.0000 0.8183 0.5443
2.5050 -0.0905 -11.4121 0.0000 0.0000 -1.0000 0.8198 0.5443
3.1868 -0.0819 -11.4121 0.0000 0.0000 -1.0000 0.8193 0.5245
3.1868 -0.0819 -11.4121 0.0000 0.0000 -1.0000 0.8193 0.5245
3.5070 -0.0753 -11.4121 0.0000 0.0000 -1.0000 0.8190 0.5153
3.5070 -0.0398 -11.4121 0.0000 0.0000 -1.0000 0.8180 0.5153
3.1868 -0.0819 -11.4121 0.0000 0.0000 -1.0000 0.8193 0.5245
3.5070 -0.0398 -11.4121 0.0000 0.0000 -1.0000 0.8180 0.5153
2.5050 -0.0398 -11.4121 0.0000 0.0000 -1.0000 0.8183 0.5443
-0.5010 -0.4274 -1.3921 0.0000 -1.0000 0.0000 0.8297 0.5214
0.5010 -0.4274 -1.3921 0.0000 -1.0000 0.0000 0.8007 0.5214
0.5010 -0.4274 -2.3941 0.0000 -1.0000 0.0000 0.8007 0.5504
-0.5010 -0.4274 -1.3921 0.0000 -1.0000 0.0000 0.8297 0.5214
0.5010 -0.4274 -2.3941 0.0000 -1.0000 0.0000 0.8007 0.5504
-0.5010 -0.4274 -2.3941 0.0000 -1.0000 0.0000 0.8297 0.5504
-0.5010 -0.4848 -2.3941 0.0000 -0.0000 1.0000 0.8297 0.5520
-0.5010 -0.4274 -2.3941 0.0000 -0.0000 1.0000 0.8297 0.5504
0.5010 -0.4274 -2.3941 0.0000 -0.0000 1.0000 0.8007 0.5504
0.5010 -0.4274 -2.3941 0.0000 -0.0000 1.0000 0.8007 0.5504
0.5010 -0.4848 -2.3941 0.0000 -0.0000 1.0000 0.8007 0.5520
0.3502 -0.5299 -2.3941 0.0000 -0.0000 1.0000 0.8051 0.5533
0.3502 -0.5299 -2.3941 0.0000 -0.0000 1.0000 0.8051 0.5533
0.1644 -0.5729 -2.3941 0.0000 -0.0000 1.0000 0.8104 0.5546
0.0000 -0.5885 -2.3941 0.0000 -0.0000 1.0000 0.8152 0.5550
0.0000 -0.5885 -2.3941 0.0000 -0.0000 1.0000 0.8152 0.5550
-0.1644 -0.5729 -2.3941 0.0000 -0.0000 1.0000 0.8200 0.5546
-0.3502 -0.5299 -2.3941 0.0000 -0.0000 1.0000 0.8253 0.5533
-0.3502 -0.5299 -2.3941 0.0000 -0.0000 1.0000 0.8253 0.5533
-0.5010 -0.4848 -2.3941 0.0000 -0.0000 1.0000 0.8297 0.5520
0.5010 -0.4274 -2.3941 0.0000 -0.0000 1.0000 0.8007 0.5504
0.5010 -0.4274 -2.3941 0.0000 -0.0000 1.0000 0.8007 0.5504
0.3502 -0.5299 -2.3941 0.0000 -0.0000 1.0000 0.8051 0.5533
0.0000 -0.5885 -2.3941 0.0000 -0.0000 1.0000 0.8152 0.5550
0.5010 -0.4274 -2.3941 0.0000 -0.0000 1.0000 0.8007 0.5504
0.0000 -0.5885 -2.3941 0.0000 -0.0000 1.0000 0.8152 0.5550
-0.3502 -0.5299 -2.3941 0.0000 -0.0000 1.0000 0.8253 0.5533
-0.5010 -0.4274 -1.3921 0.0000 0.0000 -1.0000 0.8297 0.5214
-0.5010 -0.4848 -1.3921 0.0000 0.0000 -1.0000 0.8297 0.5197
-0.3502 -0.5299 -1.3921 0.0000 0.0000 -1.0000 0.8253 0.5184
-0.3502 -0.5299 -1.3921 0.0000 0.0000 -1.0000 0.8253 0.5184
-0.1644 -0.5729 -1.3921 0.0000 0.0000 -1.0000 0.8200 0.5171
0.0000 -0.5885 -1.3921 0.0000 0.0000 -1.0000 0.8152 0.5167
0.0000 -0.5885 -1.3921 0.0000 0.0000 -1.0000 0.8152 0.5167
0.1644 -0.5729 -1.3921 0.0000 0.0000 -1.0000 0.8104 0.5171
0.3502 -0.5299 -1.3921 0.0000 0.0000 -1.0000 0.8051 0.5184
0.3502 -0.5299 -1.3921 0.0000 0.0000 -1.0000 0.8051 0.5184
0.5010 -0.4848 -1.3921 0.0000 0.0000 -1.0000 0.8007 0.5197
0.5010 -0.4274 -1.3921 0.0000 0.0000 -1.0000 0.8007 0.5214
0.5010 -0.4274 -1.3921 0.0000 0.0000 -1.0000 0.8007 0.5214
-0.5010 -0.4274 -1.3921 0.0000 0.0000 -1.0000 0.8297 0.5214
-0.3502 -0.5299 -1.3921 0.0000 0.0000 -1.0000 0.8253 0.5184
-0.3502 -0.5299 -1.3921 0.0000 0.0000 -1.0000 0.8253 0.5184
0.0000 -0.5885 -1.3921 0.0000 0.0000 -1.0000 0.8152 0.5167
0.3502 -0.5299 -1.3921 0.0000 0.0000 -1.0000 0.8051 0.5184
-0.3502 -0.5299 -1.3921 0.0000 0.0000 -1.0000 0.8253 0.5184
0.3502 -0.5299 -1.3921 0.0000 0.0000 -1.0000 0.8051 0.5184
0.5010 -0.4274 -1.3921 0.0000 0.0000 -1.0000 0.8007 0.5214
3 0 2
3 1 0
330 6 331
344 367 368
344 220 367
220 366 367
220 219 366
16 219 17
219 361 366
361 30 360
30 219 16
219 30 361
16 29 30
16 15 29
15 28 29
15 14 28
14 27 28
14 13 27
13 26 27
13 12 26
12 25 26
12 11 25
735 24 736
737 10 24
10 23 24
10 9 23
9 22 23
9 8 22
8 21 22
8 7 21
45 32 33
45 44 32
44 39 32
44 53 39
52 267 51
267 37 36
267 52 37
47 31 40
47 46 31
43 48 309
50 42 41
50 49 42
49 319 42
49 320 319
738 33 38
46 41 31
46 50 41
52 34 37
52 43 34
53 40 39
53 47 40
248 36 35
248 267 36
12 44 45
12 13 44
13 53 44
13 14 53
8 52 51
8 9 52
15 46 47
15 16 46
10 48 43
10 739 48
11 45 740
11 12 45
17 46 16
46 218 50
46 17 218
9 43 52
9 10 43
14 47 53
14 15 47
7 51 54
7 8 51
31 65 55
31 41 65
35 60 59
35 36 60
34 62 58
34 741 62
33 56 57
33 32 56
37 58 61
37 34 58
40 55 64
40 31 55
36 61 60
36 37 61
39 64 63
39 40 64
32 63 56
32 39 63
41 66 65
41 42 66
38 57 742
38 33 57
42 321 66
42 319 321
60 76 75
60 61 76
57 68 69
57 56 68
58 77 70
58 62 77
55 80 67
55 65 80
64 67 79
64 55 67
63 79 78
63 64 79
72 262 71
72 263 262
61 70 76
61 58 70
59 260 254
260 71 262
71 59 74
260 59 71
56 78 68
56 63 78
65 81 80
65 66 81
743 69 744
745 57 69
66 322 81
66 321 322
59 75 74
59 60 75
746 84 92
747 69 84
81 324 96
81 322 324
74 90 89
74 75 90
323 88 325
323 73 88
70 748 85
70 77 749
67 95 82
67 80 95
75 91 90
75 76 91
69 83 84
69 68 83
72 86 87
72 71 86
76 85 91
76 70 85
79 82 94
79 67 82
78 94 93
78 79 94
80 96 95
80 81 96
73 87 88
73 72 87
71 89 86
71 74 89
68 93 83
68 78 93
85 107 100
85 750 107
82 110 97
82 95 110
90 106 105
90 91 106
84 98 99
84 83 98
91 100 106
91 85 100
94 97 109
94 82 97
93 109 108
93 94 109
87 101 102
87 86 101
88 102 103
88 87 102
86 104 101
86 89 104
83 108 98
83 93 108
95 111 110
95 96 111
96 326 111
96 324 326
89 105 104
89 90 105
325 103 327
325 88 103
92 99 751
92 84 99
327 118 329
327 103 118
752 114 122
753 99 114
111 328 126
111 326 328
104 120 119
104 105 120
105 121 120
105 106 121
99 113 114
99 98 113
100 754 115
100 107 755
97 125 112
97 110 125
109 112 124
109 97 112
108 124 123
108 109 124
102 116 117
102 101 116
106 115 121
106 100 115
101 119 116
101 104 119
98 123 113
98 108 123
110 126 125
110 111 126
103 117 118
103 102 117
113 132 128
113 123 132
115 131 129
115 756 131
118 117 757
758 760 759
130 761 331
762 764 763
765 139 140
766 24 139
299 135 297
299 20 135
29 143 144
29 28 143
30 144 145
30 29 144
26 767 141
26 25 768
22 136 137
22 21 136
314 332 301
314 318 332
27 141 142
27 26 141
23 137 138
23 22 137
268 133 379
268 18 133
352 134 312
352 19 134
28 142 143
28 27 142
24 138 139
24 23 138
163 160 161
163 164 160
165 156 157
165 166 156
167 152 153
167 168 152
374 148 376
374 170 148
171 161 162
171 163 161
165 158 172
158 157 215
158 165 157
173 153 154
306 149 310
306 169 149
293 150 295
293 174 150
336 162 335
336 171 162
176 158 159
176 172 158
177 769 155
177 771 770
772 156 166
229 774 773
156 775 229
168 151 152
168 175 151
274 334 276
274 337 334
164 159 160
164 176 159
146 164 163
146 145 164
142 166 165
142 141 166
138 168 167
138 137 168
379 170 374
379 133 170
147 163 171
147 146 163
143 165 172
143 142 165
139 167 173
312 169 306
312 134 169
297 174 293
297 135 174
333 171 336
333 147 171
144 172 176
144 143 172
140 173 776
140 139 173
141 777 166
141 779 778
137 175 168
137 136 175
301 337 274
301 332 337
145 176 164
145 144 176
229 780 214
152 181 182
152 151 181
276 338 272
276 334 338
222 186 187
222 228 186
153 182 183
153 152 182
376 178 364
376 148 178
310 179 304
310 149 179
216 188 227
188 222 187
188 216 222
154 153 184
155 781 185
155 783 782
295 180 291
295 150 180
162 339 335
339 242 192
339 162 242
184 211 198
211 183 206
184 183 211
304 194 302
304 179 194
192 202 203
192 191 202
189 199 200
196 291 180
339 203 341
339 192 203
190 200 201
190 189 200
196 197 210
272 340 270
272 338 340
364 193 362
364 178 193
191 201 202
191 190 201
187 199 188
199 212 784
207 199 187
199 207 212
183 209 206
183 182 209
203 202 316
202 266 316
202 201 266
785 786 342
197 196 204
185 788 787
187 186 207
789 208 186
213 791 790
208 792 213
793 205 794
795 797 796
798 800 799
801 803 802
804 806 805
807 809 808
810 812 811
813 815 814
816 818 817
819 821 820
218 49 50
218 217 49
217 320 49
217 343 320
822 225 221
823 824 225
825 221 224
826 827 221
828 226 829
830 831 226
832 223 345
833 834 223
835 346 226
836 837 346
838 839 223
840 842 841
843 235 236
844 845 235
846 233 239
847 848 233
849 231 234
850 851 231
852 238 853
854 855 238
856 234 232
857 858 234
859 237 235
860 861 237
862 247 863
864 246 247
865 230 231
866 867 230
868 236 238
869 870 236
871 872 230
873 875 874
876 878 877
879 881 880
882 884 883
885 887 886
888 890 889
891 893 892
894 896 895
897 899 898
243 189 190
243 241 189
242 191 192
242 240 191
241 188 189
241 227 188
240 190 191
240 243 190
900 250 901
902 249 250
903 905 904
906 908 907
909 911 910
912 914 913
915 917 916
918 920 919
921 923 922
924 926 925
927 929 928
930 932 931
933 935 934
936 938 937
939 941 940
942 944 943
282 734 733
282 283 734
289 732 731
289 286 732
630 251 244
630 629 251
244 255 245
244 251 255
252 260 258
252 254 260
348 259 350
348 253 259
253 258 259
253 252 258
262 265 260
262 263 265
259 351 350
261 264 945
259 946 351
947 948 351
258 264 261
258 949 264
260 950 258
263 951 265
72 952 263
72 73 953
329 955 954
329 118 956
957 959 958
960 962 961
963 965 964
966 968 967
969 971 970
138 167 139
167 153 173
184 153 183
207 186 208
182 181 209
181 196 209
209 196 210
196 180 195
188 199 189
119 129 972
119 120 129
973 127 974
127 315 975
112 125 976
125 978 977
125 126 979
980 982 981
116 119 983
123 124 132
126 328 984
124 985 132
124 112 986
359 204 194
359 358 204
341 203 316
358 987 204
988 357 317
989 358 357
196 195 204
114 113 128
122 128 990
122 114 128
204 302 194
991 270 340
6 130 331
120 121 129
121 115 129
117 993 992
117 116 994
228 214 186
995 370 214
996 369 370
373 997 377
998 373 369
999 1000 373
186 377 1001
186 372 377
371 214 370
186 371 372
186 214 371
73 323 1002
1003 1005 1004
199 1007 1006
199 266 200
199 1008 266
201 200 266
54 267 248
54 51 267
362 358 359
362 357 358
305 310 308
305 306 310
313 312 311
313 352 312
170 275 148
170 273 275
275 272 271
275 276 272
133 273 170
133 277 273
257 281 280
257 279 281
204 300 302
195 300 204
1009 45 1010
256 279 257
256 278 279
196 290 291
181 290 196
347 278 256
347 284 278
298 297 296
298 299 297
193 269 1011
151 290 181
151 294 290
294 291 290
294 295 291
20 311 135
20 313 311
136 292 175
136 296 292
296 293 292
296 297 293
292 295 294
292 293 295
21 296 136
21 298 296
175 294 151
175 292 294
311 306 305
311 312 306
308 304 303
308 310 304
19 378 134
19 380 378
150 303 180
150 308 303
135 305 174
135 311 305
380 379 378
380 268 379
303 302 300
303 304 302
180 300 195
180 303 300
169 375 149
169 365 375
178 269 193
178 271 269
365 376 375
365 374 376
375 364 363
375 376 364
45 33 1012
363 362 359
363 364 362
309 1013 34
309 34 43
134 365 169
134 378 365
378 374 365
378 379 374
149 363 179
149 375 363
179 359 194
179 363 359
174 308 150
174 305 308
273 276 275
273 274 276
18 277 133
18 307 277
277 274 273
277 301 274
307 301 277
307 314 301
269 270 1014
148 271 178
148 275 271
193 357 362
193 1015 357
271 270 269
271 272 270
287 283 282
287 285 283
245 284 347
245 255 284
280 286 289
280 281 286
1016 5 1017
5 355 4
5 1018 355
30 1019 360
1020 146 353
145 1021 30
1022 145 146
354 333 356
354 147 333
353 147 354
353 146 147
1023 1025 1024
1026 1028 1027
1029 1031 1030
1032 1034 1033
1035 1037 1036
1038 1040 1039
1041 1043 1042
1044 1046 1045
1047 1049 1048
1050 1052 1051
733 349 288
733 734 349
731 285 287
731 732 285
388 385 386
388 387 385
330 331 391
344 714 605
344 368 714
605 713 604
605 714 713
604 401 402
401 707 415
708 604 713
401 708 707
401 604 708
401 414 400
401 415 414
400 413 399
400 414 413
399 412 398
399 413 412
398 411 397
398 412 411
397 410 396
397 411 410
1053 409 395
1054 1055 409
395 408 394
395 409 408
394 407 393
394 408 407
393 406 392
393 407 406
430 417 429
430 418 417
429 424 438
429 417 424
652 437 436
437 421 422
437 652 421
432 416 431
432 425 416
428 694 433
435 427 434
435 426 427
434 319 320
434 427 319
1056 423 418
431 426 435
431 416 426
437 419 428
437 422 419
438 425 432
438 424 425
633 421 652
633 420 421
397 429 398
397 430 429
398 438 399
398 429 438
393 437 394
393 436 437
400 431 401
400 432 431
395 433 1057
395 428 433
396 430 397
396 1058 430
431 402 401
603 431 435
402 431 603
394 428 395
394 437 428
399 432 400
399 438 432
392 436 393
392 439 436
416 450 426
416 440 450
420 445 421
420 444 445
419 447 1059
419 443 447
418 441 417
418 442 441
422 443 419
422 446 443
425 440 416
425 449 440
421 446 422
421 445 446
424 449 425
424 448 449
417 448 424
417 441 448
426 451 427
426 450 451
423 442 418
423 1060 442
427 321 319
427 451 321
445 461 446
445 460 461
442 453 441
442 454 453
443 462 447
443 455 462
440 465 450
440 452 465
449 452 440
449 464 452
448 464 449
448 463 464
457 647 648
457 456 647
446 455 443
446 461 455
645 444 639
444 456 459
456 645 647
444 645 456
441 463 448
441 453 463
450 466 451
450 465 466
1061 454 442
1062 1063 454
451 322 321
451 466 322
444 460 445
444 459 460
1064 469 454
1065 477 469
466 324 322
466 481 324
459 475 460
459 474 475
323 473 458
323 325 473
455 1066 462
455 470 1067
452 480 465
452 467 480
460 476 461
460 475 476
454 468 453
454 469 468
457 471 456
457 472 471
461 470 455
461 476 470
464 467 452
464 479 467
463 479 464
463 478 479
465 481 466
465 480 481
458 472 457
458 473 472
456 474 459
456 471 474
453 478 463
453 468 478
470 492 1068
470 485 492
467 495 480
467 482 495
475 491 476
475 490 491
469 483 468
469 484 483
476 485 470
476 491 485
479 482 467
479 494 482
478 494 479
478 493 494
472 486 471
472 487 486
473 487 472
473 488 487
471 489 474
471 486 489
468 493 478
468 483 493
480 496 481
480 495 496
481 326 324
481 496 326
474 490 475
474 489 490
325 488 473
325 327 488
477 484 469
477 1069 484
327 503 488
327 329 503
1070 499 484
1071 507 499
496 328 326
496 511 328
489 505 490
489 504 505
490 506 491
490 505 506
484 498 483
484 499 498
485 1072 492
485 500 1073
482 510 495
482 497 510
494 497 482
494 509 497
493 509 494
493 508 509
487 501 486
487 502 501
491 500 485
491 506 500
486 504 489
486 501 504
483 508 493
483 498 508
495 511 496
495 510 511
488 502 487
488 503 502
498 517 508
498 513 517
500 516 1074
500 514 516
503 1075 502
1076 1078 1077
515 331 1079
1080 1082 1081
1083 524 409
1084 525 524
684 520 405
684 682 520
414 528 413
414 529 528
415 529 414
415 530 529
411 1085 410
411 526 1086
407 521 406
407 522 521
699 332 318
699 686 332
412 526 411
412 527 526
408 522 407
408 523 522
653 518 403
653 725 518
700 519 404
700 697 519
413 527 412
413 528 527
409 523 408
409 524 523
548 545 549
548 546 545
550 541 551
550 542 541
552 537 553
552 538 537
720 533 555
720 722 533
556 546 548
556 547 546
543 550 557
550 600 542
550 543 600
558 539 538
691 534 554
691 695 534
678 535 559
678 680 535
336 547 556
336 335 547
561 543 557
561 544 543
562 1088 1087
562 540 1089
541 1090 551
1091 614 1092
1093 541 614
553 536 560
553 537 536
659 334 337
659 661 334
549 544 561
549 545 544
531 549 530
531 548 549
527 551 526
527 550 551
523 553 522
523 552 553
725 555 518
725 720 555
532 548 531
532 556 548
528 550 527
528 557 550
524 558 552
697 554 519
697 691 554
682 559 520
682 678 559
333 556 532
333 336 556
529 557 528
529 561 557
525 558 524
525 1094 558
526 1096 1095
526 551 1097
522 560 521
522 553 560
686 337 332
686 659 337
530 561 529
530 549 561
614 599 1098
537 566 536
537 567 566
661 338 334
661 657 338
607 571 613
607 572 571
538 567 537
538 568 567
722 563 533
722 711 563
695 564 534
695 689 564
573 601 612
601 572 607
601 573 572
539 569 538
540 1100 1099
540 570 1101
680 565 535
680 676 565
339 547 335
627 339 577
547 339 627
569 591 568
596 569 583
569 596 591
689 579 564
689 687 579
577 587 576
577 588 587
574 585 584
581 565 676
339 588 577
339 341 588
575 585 574
575 586 585
581 595 582
657 340 338
657 655 340
711 578 563
711 709 578
576 586 575
576 587 586
584 572 573
592 1102 597
584 592 572
592 584 1103
568 594 567
568 591 594
588 316 587
587 651 586
587 316 651
1104 342 1105
582 589 581
570 1107 1106
572 592 571
593 1108 571
1109 598 1110
1111 593 598
1112 1113 590
1114 1116 1115
1117 1119 1118
1120 1122 1121
1123 1125 1124
1126 1128 1127
1129 1131 1130
1132 1134 1133
1135 1137 1136
1138 1140 1139
603 434 602
603 435 434
602 320 343
602 434 320
1141 610 1142
1143 606 610
1144 606 1145
1146 609 606
1147 611 1148
1149 1150 611
1151 608 1152
1153 345 608
1154 346 1155
1156 611 346
1157 1159 1158
1160 608 1161
1162 620 1163
1164 621 620
1165 618 1166
1167 624 618
1168 616 1169
1170 619 616
1171 623 1172
1173 1174 623
1175 619 1176
1177 617 619
1178 622 1179
1180 620 622
1181 632 631
1182 1183 632
1184 615 1185
1186 616 615
1187 621 1188
1189 623 621
1190 1192 1191
1193 615 1194
1195 1197 1196
1198 1200 1199
1201 1203 1202
1204 1206 1205
1207 1209 1208
1210 1212 1211
1213 1215 1214
1216 1218 1217
628 574 626
628 575 574
627 576 625
627 577 576
626 573 612
626 574 573
625 575 628
625 576 575
1219 635 634
1220 1221 635
1222 1224 1223
1225 1227 1226
1228 1230 1229
1231 1233 1232
1234 1236 1235
1237 1239 1238
1240 1242 1241
1243 1245 1244
1246 1248 1247
1249 1251 1250
1252 1254 1253
1255 1257 1256
1258 1260 1259
1261 1263 1262
669 381 670
669 382 381
728 383 673
728 384 383
630 641 629
630 636 641
636 642 641
636 640 642
637 645 639
637 643 645
348 644 638
348 350 644
638 643 637
638 644 643
647 650 648
647 645 650
644 350 1264
646 1265 649
644 1267 1266
1268 1270 1269
643 649 1271
643 646 649
645 643 1272
648 650 1273
457 1274 458
457 648 1275
329 1276 503
329 1278 1277
1279 1281 1280
1282 1284 1283
1285 1287 1286
1288 1290 1289
1291 1293 1292
523 524 552
552 558 538
569 568 538
592 593 571
567 594 566
566 594 581
594 595 581
581 580 565
573 574 584
504 514 505
504 1294 514
1295 1296 512
512 1297 315
497 1298 510
510 1299 511
510 1301 1300
1302 1304 1303
501 1305 504
508 517 509
511 1306 328
509 1307 497
509 517 1308
706 589 705
706 579 589
341 316 588
1309 705 589
705 317 704
705 1310 317
581 589 580
499 513 498
507 513 499
507 1311 513
589 579 687
1312 340 655
391 331 515
505 514 506
506 514 500
502 1313 501
502 1315 1314
613 571 599
1316 719 723
715 599 716
1317 715 719
715 1318 599
1319 715 1320
599 717 716
718 1321 723
571 717 599
718 571 1322
571 718 717
458 1323 323
1324 1326 1325
584 1328 1327
584 651 1329
584 585 651
586 651 585
439 652 436
439 633 652
709 705 704
709 706 705
690 695 691
690 693 695
698 697 700
698 696 697
555 660 658
555 533 660
660 657 661
660 656 657
518 658 662
518 555 658
664 668 666
664 667 668
589 687 685
580 589 685
1330 1331 430
663 666 665
663 664 666
581 676 675
566 581 675
729 665 671
729 663 665
683 682 684
683 681 682
578 1332 654
536 675 679
536 566 675
679 676 680
679 675 676
405 696 698
405 520 696
521 677 681
521 560 677
681 678 682
681 677 678
677 680 678
677 679 680
406 681 683
406 521 681
560 679 677
560 536 679
696 691 697
696 690 691
693 689 695
693 688 689
404 724 726
404 519 724
535 688 693
535 565 688
520 690 696
520 559 690
726 725 653
726 724 725
688 687 689
688 685 687
565 685 688
565 580 685
554 721 712
554 534 721
563 654 656
563 578 654
712 722 720
712 721 722
721 711 722
721 710 711
430 1333 418
710 709 711
710 706 709
694 419 1334
694 428 419
519 712 724
519 554 712
724 720 725
724 712 720
534 710 721
534 564 710
564 706 710
564 579 706
559 693 690
559 535 693
658 661 659
658 660 661
403 662 692
403 518 662
662 659 686
662 658 659
692 686 699
692 662 686
654 1335 655
533 656 660
533 563 656
578 704 1336
578 709 704
656 655 657
656 654 655
674 670 672
674 669 670
640 671 642
640 729 671
667 673 668
667 728 673
390 1338 1337
1339 389 703
1340 390 389
1341 415 707
530 701 531
1342 530 415
530 1343 701
702 333 532
702 356 333
701 532 531
701 702 532
1344 1346 1345
1347 1349 1348
1350 1352 1351
1353 1355 1354
1356 1358 1357
1359 1361 1360
1362 1364 1363
1365 1367 1366
1368 1370 1369
1371 1373 1372
382 730 381
382 727 730
384 672 383
384 674 672
1374 1376 1375
1377 1379 1378
1380 1382 1381
1383 1385 1384
1386 1388 1387
1389 1391 1390
1392 1394 1393
1395 1397 1396
1398 1400 1399
1401 1403 1402
1404 1406 1405
1407 1409 1408
1410 1412 1411
1413 1415 1414
1416 1418 1417
1419 1421 1420
LABEL LGDoorSI
MATERIAL 2
TEXTURE 2
FLAG 0
GEOM 96 44
1.0754 -1.3111 -6.8488 0.2654 -0.9638 -0.0269 0.2927 0.6796
0.8094 -1.3873 -6.8488 0.2888 -0.9572 -0.0201 0.3007 0.6796
0.5726 -1.4549 -6.8488 0.2956 -0.9552 -0.0113 0.3079 0.6796
0.3587 -1.5189 -6.8488 0.2664 -0.9639 -0.0041 0.3144 0.6796
0.1730 -1.5618 -6.8488 0.2314 -0.9729 -0.0014 0.3199 0.6795
1.0523 -1.2927 -7.6967 0.2660 -0.9636 -0.0269 0.2933 0.7043
0.1730 -1.5618 -7.6956 0.2314 -0.9729 -0.0014 0.3200 0.7042
0.7964 -1.3731 -7.6964 0.2888 -0.9572 -0.0201 0.3010 0.7042
0.5684 -1.4466 -7.6961 0.2956 -0.9552 -0.0112 0.3080 0.7042
0.3581 -1.5165 -7.6958 0.2664 -0.9639 -0.0041 0.3144 0.7042
1.2110 -1.2783 -6.8488 0.2441 -0.9693 -0.0292 0.2886 0.6796
1.2108 -1.2515 -7.6967 0.2441 -0.9693 -0.0292 0.2885 0.7043
1.0812 -1.2840 -6.8488 -0.2654 0.9638 0.0269 0.8110 0.3603
0.8152 -1.3602 -6.8488 -0.2888 0.9572 0.0201 0.8110 0.3943
0.5784 -1.4278 -6.8488 -0.2956 0.9552 0.0113 0.8110 0.4246
0.3645 -1.4917 -6.8488 -0.2664 0.9639 0.0041 0.8110 0.4520
0.1788 -1.5347 -6.8488 -0.2314 0.9729 0.0014 0.8110 0.4755
1.0581 -1.2656 -7.6967 -0.2660 0.9636 0.0269 0.9152 0.3624
0.1788 -1.5347 -7.6956 -0.2314 0.9729 0.0014 0.9151 0.4755
0.8022 -1.3460 -7.6964 -0.2888 0.9572 0.0201 0.9152 0.3954
0.5742 -1.4195 -7.6961 -0.2956 0.9552 0.0112 0.9152 0.4248
0.3639 -1.4894 -7.6958 -0.2664 0.9639 0.0041 0.9151 0.4520
1.2168 -1.2512 -6.8488 -0.2441 0.9693 0.0292 0.8109 0.3432
1.2166 -1.2244 -7.6967 -0.2441 0.9693 0.0292 0.9152 0.3423
1.2108 -1.2515 -7.6967 -0.0003 0.0000 -1.0000 0.9717 0.4177
1.2166 -1.2244 -7.6967 -0.0003 0.0000 -1.0000 0.9698 0.4167
1.0581 -1.2656 -7.6967 -0.0007 0.0001 -1.0000 0.9692 0.4294
1.2108 -1.2515 -7.6967 -0.0003 0.0000 -1.0000 0.9717 0.4177
1.0581 -1.2656 -7.6967 -0.0007 0.0001 -1.0000 0.9692 0.4294
1.0523 -1.2927 -7.6967 -0.0010 0.0002 -1.0000 0.9711 0.4305
1.0523 -1.2927 -7.6967 -0.0010 0.0002 -1.0000 0.9711 0.4305
1.0581 -1.2656 -7.6967 -0.0007 0.0001 -1.0000 0.9692 0.4294
0.8022 -1.3460 -7.6964 -0.0014 0.0003 -1.0000 0.9694 0.4503
1.0523 -1.2927 -7.6967 -0.0010 0.0002 -1.0000 0.9711 0.4305
0.8022 -1.3460 -7.6964 -0.0014 0.0003 -1.0000 0.9694 0.4503
0.7964 -1.3731 -7.6964 -0.0014 0.0003 -1.0000 0.9712 0.4513
0.1730 -1.5618 -6.8488 0.0000 0.0000 1.0000 0.9294 0.5624
0.1788 -1.5347 -6.8488 0.0000 0.0000 1.0000 0.9316 0.5623
0.3645 -1.4917 -6.8488 0.0000 0.0000 1.0000 0.9373 0.5483
0.1730 -1.5618 -6.8488 0.0000 0.0000 1.0000 0.9294 0.5624
0.3645 -1.4917 -6.8488 0.0000 0.0000 1.0000 0.9373 0.5483
0.3587 -1.5189 -6.8488 0.0000 0.0000 1.0000 0.9351 0.5485
0.5684 -1.4466 -7.6961 -0.0014 0.0003 -1.0000 0.9715 0.4700
0.5742 -1.4195 -7.6961 -0.0014 0.0003 -1.0000 0.9696 0.4689
0.3639 -1.4894 -7.6958 -0.0014 0.0003 -1.0000 0.9700 0.4862
0.5684 -1.4466 -7.6961 -0.0014 0.0003 -1.0000 0.9715 0.4700
0.3639 -1.4894 -7.6958 -0.0014 0.0003 -1.0000 0.9700 0.4862
0.3581 -1.5165 -7.6958 -0.0014 0.0003 -1.0000 0.9719 0.4872
0.8094 -1.3873 -6.8488 0.0000 0.0000 1.0000 0.9511 0.5149
0.8152 -1.3602 -6.8488 0.0000 0.0000 1.0000 0.9533 0.5148
1.0812 -1.2840 -6.8488 0.0000 0.0000 1.0000 0.9626 0.4949
0.8094 -1.3873 -6.8488 0.0000 0.0000 1.0000 0.9511 0.5149
1.0812 -1.2840 -6.8488 0.0000 0.0000 1.0000 0.9626 0.4949
1.0754 -1.3111 -6.8488 0.0000 0.0000 1.0000 0.9604 0.4950
1.2110 -1.2783 -6.8488 0.9778 -0.2095 -0.0069 0.9647 0.4849
1.2168 -1.2512 -6.8488 0.9778 -0.2095 -0.0069 0.9669 0.4847
1.2166 -1.2244 -7.6967 0.9778 -0.2095 -0.0069 0.9656 0.4176
1.2110 -1.2783 -6.8488 0.9778 -0.2095 -0.0069 0.9647 0.4849
1.2166 -1.2244 -7.6967 0.9778 -0.2095 -0.0069 0.9656 0.4176
1.2108 -1.2515 -7.6967 0.9778 -0.2095 -0.0069 0.9634 0.4177
0.7964 -1.3731 -7.6964 -0.0014 0.0003 -1.0000 0.9712 0.4513
0.8022 -1.3460 -7.6964 -0.0014 0.0003 -1.0000 0.9694 0.4503
0.5742 -1.4195 -7.6961 -0.0014 0.0003 -1.0000 0.9696 0.4689
0.7964 -1.3731 -7.6964 -0.0014 0.0003 -1.0000 0.9712 0.4513
0.5742 -1.4195 -7.6961 -0.0014 0.0003 -1.0000 0.9696 0.4689
0.5684 -1.4466 -7.6961 -0.0014 0.0003 -1.0000 0.9715 0.4700
0.5726 -1.4549 -6.8488 0.0000 0.0000 1.0000 0.9428 0.5325
0.5784 -1.4278 -6.8488 0.0000 0.0000 1.0000 0.9450 0.5324
0.8152 -1.3602 -6.8488 0.0000 0.0000 1.0000 0.9533 0.5148
0.5726 -1.4549 -6.8488 0.0000 0.0000 1.0000 0.9428 0.5325
0.8152 -1.3602 -6.8488 0.0000 0.0000 1.0000 0.9533 0.5148
0.8094 -1.3873 -6.8488 0.0000 0.0000 1.0000 0.9511 0.5149
1.0754 -1.3111 -6.8488 0.0000 0.0000 1.0000 0.9604 0.4950
1.0812 -1.2840 -6.8488 0.0000 0.0000 1.0000 0.9626 0.4949
1.2168 -1.2512 -6.8488 0.0000 0.0000 1.0000 0.9669 0.4847
1.0754 -1.3111 -6.8488 0.0000 0.0000 1.0000 0.9604 0.4950
1.2168 -1.2512 -6.8488 0.0000 0.0000 1.0000 0.9669 0.4847
1.2110 -1.2783 -6.8488 0.0000 0.0000 1.0000 0.9647 0.4849
0.3581 -1.5165 -7.6958 -0.0014 0.0003 -1.0000 0.9719 0.4872
0.3639 -1.4894 -7.6958 -0.0014 0.0003 -1.0000 0.9700 0.4862
0.1788 -1.5347 -7.6956 -0.0013 0.0003 -1.0000 0.9691 0.5010
0.3581 -1.5165 -7.6958 -0.0014 0.0003 -1.0000 0.9719 0.4872
0.1788 -1.5347 -7.6956 -0.0013 0.0003 -1.0000 0.9691 0.5010
0.1730 -1.5618 -7.6956 -0.0013 0.0003 -1.0000 0.9710 0.5021
0.1730 -1.5618 -7.6956 -0.9778 0.2095 0.0000 0.9710 0.5021
0.1788 -1.5347 -7.6956 -0.9778 0.2095 0.0000 0.9691 0.5010
0.1788 -1.5347 -6.8488 -0.9778 0.2095 0.0000 0.9370 0.5586
0.1730 -1.5618 -7.6956 -0.9778 0.2095 0.0000 0.9710 0.5021
0.1788 -1.5347 -6.8488 -0.9778 0.2095 0.0000 0.9370 0.5586
0.1730 -1.5618 -6.8488 -0.9778 0.2095 0.0000 0.9389 0.5596
0.3587 -1.5189 -6.8488 0.0000 0.0000 1.0000 0.9351 0.5485
0.3645 -1.4917 -6.8488 0.0000 0.0000 1.0000 0.9373 0.5483
0.5784 -1.4278 -6.8488 0.0000 0.0000 1.0000 0.9450 0.5324
0.3587 -1.5189 -6.8488 0.0000 0.0000 1.0000 0.9351 0.5485
0.5784 -1.4278 -6.8488 0.0000 0.0000 1.0000 0.9450 0.5324
0.5726 -1.4549 -6.8488 0.0000 0.0000 1.0000 0.9428 0.5325
2 7 1
2 8 7
4 9 3
4 6 9
1 5 0
1 7 5
3 8 2
3 9 8
0 11 10
0 5 11
14 19 20
14 13 19
16 21 18
16 15 21
13 17 19
13 12 17
15 20 21
15 14 20
12 23 17
12 22 23
24 26 25
27 29 28
30 32 31
33 35 34
36 38 37
39 41 40
42 44 43
45 47 46
48 50 49
51 53 52
54 56 55
57 59 58
60 62 61
63 65 64
66 68 67
69 71 70
72 74 73
75 77 76
78 80 79
81 83 82
84 86 85
87 89 88
90 92 91
93 95 94
LABEL LGDoorPI
MATERIAL 2
TEXTURE 2
FLAG 0
GEOM 96 44
-0.7923 -1.3873 -6.8488 -0.2888 -0.9572 -0.0201 0.3487 0.6795
-0.5554 -1.4549 -6.8488 -0.2956 -0.9552 -0.0113 0.3416 0.6795
-0.3416 -1.5189 -6.8488 -0.2664 -0.9639 -0.0041 0.3351 0.6795
-0.1558 -1.5618 -6.8488 -0.2314 -0.9729 -0.0014 0.3295 0.6795
-0.3410 -1.5165 -7.6958 -0.2664 -0.9639 -0.0041 0.3351 0.7041
-0.7792 -1.3731 -7.6964 -0.2888 -0.9572 -0.0201 0.3485 0.7041
-0.1558 -1.5618 -7.6956 -0.2314 -0.9729 -0.0014 0.3296 0.7041
-0.5513 -1.4466 -7.6961 -0.2956 -0.9552 -0.0112 0.3416 0.7041
-1.0583 -1.3111 -6.8488 -0.2654 -0.9638 -0.0269 0.3568 0.6795
-1.1939 -1.2783 -6.8488 -0.2437 -0.9694 -0.0292 0.3608 0.6795
-1.1936 -1.2515 -7.6967 -0.2437 -0.9694 -0.0292 0.3611 0.7041
-1.0352 -1.2927 -7.6967 -0.2660 -0.9636 -0.0269 0.3563 0.7041
-0.7864 -1.3602 -6.8488 0.2888 0.9572 0.0201 0.8125 0.4235
-0.5496 -1.4278 -6.8488 0.2956 0.9552 0.0113 0.8125 0.3936
-0.3358 -1.4917 -6.8488 0.2664 0.9639 0.0041 0.8125 0.3666
-0.1500 -1.5347 -6.8488 0.2314 0.9729 0.0014 0.8125 0.3435
-0.3352 -1.4894 -7.6958 0.2664 0.9639 0.0041 0.9152 0.3665
-0.7734 -1.3460 -7.6964 0.2888 0.9572 0.0201 0.9153 0.4224
-0.1500 -1.5347 -7.6956 0.2314 0.9729 0.0014 0.9152 0.3434
-0.5455 -1.4195 -7.6961 0.2956 0.9552 0.0112 0.9153 0.3934
-1.0525 -1.2840 -6.8488 0.2654 0.9638 0.0269 0.8125 0.4570
-1.1881 -1.2512 -6.8488 0.2441 0.9693 0.0292 0.8125 0.4740
-1.1878 -1.2244 -7.6967 0.2441 0.9693 0.0292 0.9154 0.4748
-1.0294 -1.2656 -7.6967 0.2660 0.9636 0.0269 0.9154 0.4550
-0.5513 -1.4466 -7.6961 0.0012 -0.0003 -1.0000 0.9342 0.4209
-0.5455 -1.4195 -7.6961 0.0012 -0.0003 -1.0000 0.9374 0.4208
-0.7734 -1.3460 -7.6964 0.0012 -0.0003 -1.0000 0.9389 0.3936
-0.5513 -1.4466 -7.6961 0.0012 -0.0003 -1.0000 0.9342 0.4209
-0.7734 -1.3460 -7.6964 0.0012 -0.0003 -1.0000 0.9389 0.3936
-0.7792 -1.3731 -7.6964 0.0012 -0.0003 -1.0000 0.9358 0.3937
-0.7792 -1.3731 -7.6964 0.0012 -0.0003 -1.0000 0.9358 0.3937
-0.7734 -1.3460 -7.6964 0.0012 -0.0003 -1.0000 0.9389 0.3936
-1.0294 -1.2656 -7.6967 0.0007 -0.0002 -1.0000 0.9404 0.3631
-0.7792 -1.3731 -7.6964 0.0012 -0.0003 -1.0000 0.9358 0.3937
-1.0294 -1.2656 -7.6967 0.0007 -0.0002 -1.0000 0.9404 0.3631
-1.0352 -1.2927 -7.6967 0.0007 -0.0002 -1.0000 0.9372 0.3632
-1.1936 -1.2515 -7.6967 -0.9780 0.2087 0.0063 0.9385 0.3476
-1.1878 -1.2244 -7.6967 -0.9778 0.2095 0.0064 0.9352 0.3475
-1.1881 -1.2512 -6.8488 -0.9778 0.2095 0.0064 0.9336 0.4470
-1.1936 -1.2515 -7.6967 -0.9780 0.2087 0.0063 0.9385 0.3476
-1.1881 -1.2512 -6.8488 -0.9778 0.2095 0.0064 0.9336 0.4470
-1.1939 -1.2783 -6.8488 -0.9780 0.2087 0.0063 0.9368 0.4471
-0.1558 -1.5618 -7.6956 0.0012 -0.0003 -1.0000 0.9329 0.4677
-0.1500 -1.5347 -7.6956 0.0012 -0.0003 -1.0000 0.9361 0.4676
-0.3352 -1.4894 -7.6958 0.0012 -0.0003 -1.0000 0.9357 0.4459
-0.1558 -1.5618 -7.6956 0.0012 -0.0003 -1.0000 0.9329 0.4677
-0.3352 -1.4894 -7.6958 0.0012 -0.0003 -1.0000 0.9357 0.4459
-0.3410 -1.5165 -7.6958 0.0012 -0.0003 -1.0000 0.9326 0.4460
-0.7923 -1.3873 -6.8488 0.0000 0.0000 1.0000 0.9371 0.4960
-0.7864 -1.3602 -6.8488 0.0000 0.0000 1.0000 0.9339 0.4958
-0.5496 -1.4278 -6.8488 0.0000 0.0000 1.0000 0.9344 0.5247
-0.7923 -1.3873 -6.8488 0.0000 0.0000 1.0000 0.9371 0.4960
-0.5496 -1.4278 -6.8488 0.0000 0.0000 1.0000 0.9344 0.5247
-0.5554 -1.4549 -6.8488 0.0000 0.0000 1.0000 0.9377 0.5248
-1.0352 -1.2927 -7.6967 0.0007 -0.0002 -1.0000 0.9372 0.3632
-1.0294 -1.2656 -7.6967 0.0007 -0.0002 -1.0000 0.9404 0.3631
-1.1878 -1.2244 -7.6967 0.0003 -0.0001 -1.0000 0.9404 0.3445
-1.0352 -1.2927 -7.6967 0.0007 -0.0002 -1.0000 0.9372 0.3632
-1.1878 -1.2244 -7.6967 0.0003 -0.0001 -1.0000 0.9404 0.3445
-1.1936 -1.2515 -7.6967 0.0003 -0.0001 -1.0000 0.9372 0.3446
-0.3410 -1.5165 -7.6958 0.0012 -0.0003 -1.0000 0.9326 0.4460
-0.3352 -1.4894 -7.6958 0.0012 -0.0003 -1.0000 0.9357 0.4459
-0.5455 -1.4195 -7.6961 0.0012 -0.0003 -1.0000 0.9374 0.4208
-0.3410 -1.5165 -7.6958 0.0012 -0.0003 -1.0000 0.9326 0.4460
-0.5455 -1.4195 -7.6961 0.0012 -0.0003 -1.0000 0.9374 0.4208
-0.5513 -1.4466 -7.6961 0.0012 -0.0003 -1.0000 0.9342 0.4209
-0.1558 -1.5618 -6.8488 0.9778 -0.2095 0.0000 0.9372 0.5639
-0.1500 -1.5347 -6.8488 0.9778 -0.2095 0.0000 0.9404 0.5638
-0.1500 -1.5347 -7.6956 0.9778 -0.2095 0.0000 0.9361 0.4676
-0.1558 -1.5618 -6.8488 0.9778 -0.2095 0.0000 0.9372 0.5639
-0.1500 -1.5347 -7.6956 0.9778 -0.2095 0.0000 0.9361 0.4676
-0.1558 -1.5618 -7.6956 0.9778 -0.2095 0.0000 0.9329 0.4677
-0.5554 -1.4549 -6.8488 0.0000 0.0000 1.0000 0.9377 0.5248
-0.5496 -1.4278 -6.8488 0.0000 0.0000 1.0000 0.9344 0.5247
-0.3358 -1.4917 -6.8488 0.0000 0.0000 1.0000 0.9352 0.5508
-0.5554 -1.4549 -6.8488 0.0000 0.0000 1.0000 0.9377 0.5248
-0.3358 -1.4917 -6.8488 0.0000 0.0000 1.0000 0.9352 0.5508
-0.3416 -1.5189 -6.8488 0.0000 0.0000 1.0000 0.9385 0.5510
-0.3416 -1.5189 -6.8488 0.0000 0.0000 1.0000 0.9385 0.5510
-0.3358 -1.4917 -6.8488 0.0000 0.0000 1.0000 0.9352 0.5508
-0.1500 -1.5347 -6.8488 0.0000 0.0000 1.0000 0.9345 0.5732
-0.3416 -1.5189 -6.8488 0.0000 0.0000 1.0000 0.9385 0.5510
-0.1500 -1.5347 -6.8488 0.0000 0.0000 1.0000 0.9345 0.5732
-0.1558 -1.5618 -6.8488 0.0000 0.0000 1.0000 0.9378 0.5733
-1.0583 -1.3111 -6.8488 0.0000 0.0000 1.0000 0.9365 0.4635
-1.0525 -1.2840 -6.8488 0.0000 0.0000 1.0000 0.9332 0.4633
-0.7864 -1.3602 -6.8488 0.0000 0.0000 1.0000 0.9339 0.4958
-1.0583 -1.3111 -6.8488 0.0000 0.0000 1.0000 0.9365 0.4635
-0.7864 -1.3602 -6.8488 0.0000 0.0000 1.0000 0.9339 0.4958
-0.7923 -1.3873 -6.8488 0.0000 0.0000 1.0000 0.9371 0.4960
-1.1939 -1.2783 -6.8488 0.0000 0.0000 1.0000 0.9368 0.4471
-1.1881 -1.2512 -6.8488 0.0000 0.0000 1.0000 0.9336 0.4470
-1.0525 -1.2840 -6.8488 0.0000 0.0000 1.0000 0.9332 0.4633
-1.1939 -1.2783 -6.8488 0.0000 0.0000 1.0000 0.9368 0.4471
-1.0525 -1.2840 -6.8488 0.0000 0.0000 1.0000 0.9332 0.4633
-1.0583 -1.3111 -6.8488 0.0000 0.0000 1.0000 0.9365 0.4635
1 5 7
1 0 5
2 7 4
2 1 7
3 4 6
3 2 4
8 10 11
8 9 10
0 11 5
0 8 11
13 17 12
13 19 17
14 19 13
14 16 19
15 16 14
15 18 16
20 22 21
20 23 22
12 23 20
12 17 23
24 26 25
27 29 28
30 32 31
33 35 34
36 38 37
39 41 40
42 44 43
45 47 46
48 50 49
51 53 52
54 56 55
57 59 58
60 62 61
63 65 64
66 68 67
69 71 70
72 74 73
75 77 76
78 80 79
81 83 82
84 86 85
87 89 88
90 92 91
93 95 94
LABEL LGDoorSO
MATERIAL 2
TEXTURE 2
FLAG 0
GEOM 64 28
1.8132 -1.1460 -6.8488 0.1489 -0.9885 -0.0262 0.2707 0.6796
1.4362 -1.2239 -6.8488 0.2688 -0.9625 -0.0358 0.2819 0.6796
2.8408 -1.1102 -7.6972 0.0193 -0.9996 -0.0188 0.2408 0.7043
1.2110 -1.2783 -6.8488 0.2452 -0.9689 -0.0329 0.2886 0.6796
1.2108 -1.2515 -7.6967 0.2452 -0.9689 -0.0329 0.2885 0.7043
1.3918 -1.2043 -7.6968 0.2699 -0.9622 -0.0358 0.2831 0.7043
1.7432 -1.1300 -7.6969 0.1518 -0.9877 -0.0375 0.2727 0.7043
2.8408 -1.1247 -6.8488 0.0193 -0.9996 -0.0188 0.2408 0.6796
1.8132 -1.1178 -6.8488 -0.1077 0.9938 0.0263 0.8867 0.4013
1.4362 -1.1957 -6.8488 -0.2229 0.9742 0.0337 0.8868 0.3729
2.8408 -1.0819 -7.6972 -0.0193 0.9996 0.0188 0.8241 0.4774
1.2110 -1.2501 -6.8488 -0.2424 0.9696 0.0329 0.8869 0.3557
1.2108 -1.2233 -7.6967 -0.2424 0.9696 0.0329 0.8242 0.3559
1.3918 -1.1761 -7.6968 -0.2240 0.9740 0.0336 0.8241 0.3697
1.7432 -1.1018 -7.6969 -0.1171 0.9928 0.0271 0.8240 0.3963
2.8408 -1.0965 -6.8488 -0.0193 0.9996 0.0188 0.8869 0.4773
1.3918 -1.2043 -7.6968 0.0008 0.0025 -1.0000 0.9490 0.3871
1.3918 -1.1761 -7.6968 -0.0003 0.0000 -1.0000 0.9507 0.3872
1.2108 -1.2233 -7.6967 -0.0003 0.0000 -1.0000 0.9484 0.3756
1.3918 -1.2043 -7.6968 0.0008 0.0025 -1.0000 0.9490 0.3871
1.2108 -1.2233 -7.6967 -0.0003 0.0000 -1.0000 0.9484 0.3756
1.2108 -1.2515 -7.6967 -0.0003 0.0000 -1.0000 0.9466 0.3755
2.8408 -1.1247 -6.8488 1.0000 0.0000 -0.0000 0.9466 0.5319
2.8408 -1.0965 -6.8488 1.0000 0.0000 -0.0000 0.9484 0.5320
2.8408 -1.0819 -7.6972 1.0000 0.0000 -0.0000 0.9520 0.4787
2.8408 -1.1247 -6.8488 1.0000 0.0000 -0.0000 0.9466 0.5319
2.8408 -1.0819 -7.6972 1.0000 0.0000 -0.0000 0.9520 0.4787
2.8408 -1.1102 -7.6972 1.0000 0.0000 -0.0000 0.9502 0.4786
1.2110 -1.2783 -6.8488 0.0000 0.0000 1.0000 0.9621 0.4288
1.2110 -1.2501 -6.8488 0.0000 0.0000 1.0000 0.9603 0.4289
1.4362 -1.1957 -6.8488 0.0000 0.0000 1.0000 0.9579 0.4433
1.2110 -1.2783 -6.8488 0.0000 0.0000 1.0000 0.9621 0.4288
1.4362 -1.1957 -6.8488 0.0000 0.0000 1.0000 0.9579 0.4433
1.4362 -1.2239 -6.8488 -0.0010 -0.0025 1.0000 0.9597 0.4432
2.8408 -1.1102 -7.6972 -0.0003 0.0000 -1.0000 0.9502 0.4786
2.8408 -1.0819 -7.6972 -0.0003 0.0000 -1.0000 0.9520 0.4787
1.7432 -1.1018 -7.6969 -0.0003 0.0000 -1.0000 0.9543 0.4095
2.8408 -1.1102 -7.6972 -0.0003 0.0000 -1.0000 0.9502 0.4786
1.7432 -1.1018 -7.6969 -0.0003 0.0000 -1.0000 0.9543 0.4095
1.7432 -1.1300 -7.6969 -0.0223 0.0071 -0.9997 0.9525 0.4094
1.4362 -1.2239 -6.8488 -0.0010 -0.0025 1.0000 0.9597 0.4432
1.4362 -1.1957 -6.8488 0.0000 0.0000 1.0000 0.9579 0.4433
1.8132 -1.1178 -6.8488 0.0000 0.0000 1.0000 0.9547 0.4673
1.4362 -1.2239 -6.8488 -0.0010 -0.0025 1.0000 0.9597 0.4432
1.8132 -1.1178 -6.8488 0.0000 0.0000 1.0000 0.9547 0.4673
1.8132 -1.1460 -6.8488 -0.0172 -0.0030 0.9998 0.9565 0.4672
1.7432 -1.1300 -7.6969 -0.0223 0.0071 -0.9997 0.9525 0.4094
1.7432 -1.1018 -7.6969 -0.0003 0.0000 -1.0000 0.9543 0.4095
1.3918 -1.1761 -7.6968 -0.0003 0.0000 -1.0000 0.9507 0.3872
1.7432 -1.1300 -7.6969 -0.0223 0.0071 -0.9997 0.9525 0.4094
1.3918 -1.1761 -7.6968 -0.0003 0.0000 -1.0000 0.9507 0.3872
1.3918 -1.2043 -7.6968 0.0008 0.0025 -1.0000 0.9490 0.3871
1.8132 -1.1460 -6.8488 -0.0172 -0.0030 0.9998 0.9565 0.4672
1.8132 -1.1178 -6.8488 0.0000 0.0000 1.0000 0.9547 0.4673
2.8408 -1.0965 -6.8488 0.0000 0.0000 1.0000 0.9581 0.5320
1.8132 -1.1460 -6.8488 -0.0172 -0.0030 0.9998 0.9565 0.4672
2.8408 -1.0965 -6.8488 0.0000 0.0000 1.0000 0.9581 0.5320
2.8408 -1.1247 -6.8488 0.0000 0.0000 1.0000 0.9599 0.5319
1.2110 -1.2783 -6.8488 -1.0000 -0.0029 0.0002 0.9621 0.4288
1.2108 -1.2515 -7.6967 -1.0000 -0.0029 0.0002 0.9565 0.3756
1.2108 -1.2233 -7.6967 -1.0000 0.0000 0.0003 0.9547 0.3757
1.2110 -1.2783 -6.8488 -1.0000 -0.0029 0.0002 0.9621 0.4288
1.2108 -1.2233 -7.6967 -1.0000 0.0000 0.0003 0.9547 0.3757
1.2110 -1.2501 -6.8488 -1.0000 0.0000 0.0003 0.9603 0.4289
3 5 1
3 4 5
1 6 0
1 5 6
0 2 7
0 6 2
11 13 12
11 9 13
9 14 13
9 8 14
8 10 14
8 15 10
16 18 17
19 21 20
22 24 23
25 27 26
28 30 29
31 33 32
34 36 35
37 39 38
40 42 41
43 45 44
46 48 47
49 51 50
52 54 53
55 57 56
58 60 59
61 63 62
LABEL LGDoorPO
MATERIAL 2
TEXTURE 2
FLAG 0
GEOM 64 28
-1.8132 -1.1460 -6.8488 -0.1077 -0.9938 -0.0263 0.3787 0.6794
-1.4362 -1.2239 -6.8488 -0.2229 -0.9742 -0.0337 0.3675 0.6794
-2.8408 -1.1102 -7.6972 -0.0193 -0.9996 -0.0188 0.4087 0.7039
-1.2110 -1.2783 -6.8488 -0.3154 -0.9484 -0.0323 0.3608 0.6795
-1.2108 -1.2515 -7.6967 -0.3154 -0.9484 -0.0329 0.3611 0.7041
-1.3918 -1.2043 -7.6968 -0.2240 -0.9740 -0.0336 0.3665 0.7041
-1.7432 -1.1300 -7.6969 -0.1171 -0.9928 -0.0271 0.3769 0.7041
-2.8408 -1.1247 -6.8488 -0.0193 -0.9996 -0.0188 0.4086 0.6793
-1.8132 -1.1178 -6.8488 0.1077 0.9938 0.0263 0.8153 0.3765
-1.4362 -1.1957 -6.8488 0.2229 0.9742 0.0337 0.8152 0.3577
-2.8408 -1.0819 -7.6972 0.0193 0.9996 0.0188 0.8565 0.4266
-1.2110 -1.2501 -6.8488 0.2424 0.9696 0.0329 0.8151 0.3464
-1.2108 -1.2233 -7.6967 0.2424 0.9696 0.0329 0.8565 0.3465
-1.3918 -1.1761 -7.6968 0.2240 0.9740 0.0336 0.8565 0.3556
-1.7432 -1.1018 -7.6969 0.1171 0.9928 0.0271 0.8566 0.3731
-2.8408 -1.0965 -6.8488 0.0193 0.9996 0.0188 0.8151 0.4265
-1.3918 -1.2043 -7.6968 0.0003 0.0000 -1.0000 0.9532 0.4570
-1.2108 -1.2515 -7.6967 -0.0021 0.0001 -1.0000 0.9517 0.4660
-1.2108 -1.2233 -7.6967 0.0003 0.0000 -1.0000 0.9531 0.4659
-1.3918 -1.2043 -7.6968 0.0003 0.0000 -1.0000 0.9532 0.4570
-1.2108 -1.2233 -7.6967 0.0003 0.0000 -1.0000 0.9531 0.4659
-1.3918 -1.1761 -7.6968 0.0003 0.0000 -1.0000 0.9546 0.4569
-2.8408 -1.1247 -6.8488 -1.0000 0.0000 -0.0000 0.9476 0.4659
-2.8408 -1.1102 -7.6972 -1.0000 0.0000 -0.0000 0.9455 0.5072
-2.8408 -1.0819 -7.6972 -1.0000 0.0000 -0.0000 0.9469 0.5073
-2.8408 -1.1247 -6.8488 -1.0000 0.0000 -0.0000 0.9476 0.4659
-2.8408 -1.0819 -7.6972 -1.0000 0.0000 -0.0000 0.9469 0.5073
-2.8408 -1.0965 -6.8488 -1.0000 0.0000 -0.0000 0.9490 0.4660
-1.2110 -1.2783 -6.8488 0.0024 -0.0001 1.0000 0.9455 0.3862
-1.4362 -1.2239 -6.8488 0.0000 0.0000 1.0000 0.9474 0.3973
-1.4362 -1.1957 -6.8488 0.0000 0.0000 1.0000 0.9488 0.3974
-1.2110 -1.2783 -6.8488 0.0024 -0.0001 1.0000 0.9455 0.3862
-1.4362 -1.1957 -6.8488 0.0000 0.0000 1.0000 0.9488 0.3974
-1.2110 -1.2501 -6.8488 0.0000 0.0000 1.0000 0.9469 0.3863
-2.8408 -1.1102 -7.6972 0.0003 0.0000 -1.0000 0.9517 0.3863
-1.7432 -1.1300 -7.6969 0.0003 0.0000 -1.0000 0.9553 0.4397
-1.7432 -1.1018 -7.6969 0.0003 0.0000 -1.0000 0.9567 0.4395
-2.8408 -1.1102 -7.6972 0.0003 0.0000 -1.0000 0.9517 0.3863
-1.7432 -1.1018 -7.6969 0.0003 0.0000 -1.0000 0.9567 0.4395
-2.8408 -1.0819 -7.6972 0.0003 0.0000 -1.0000 0.9531 0.3862
-1.4362 -1.2239 -6.8488 0.0000 0.0000 1.0000 0.9474 0.3973
-1.8132 -1.1460 -6.8488 0.0000 0.0000 1.0000 0.9500 0.4159
-1.8132 -1.1178 -6.8488 0.0000 0.0000 1.0000 0.9514 0.4160
-1.4362 -1.2239 -6.8488 0.0000 0.0000 1.0000 0.9474 0.3973
-1.8132 -1.1178 -6.8488 0.0000 0.0000 1.0000 0.9514 0.4160
-1.4362 -1.1957 -6.8488 0.0000 0.0000 1.0000 0.9488 0.3974
-1.7432 -1.1300 -7.6969 0.0003 0.0000 -1.0000 0.9553 0.4397
-1.3918 -1.2043 -7.6968 0.0003 0.0000 -1.0000 0.9532 0.4570
-1.3918 -1.1761 -7.6968 0.0003 0.0000 -1.0000 0.9546 0.4569
-1.7432 -1.1300 -7.6969 0.0003 0.0000 -1.0000 0.9553 0.4397
-1.3918 -1.1761 -7.6968 0.0003 0.0000 -1.0000 0.9546 0.4569
-1.7432 -1.1018 -7.6969 0.0003 0.0000 -1.0000 0.9567 0.4395
-1.8132 -1.1460 -6.8488 0.0000 0.0000 1.0000 0.9500 0.4159
-2.8408 -1.1247 -6.8488 0.0000 0.0000 1.0000 0.9476 0.4659
-2.8408 -1.0965 -6.8488 0.0000 0.0000 1.0000 0.9490 0.4660
-1.8132 -1.1460 -6.8488 0.0000 0.0000 1.0000 0.9500 0.4159
-2.8408 -1.0965 -6.8488 0.0000 0.0000 1.0000 0.9490 0.4660
-1.8132 -1.1178 -6.8488 0.0000 0.0000 1.0000 0.9514 0.4160
-1.2110 -1.2783 -6.8488 0.9971 -0.0759 -0.0021 0.9540 0.5073
-1.2110 -1.2501 -6.8488 1.0000 0.0000 0.0003 0.9553 0.5072
-1.2108 -1.2233 -7.6967 1.0000 0.0000 0.0003 0.9531 0.4659
-1.2110 -1.2783 -6.8488 0.9971 -0.0759 -0.0021 0.9540 0.5073
-1.2108 -1.2233 -7.6967 1.0000 0.0000 0.0003 0.9531 0.4659
-1.2108 -1.2515 -7.6967 0.9971 -0.0759 -0.0021 0.9517 0.4660
3 5 4
3 1 5
1 6 5
1 0 6
0 2 6
0 7 2
11 13 9
11 12 13
9 14 8
9 13 14
8 10 15
8 14 10
16 18 17
19 21 20
22 24 23
25 27 26
28 30 29
31 33 32
34 36 35
37 39 38
40 42 41
43 45 44
46 48 47
49 51 50
52 54 53
55 57 56
58 60 59
61 63 62
LABEL LGDoorPF
MATERIAL 2
TEXTURE 2
FLAG 0
GEOM 66 32
0.0112 -0.0182 0.8169 -0.1617 -0.9868 0.0016 0.3287 0.2877
0.1756 -0.0338 0.8169 -0.0035 -1.0000 0.0005 0.3240 0.2877
0.0112 -0.0182 -1.1256 -0.1604 -0.9871 0.0000 0.3288 0.3441
0.0154 -0.0180 1.1290 -0.1618 -0.9868 0.0031 0.3285 0.2786
-0.1656 0.0249 1.1292 -0.2279 -0.9737 0.0052 0.3339 0.2786
-0.1745 0.0448 0.8169 0.2265 0.9740 -0.0026 0.8440 0.3681
0.0112 0.0018 0.8169 0.1617 0.9868 -0.0016 0.8571 0.3681
0.1756 -0.0138 0.8169 0.0955 0.9954 -0.0005 0.8685 0.3681
0.1756 -0.0138 -1.1256 0.0949 0.9955 0.0000 0.8685 0.5017
0.0154 0.0020 1.1290 0.1618 0.9868 -0.0031 0.8574 0.3466
-0.1745 0.0248 -1.1256 -0.2251 -0.9743 0.0000 0.3343 0.3441
0.1756 -0.0338 -1.1256 -0.0028 -1.0000 0.0000 0.3240 0.3441
0.1756 -0.0337 1.1290 -0.0041 -1.0000 0.0011 0.3239 0.2782
-0.1745 0.0248 0.8169 -0.2265 -0.9740 0.0026 0.3341 0.2877
0.0112 0.0018 -1.1256 0.1604 0.9871 0.0000 0.8571 0.5017
-0.1745 0.0448 -1.1256 0.2251 0.9743 0.0000 0.8440 0.5017
0.1756 -0.0137 1.1290 0.0962 0.9954 -0.0011 0.8685 0.3466
-0.1656 0.0449 1.1292 0.2279 0.9737 -0.0052 0.8446 0.3466
0.0154 -0.0180 1.1290 0.0004 0.0000 1.0000 0.9592 0.3769
0.0154 0.0020 1.1290 0.0005 0.0000 1.0000 0.9578 0.3769
0.1756 -0.0137 1.1290 0.0000 0.0000 1.0000 0.9586 0.3879
0.0154 -0.0180 1.1290 0.0004 0.0000 1.0000 0.9592 0.3769
0.1756 -0.0137 1.1290 0.0000 0.0000 1.0000 0.9586 0.3879
0.1756 -0.0337 1.1290 0.0000 0.0000 1.0000 0.9600 0.3880
0.1756 -0.0338 -1.1256 0.0000 0.0000 -1.0000 0.9499 0.5430
0.1756 -0.0138 -1.1256 0.0000 0.0000 -1.0000 0.9513 0.5430
0.0112 0.0018 -1.1256 0.0000 0.0000 -1.0000 0.9521 0.5317
0.1756 -0.0338 -1.1256 0.0000 0.0000 -1.0000 0.9499 0.5430
0.0112 0.0018 -1.1256 0.0000 0.0000 -1.0000 0.9521 0.5317
0.0112 -0.0182 -1.1256 0.0000 0.0000 -1.0000 0.9507 0.5317
-0.1656 0.0249 1.1292 0.0010 0.0000 1.0000 0.9565 0.3644
-0.1656 0.0449 1.1292 0.0010 0.0000 1.0000 0.9551 0.3644
0.0154 0.0020 1.1290 0.0005 0.0000 1.0000 0.9578 0.3769
-0.1656 0.0249 1.1292 0.0010 0.0000 1.0000 0.9565 0.3644
0.0154 0.0020 1.1290 0.0005 0.0000 1.0000 0.9578 0.3769
0.0154 -0.0180 1.1290 0.0004 0.0000 1.0000 0.9592 0.3769
0.0112 -0.0182 -1.1256 0.0000 0.0000 -1.0000 0.9507 0.5317
0.0112 0.0018 -1.1256 0.0000 0.0000 -1.0000 0.9521 0.5317
-0.1745 0.0448 -1.1256 0.0000 0.0000 -1.0000 0.9548 0.5188
0.0112 -0.0182 -1.1256 0.0000 0.0000 -1.0000 0.9507 0.5317
-0.1745 0.0448 -1.1256 0.0000 0.0000 -1.0000 0.9548 0.5188
-0.1745 0.0248 -1.1256 0.0000 0.0000 -1.0000 0.9534 0.5189
-0.1745 0.0248 -1.1256 -1.0000 0.0000 0.0000 0.9534 0.5189
-0.1745 0.0448 -1.1256 -1.0000 0.0000 0.0000 0.9548 0.5188
-0.1745 0.0448 0.8169 -0.9999 0.0000 0.0142 0.9518 0.3852
-0.1745 0.0248 -1.1256 -1.0000 0.0000 0.0000 0.9534 0.5189
-0.1745 0.0448 0.8169 -0.9999 0.0000 0.0142 0.9518 0.3852
-0.1745 0.0248 0.8169 -0.9999 0.0000 0.0142 0.9504 0.3853
0.1756 -0.0337 1.1290 0.9957 0.0921 0.0000 0.9600 0.3880
0.1756 -0.0137 1.1290 1.0000 0.0000 0.0000 0.9586 0.3879
0.1756 -0.0138 0.8169 1.0000 0.0000 0.0000 0.9582 0.4094
0.1756 -0.0337 1.1290 0.9957 0.0921 0.0000 0.9600 0.3880
0.1756 -0.0138 0.8169 1.0000 0.0000 0.0000 0.9582 0.4094
0.1756 -0.0338 0.8169 0.9957 0.0921 0.0000 0.9595 0.4094
-0.1745 0.0248 0.8169 -0.9999 0.0000 0.0142 0.9504 0.3853
-0.1745 0.0448 0.8169 -0.9999 0.0000 0.0142 0.9518 0.3852
-0.1656 0.0449 1.1292 -0.9996 0.0000 0.0284 0.9513 0.3637
-0.1745 0.0248 0.8169 -0.9999 0.0000 0.0142 0.9504 0.3853
-0.1656 0.0449 1.1292 -0.9996 0.0000 0.0284 0.9513 0.3637
-0.1656 0.0249 1.1292 -0.9996 0.0000 0.0284 0.9499 0.3638
0.1756 -0.0338 0.8169 0.9957 0.0921 0.0000 0.9595 0.4094
0.1756 -0.0138 0.8169 1.0000 0.0000 0.0000 0.9582 0.4094
0.1756 -0.0138 -1.1256 1.0000 0.0000 0.0000 0.9551 0.5430
0.1756 -0.0338 0.8169 0.9957 0.0921 0.0000 0.9595 0.4094
0.1756 -0.0138 -1.1256 1.0000 0.0000 0.0000 0.9551 0.5430
0.1756 -0.0338 -1.1256 0.9957 0.0921 -0.0000 0.9565 0.5430
13 3 4
13 0 3
0 12 3
0 1 12
0 10 2
0 13 10
1 2 11
1 0 2
5 9 6
5 17 9
6 16 7
6 9 16
6 15 5
6 14 15
7 14 6
7 8 14
18 20 19
21 23 22
24 26 25
27 29 28
30 32 31
33 35 34
36 38 37
39 41 40
42 44 43
45 47 46
48 50 49
51 53 52
54 56 55
57 59 58
60 62 61
63 65 64
LABEL LGDoorSF
MATERIAL 2
TEXTURE 2
FLAG 0
GEOM 66 32
0.1745 0.0248 0.8169 0.2265 -0.9740 0.0026 0.3137 0.2877
-0.0112 -0.0182 0.8169 0.1616 -0.9868 0.0016 0.3192 0.2877
-0.0154 -0.0180 1.1290 0.1618 -0.9868 0.0031 0.3193 0.2786
-0.0112 -0.0182 -1.1256 0.1604 -0.9871 0.0000 0.3192 0.3441
-0.0112 0.0018 0.8169 -0.1616 0.9868 -0.0016 0.9810 0.5522
-0.1756 -0.0138 0.8169 -0.0955 0.9954 -0.0005 0.9854 0.5522
-0.0154 0.0020 1.1290 -0.1618 0.9868 -0.0031 0.9811 0.5606
0.1657 0.0449 1.1292 -0.2278 0.9737 -0.0052 0.9761 0.5606
-0.0112 0.0018 -1.1256 -0.1604 0.9871 0.0000 0.9810 0.5001
-0.1756 -0.0338 -1.1256 0.0063 -1.0000 0.0000 0.3240 0.3441
-0.1756 -0.0338 0.8169 0.0069 -1.0000 0.0005 0.3239 0.2877
0.1657 0.0249 1.1292 0.2278 -0.9737 0.0052 0.3139 0.2786
-0.1756 -0.0337 1.1290 0.0075 -1.0000 0.0011 0.3239 0.2782
0.1745 0.0248 -1.1256 0.2251 -0.9743 0.0000 0.3137 0.3442
-0.1756 -0.0138 -1.1256 -0.0949 0.9955 0.0000 0.9854 0.5001
0.1745 0.0448 0.8169 -0.2265 0.9740 -0.0026 0.9759 0.5522
-0.1756 -0.0137 1.1290 -0.0962 0.9954 -0.0011 0.9854 0.5606
0.1745 0.0448 -1.1256 -0.2251 0.9743 0.0000 0.9759 0.5001
0.1745 0.0248 -1.1256 0.0000 0.0000 -1.0000 0.9729 0.5496
0.1745 0.0448 -1.1256 0.0000 0.0000 -1.0000 0.9723 0.5496
-0.0112 0.0018 -1.1256 0.0000 0.0000 -1.0000 0.9734 0.5546
0.1745 0.0248 -1.1256 0.0000 0.0000 -1.0000 0.9729 0.5496
-0.0112 0.0018 -1.1256 0.0000 0.0000 -1.0000 0.9734 0.5546
-0.0112 -0.0182 -1.1256 0.0000 0.0000 -1.0000 0.9739 0.5546
-0.0154 -0.0180 1.1290 -0.0005 0.0000 1.0000 0.9760 0.5541
-0.0154 0.0020 1.1290 -0.0006 0.0000 1.0000 0.9754 0.5541
0.1657 0.0449 1.1292 -0.0010 0.0000 1.0000 0.9744 0.5590
-0.0154 -0.0180 1.1290 -0.0005 0.0000 1.0000 0.9760 0.5541
0.1657 0.0449 1.1292 -0.0010 0.0000 1.0000 0.9744 0.5590
0.1657 0.0249 1.1292 -0.0010 0.0000 1.0000 0.9749 0.5590
-0.0112 -0.0182 -1.1256 0.0000 0.0000 -1.0000 0.9739 0.5546
-0.0112 0.0018 -1.1256 0.0000 0.0000 -1.0000 0.9734 0.5546
-0.1756 -0.0138 -1.1256 0.0000 0.0000 -1.0000 0.9737 0.5590
-0.0112 -0.0182 -1.1256 0.0000 0.0000 -1.0000 0.9739 0.5546
-0.1756 -0.0138 -1.1256 0.0000 0.0000 -1.0000 0.9737 0.5590
-0.1756 -0.0338 -1.1256 0.0000 0.0000 -1.0000 0.9742 0.5590
-0.1756 -0.0338 0.8169 -0.9961 0.0887 -0.0000 0.9761 0.5415
-0.1756 -0.0138 0.8169 -1.0000 0.0000 0.0000 0.9756 0.5415
-0.1756 -0.0137 1.1290 -1.0000 0.0000 0.0000 0.9757 0.5498
-0.1756 -0.0338 0.8169 -0.9961 0.0887 -0.0000 0.9761 0.5415
-0.1756 -0.0137 1.1290 -1.0000 0.0000 0.0000 0.9757 0.5498
-0.1756 -0.0337 1.1290 -0.9961 0.0887 -0.0000 0.9763 0.5498
0.1745 0.0248 0.8169 0.9999 0.0000 0.0141 0.9741 0.4975
0.1745 0.0448 0.8169 0.9999 0.0000 0.0141 0.9735 0.4975
0.1745 0.0448 -1.1256 1.0000 0.0000 0.0000 0.9723 0.5496
0.1745 0.0248 0.8169 0.9999 0.0000 0.0141 0.9741 0.4975
0.1745 0.0448 -1.1256 1.0000 0.0000 0.0000 0.9723 0.5496
0.1745 0.0248 -1.1256 1.0000 0.0000 0.0000 0.9729 0.5496
0.1657 0.0249 1.1292 0.9996 0.0000 0.0282 0.9742 0.4891
0.1657 0.0449 1.1292 0.9996 0.0000 0.0282 0.9737 0.4891
0.1745 0.0448 0.8169 0.9999 0.0000 0.0141 0.9735 0.4975
0.1657 0.0249 1.1292 0.9996 0.0000 0.0282 0.9742 0.4891
0.1745 0.0448 0.8169 0.9999 0.0000 0.0141 0.9735 0.4975
0.1745 0.0248 0.8169 0.9999 0.0000 0.0141 0.9741 0.4975
-0.1756 -0.0337 1.1290 -0.0000 0.0000 1.0000 0.9763 0.5498
-0.1756 -0.0137 1.1290 -0.0000 0.0000 1.0000 0.9757 0.5498
-0.0154 0.0020 1.1290 -0.0006 0.0000 1.0000 0.9754 0.5541
-0.1756 -0.0337 1.1290 -0.0000 0.0000 1.0000 0.9763 0.5498
-0.0154 0.0020 1.1290 -0.0006 0.0000 1.0000 0.9754 0.5541
-0.0154 -0.0180 1.1290 -0.0005 0.0000 1.0000 0.9760 0.5541
-0.1756 -0.0338 -1.1256 -0.9961 0.0887 0.0000 0.9749 0.4894
-0.1756 -0.0138 -1.1256 -1.0000 0.0000 0.0000 0.9744 0.4894
-0.1756 -0.0138 0.8169 -1.0000 0.0000 0.0000 0.9756 0.5415
-0.1756 -0.0338 -1.1256 -0.9961 0.0887 0.0000 0.9749 0.4894
-0.1756 -0.0138 0.8169 -1.0000 0.0000 0.0000 0.9756 0.5415
-0.1756 -0.0338 0.8169 -0.9961 0.0887 -0.0000 0.9761 0.5415
0 2 1
0 11 2
1 12 10
1 2 12
10 3 1
10 9 3
1 13 0
1 3 13
15 6 7
15 4 6
4 16 6
4 5 16
5 8 14
5 4 8
4 17 8
4 15 17
18 20 19
21 23 22
24 26 25
27 29 28
30 32 31
33 35 34
36 38 37
39 41 40
42 44 43
45 47 46
48 50 49
51 53 52
54 56 55
57 59 58
60 62 61
63 65 64
LABEL ElevonSIB
MATERIAL 2
TEXTURE 2
FLAG 0
GEOM 41 18
-1.3674 0.1200 -1.3842 -0.0579 -0.9955 -0.0755 0.3061 0.9643
0.9754 -0.0704 -0.8579 -0.0224 -0.9982 -0.0563 0.2395 0.9503
-1.2958 -0.0079 0.0587 -0.0579 -0.9955 -0.0755 0.3038 0.9230
0.3642 -0.1214 0.4785 -0.0169 -0.9984 -0.0533 0.2566 0.9101
-1.4319 0.0638 -0.6799 -0.0579 -0.9955 -0.0755 0.3055 0.9427
1.5848 -0.0797 0.4850 0.0343 -0.9991 -0.0253 0.2207 0.9117
1.4961 -0.0941 0.7824 0.0343 -0.9991 -0.0253 0.2232 0.9030
-1.4153 0.0965 -0.6577 0.0707 0.9969 0.0334 0.6552 0.5330
-1.2720 0.0576 0.0606 0.0707 0.9969 0.0334 0.6218 0.5167
1.4956 -0.0722 0.7826 -0.2592 -0.0092 0.9658 0.9782 0.3642
0.4292 -0.0697 0.4963 0.0422 0.9990 0.0173 0.6222 0.4275
-1.3674 0.1200 -1.3842 0.0707 0.9969 0.0334 0.6914 0.5400
0.9754 -0.0704 -0.8579 0.0481 0.9986 0.0206 0.6956 0.4181
-1.3674 0.1200 -1.3842 0.0707 0.9969 0.0334 0.6914 0.5400
-1.2958 -0.0079 0.0587 -0.2450 0.0234 0.9692 0.8577 0.3617
-1.2720 0.0576 0.0606 -0.2450 0.0234 0.9692 0.8586 0.3645
0.4292 -0.0697 0.4963 -0.2560 -0.0018 0.9667 0.9321 0.3624
-1.2958 -0.0079 0.0587 -0.2450 0.0234 0.9692 0.8577 0.3617
0.4292 -0.0697 0.4963 -0.2560 -0.0018 0.9667 0.9321 0.3624
0.3642 -0.1214 0.4785 -0.2480 0.0167 0.9686 0.9294 0.3601
1.4961 -0.0941 0.7824 -0.2592 -0.0092 0.9658 0.9783 0.3633
0.3642 -0.1214 0.4785 -0.2480 0.0167 0.9686 0.9294 0.3601
0.4292 -0.0697 0.4963 -0.2560 -0.0018 0.9667 0.9321 0.3624
1.4961 -0.0941 0.7824 -0.2592 -0.0092 0.9658 0.9783 0.3633
0.4292 -0.0697 0.4963 -0.2560 -0.0018 0.9667 0.9321 0.3624
-1.4319 0.0638 -0.6799 -0.9221 0.3300 0.2019 0.9617 0.3596
-1.4153 0.0965 -0.6577 -0.9221 0.3300 0.2019 0.9608 0.3581
-1.2720 0.0576 0.0606 -0.9221 0.3300 0.2019 0.9302 0.3567
-1.4319 0.0638 -0.6799 -0.9221 0.3300 0.2019 0.9617 0.3596
-1.2720 0.0576 0.0606 -0.9221 0.3300 0.2019 0.9302 0.3567
-1.2958 -0.0079 0.0587 -0.9221 0.3300 0.2019 0.9302 0.3596
1.4956 -0.0722 0.7826 0.9578 0.0209 0.2866 0.9782 0.3642
1.5848 -0.0797 0.4850 0.9578 0.0209 0.2866 0.9912 0.3645
1.4961 -0.0941 0.7824 0.9578 0.0209 0.2866 0.9783 0.3633
-1.3674 0.1200 -1.3842 -0.8794 0.4741 -0.0427 0.9912 0.3567
-1.4153 0.0965 -0.6577 -0.8794 0.4741 -0.0427 0.9608 0.3581
-1.4319 0.0638 -0.6799 -0.8794 0.4741 -0.0427 0.9617 0.3596
1.5848 -0.0797 0.4850 0.0086 1.0000 -0.0017 0.6376 0.3711
1.4956 -0.0722 0.7826 0.0086 1.0000 -0.0017 0.6218 0.3716
1.5848 -0.0797 0.4850 0.0086 1.0000 -0.0017 0.6376 0.3711
0.9754 -0.0704 -0.8579 0.0481 0.9986 0.0206 0.6956 0.4181
4 3 2
3 0 1
3 4 0
3 5 6
3 1 5
11 10 12
10 7 8
10 13 7
14 16 15
17 19 18
20 22 21
23 9 24
25 27 26
28 30 29
31 33 32
34 36 35
37 10 38
39 40 10
LABEL ElevonSO
MATERIAL 2
TEXTURE 2
FLAG 0
GEOM 101 48
2.1972 -0.0500 0.8959 -0.0916 0.0160 0.9957 0.6894 0.2823
2.3151 -0.0500 0.2977 0.0000 -1.0000 0.0000 0.6351 0.9427
-1.0514 -0.0500 -0.4396 -0.0001 -0.9996 -0.0272 0.7321 0.9680
1.6071 -0.0500 -0.5976 -0.0079 -0.9977 -0.0680 0.6547 0.9695
-1.0211 0.0974 0.5974 -0.0916 0.0160 0.9957 0.6894 0.1577
-1.0163 -0.0500 0.6002 -0.0916 0.0160 0.9957 0.6951 0.1582
-1.0237 -0.0500 0.2977 0.0000 -1.0000 0.0000 0.7321 0.9466
-1.0397 0.0974 0.2977 0.0441 0.9990 -0.0018 0.7483 0.9464
2.0811 -0.0500 -0.2640 -0.0000 -0.9999 -0.0137 0.6413 0.9593
-1.0675 0.0974 -0.4396 0.0481 0.9982 -0.0355 0.7472 0.9678
-0.6674 0.0237 -1.2353 -0.0079 -0.9977 -0.0680 0.7200 0.9908
2.2904 -0.0500 0.5026 0.0000 -1.0000 0.0000 0.6361 0.9368
2.2511 -0.0500 0.7020 0.0447 0.9990 0.0070 0.8440 0.9357
-1.0041 -0.0500 0.5049 -0.9977 -0.0585 -0.0330 0.6955 0.2117
-1.0066 -0.0500 0.4040 0.0000 -1.0000 0.0000 0.7317 0.9435
-1.0189 0.0974 0.4031 0.0444 0.9990 0.0025 0.7489 0.9434
-1.0127 0.0974 0.5030 -0.9978 -0.0586 -0.0319 0.7012 0.2118
-1.0582 0.0974 -0.1938 0.0458 0.9989 -0.0120 0.7476 0.9607
-1.0490 0.0974 0.0519 -0.9934 -0.1082 0.0374 0.7013 0.2293
2.2095 -0.0500 -0.0733 -0.0000 -1.0000 0.0000 0.6378 0.9536
2.2875 -0.0500 0.1139 0.0444 0.9990 -0.0059 0.8449 0.9527
-1.0329 -0.0500 0.0519 -0.9934 -0.1082 0.0374 0.6956 0.2292
-1.0422 -0.0500 -0.1938 -0.0000 -1.0000 0.0000 0.7321 0.9609
1.8581 -0.0500 -0.4470 -0.0012 -0.9980 -0.0625 0.6475 0.9649
-0.8454 -0.0132 -0.8537 -0.0033 -0.9979 -0.0642 0.7256 0.9799
-0.8534 0.0606 -0.8537 -0.8926 -0.0972 -0.4402 0.6988 0.2661
2.3151 -0.0500 0.2977 0.0441 0.9990 -0.0016 0.8457 0.9474
2.3151 -0.0500 0.2977 0.0441 0.9990 -0.0016 0.8457 0.9474
2.2904 -0.0500 0.5026 0.0444 0.9990 0.0026 0.8451 0.9415
2.0811 -0.0500 -0.2640 0.0474 0.9986 -0.0253 0.8388 0.9637
2.0811 -0.0500 -0.2640 0.0474 0.9986 -0.0253 0.8388 0.9637
2.2095 -0.0500 -0.0733 0.0454 0.9989 -0.0109 0.8426 0.9582
-1.0675 0.0974 -0.4396 -0.8876 -0.0967 -0.4503 0.7013 0.2482
-1.0514 -0.0500 -0.4396 -0.8876 -0.0967 -0.4503 0.6955 0.2482
-1.0514 -0.0500 -0.4396 -0.8876 -0.0967 -0.4503 0.6955 0.2482
-0.8454 -0.0132 -0.8537 -0.8929 -0.0973 -0.4396 0.6960 0.2660
-0.8534 0.0606 -0.8537 0.0511 0.9964 -0.0675 0.7534 0.9799
-0.6674 0.0237 -1.2353 0.0526 0.9958 -0.0754 0.7587 0.9911
1.6071 -0.0500 -0.5976 0.0526 0.9958 -0.0754 0.8249 0.9732
-0.8534 0.0606 -0.8537 0.0511 0.9964 -0.0675 0.7534 0.9799
1.6071 -0.0500 -0.5976 0.0526 0.9958 -0.0754 0.8249 0.9732
1.8581 -0.0500 -0.4470 0.0504 0.9967 -0.0640 0.8323 0.9689
-1.0422 -0.0500 -0.1938 -0.9934 -0.1082 0.0374 0.6956 0.2387
-1.0514 -0.0500 -0.4396 -0.9934 -0.1082 0.0374 0.6955 0.2482
-1.0675 0.0974 -0.4396 -0.9934 -0.1082 0.0374 0.7013 0.2482
-1.0422 -0.0500 -0.1938 -0.9934 -0.1082 0.0374 0.6956 0.2387
-1.0675 0.0974 -0.4396 -0.9934 -0.1082 0.0374 0.7013 0.2482
-1.0582 0.0974 -0.1938 -0.9934 -0.1082 0.0374 0.7013 0.2388
-1.0066 -0.0500 0.4040 -0.9907 -0.0820 0.1089 0.6955 0.2156
-1.0237 -0.0500 0.2977 -0.9891 -0.1011 0.1072 0.6956 0.2198
-1.0397 0.0974 0.2977 -0.9892 -0.1013 0.1062 0.7013 0.2198
-1.0066 -0.0500 0.4040 -0.9907 -0.0820 0.1089 0.6955 0.2156
-1.0397 0.0974 0.2977 -0.9892 -0.1013 0.1062 0.7013 0.2198
-1.0189 0.0974 0.4031 -0.9905 -0.0822 0.1102 0.7012 0.2157
-1.0163 -0.0500 0.6002 -0.9931 -0.0467 -0.1078 0.6956 0.2080
-1.0163 -0.0500 0.6002 -0.9931 -0.0467 -0.1078 0.6956 0.2080
-1.0211 0.0974 0.5974 -0.9931 -0.0467 -0.1078 0.7013 0.2082
-1.0066 -0.0500 0.4040 -0.9907 -0.0820 0.1089 0.6955 0.2156
-1.0189 0.0974 0.4031 -0.9905 -0.0822 0.1102 0.7012 0.2157
-1.0189 0.0974 0.4031 -0.9905 -0.0822 0.1102 0.7012 0.2157
-1.0211 0.0974 0.5974 0.0447 0.9990 0.0097 0.7490 0.9376
-1.0127 0.0974 0.5030 0.0447 0.9990 0.0072 0.7491 0.9405
-1.0211 0.0974 0.5974 0.0447 0.9990 0.0097 0.7490 0.9376
2.1972 -0.0500 0.8959 0.0447 0.9990 0.0097 0.8424 0.9302
-1.0127 0.0974 0.5030 0.0447 0.9990 0.0072 0.7491 0.9405
2.2904 -0.0500 0.5026 0.0444 0.9990 0.0026 0.8451 0.9415
-1.0127 0.0974 0.5030 0.0447 0.9990 0.0072 0.7491 0.9405
2.2904 -0.0500 0.5026 0.0444 0.9990 0.0026 0.8451 0.9415
2.1972 -0.0500 0.8959 -0.0000 -1.0000 -0.0000 0.6393 0.9251
2.2511 -0.0500 0.7020 0.0000 -1.0000 0.0000 0.6375 0.9310
-1.0041 -0.0500 0.5049 -0.0000 -1.0000 0.0000 0.7318 0.9405
2.1972 -0.0500 0.8959 -0.0000 -1.0000 -0.0000 0.6393 0.9251
-1.0041 -0.0500 0.5049 -0.0000 -1.0000 0.0000 0.7318 0.9405
-1.0163 -0.0500 0.6002 -0.0000 -1.0000 -0.0000 0.7321 0.9378
2.2511 -0.0500 0.7020 0.0000 -1.0000 0.0000 0.6375 0.9310
2.2511 -0.0500 0.7020 0.0000 -1.0000 0.0000 0.6375 0.9310
-1.0041 -0.0500 0.5049 -0.0000 -1.0000 0.0000 0.7318 0.9405
-1.0237 -0.0500 0.2977 -0.9891 -0.1011 0.1072 0.6956 0.2198
-1.0237 -0.0500 0.2977 -0.9891 -0.1011 0.1072 0.6956 0.2198
-1.0397 0.0974 0.2977 -0.9892 -0.1013 0.1062 0.7013 0.2198
-1.0422 -0.0500 -0.1938 -0.9934 -0.1082 0.0374 0.6956 0.2387
-1.0582 0.0974 -0.1938 -0.9934 -0.1082 0.0374 0.7013 0.2388
-1.0582 0.0974 -0.1938 -0.9934 -0.1082 0.0374 0.7013 0.2388
-1.0490 0.0974 0.0519 0.0445 0.9990 -0.0065 0.7479 0.9536
2.3151 -0.0500 0.2977 0.0441 0.9990 -0.0016 0.8457 0.9474
-1.0490 0.0974 0.0519 0.0445 0.9990 -0.0065 0.7479 0.9536
2.2095 -0.0500 -0.0733 0.0454 0.9989 -0.0109 0.8426 0.9582
-1.0490 0.0974 0.0519 0.0445 0.9990 -0.0065 0.7479 0.9536
2.2095 -0.0500 -0.0733 0.0454 0.9989 -0.0109 0.8426 0.9582
2.2875 -0.0500 0.1139 0.0000 -1.0000 0.0000 0.6357 0.9481
-1.0329 -0.0500 0.0519 0.0000 -1.0000 0.0000 0.7321 0.9537
-1.0329 -0.0500 0.0519 0.0000 -1.0000 0.0000 0.7321 0.9537
2.2875 -0.0500 0.1139 0.0000 -1.0000 0.0000 0.6357 0.9481
2.2875 -0.0500 0.1139 0.0000 -1.0000 0.0000 0.6357 0.9481
-1.0329 -0.0500 0.0519 0.0000 -1.0000 0.0000 0.7321 0.9537
-0.8534 0.0606 -0.8537 0.0511 0.9964 -0.0675 0.7534 0.9799
1.8581 -0.0500 -0.4470 0.0504 0.9967 -0.0640 0.8323 0.9689
1.8581 -0.0500 -0.4470 0.0504 0.9967 -0.0640 0.8323 0.9689
2.0811 -0.0500 -0.2640 0.0474 0.9986 -0.0253 0.8388 0.9637
-0.6674 0.0237 -1.2353 -0.8983 -0.0978 -0.4283 0.6966 0.2823
-0.8454 -0.0132 -0.8537 -0.8929 -0.0973 -0.4396 0.6960 0.2660
11 6 1
11 14 6
15 26 7
15 28 27
19 2 8
19 22 2
17 29 9
17 31 30
23 10 3
23 24 10
25 33 32
25 35 34
36 38 37
39 41 40
42 44 43
45 47 46
48 50 49
51 53 52
0 4 5
54 16 13
55 56 16
13 58 57
13 16 59
60 12 61
62 63 12
64 65 15
66 12 67
68 70 69
71 73 72
74 14 11
75 76 14
77 18 21
78 79 18
21 81 80
21 18 82
7 20 83
7 84 20
85 86 17
87 20 88
1 90 89
1 6 91
92 22 19
93 94 22
9 96 95
9 98 97
99 100 25
8 24 23
8 2 24
LABEL ElevonPIB
MATERIAL 2
TEXTURE 2
FLAG 0
GEOM 42 18
-0.9754 -0.0704 -0.8579 0.0224 -0.9982 -0.0563 0.4120 0.9497
1.4319 0.0638 -0.6799 0.0579 -0.9955 -0.0755 0.3428 0.9436
1.3674 0.1200 -1.3842 0.0579 -0.9955 -0.0755 0.3446 0.9643
-1.5848 -0.0797 0.4850 -0.0343 -0.9991 -0.0253 0.4298 0.9113
1.2958 -0.0079 0.0587 0.0579 -0.9955 -0.0755 0.3466 0.9229
-0.3642 -0.1214 0.4785 0.0169 -0.9984 -0.0533 0.3938 0.9098
-1.4961 -0.0941 0.7824 -0.0343 -0.9991 -0.0253 0.4272 0.9025
-0.4292 -0.0697 0.4963 0.2560 -0.0018 0.9667 0.9061 0.3628
1.4153 0.0965 -0.6577 0.9162 0.3820 0.1207 0.9549 0.3583
-1.4956 -0.0722 0.7826 0.2592 -0.0092 0.9658 0.8549 0.3649
1.2720 0.0576 0.0606 0.2450 0.0234 0.9692 0.9877 0.3652
1.2958 -0.0079 0.0587 0.2450 0.0234 0.9692 0.9887 0.3621
-0.3642 -0.1214 0.4785 0.2480 0.0167 0.9686 0.9091 0.3603
1.2958 -0.0079 0.0587 0.2450 0.0234 0.9692 0.9887 0.3621
1.4319 0.0638 -0.6799 0.9025 0.4287 0.0415 0.9559 0.3565
1.2958 -0.0079 0.0587 0.9221 0.3300 0.2019 0.9209 0.3565
1.2720 0.0576 0.0606 0.9221 0.3300 0.2019 0.9209 0.3598
1.4319 0.0638 -0.6799 0.9025 0.4287 0.0415 0.9559 0.3565
1.2720 0.0576 0.0606 0.9221 0.3300 0.2019 0.9209 0.3598
-1.4961 -0.0941 0.7824 0.2592 -0.0092 0.9658 0.8548 0.3639
-1.4961 -0.0941 0.7824 0.2592 -0.0092 0.9658 0.8548 0.3639
-0.3642 -0.1214 0.4785 0.2480 0.0167 0.9686 0.9091 0.3603
-1.4961 -0.0941 0.7824 -0.9578 0.0209 0.2866 0.8548 0.3639
-1.5848 -0.0797 0.4850 -0.9578 0.0209 0.2866 0.8405 0.3652
-1.4956 -0.0722 0.7826 -0.9578 0.0209 0.2866 0.8549 0.3649
1.4319 0.0638 -0.6799 0.9025 0.4287 0.0415 0.9559 0.3565
1.3674 0.1200 -1.3842 0.8794 0.4741 -0.0427 0.9887 0.3597
-0.9754 -0.0704 -0.8579 -0.0481 0.9986 0.0206 0.6166 0.3992
1.3674 0.1200 -1.3842 -0.0707 0.9969 0.0334 0.6212 0.5346
1.4153 0.0965 -0.6577 -0.0707 0.9969 0.0334 0.6614 0.5268
1.4153 0.0965 -0.6577 -0.0707 0.9969 0.0334 0.6614 0.5268
1.2720 0.0576 0.0606 -0.0707 0.9969 0.0334 0.6985 0.5087
-0.4292 -0.0697 0.4963 -0.0422 0.9990 0.0173 0.6980 0.4097
1.4153 0.0965 -0.6577 -0.0707 0.9969 0.0334 0.6614 0.5268
-0.4292 -0.0697 0.4963 -0.0422 0.9990 0.0173 0.6980 0.4097
-0.9754 -0.0704 -0.8579 -0.0481 0.9986 0.0206 0.6166 0.3992
-0.9754 -0.0704 -0.8579 -0.0481 0.9986 0.0206 0.6166 0.3992
-0.4292 -0.0697 0.4963 -0.0422 0.9990 0.0173 0.6980 0.4097
-1.4956 -0.0722 0.7826 -0.0086 1.0000 -0.0017 0.6985 0.3476
-0.9754 -0.0704 -0.8579 -0.0481 0.9986 0.0206 0.6166 0.3992
-1.4956 -0.0722 0.7826 -0.0086 1.0000 -0.0017 0.6985 0.3476
-1.5848 -0.0797 0.4850 -0.0086 1.0000 -0.0017 0.6810 0.3470
5 1 4
1 0 2
1 5 0
5 3 0
5 6 3
11 7 12
13 10 7
14 16 15
17 8 18
19 7 9
20 21 7
22 24 23
25 26 8
27 29 28
30 32 31
33 35 34
36 38 37
39 41 40
LABEL ElevonPO
MATERIAL 2
TEXTURE 2
FLAG 0
GEOM 102 48
1.0163 -0.0500 0.6002 0.0916 0.0160 0.9957 0.9712 0.5666
-2.1972 -0.0500 0.8959 0.0916 0.0160 0.9957 0.9635 0.3974
1.0211 0.0974 0.5974 0.0916 0.0160 0.9957 0.9635 0.5672
1.0237 -0.0500 0.2977 -0.0000 -1.0000 0.0000 0.7320 0.9467
-2.3151 -0.0500 0.2977 -0.0441 0.9990 -0.0016 0.8458 0.9472
1.0397 0.0974 0.2977 -0.0441 0.9990 -0.0019 0.7483 0.9463
-2.0811 -0.0500 -0.2640 0.0001 -0.9999 -0.0150 0.6412 0.9592
1.0514 -0.0500 -0.4396 0.0001 -0.9996 -0.0279 0.7319 0.9681
1.0675 0.0974 -0.4396 -0.0480 0.9982 -0.0353 0.7474 0.9677
0.6674 0.0237 -1.2353 0.0085 -0.9978 -0.0664 0.7198 0.9908
-1.6071 -0.0500 -0.5976 0.0085 -0.9978 -0.0664 0.6545 0.9696
1.0187 -0.0500 0.4994 0.9974 -0.0572 0.0430 0.9719 0.5619
1.0212 -0.0500 0.3985 -0.0000 -1.0000 0.0000 0.7316 0.9437
1.0335 0.0974 0.3976 -0.0442 0.9990 0.0032 0.7488 0.9433
1.0273 0.0974 0.4975 0.9974 -0.0574 0.0430 0.9796 0.5618
-2.2970 -0.0500 0.4964 -0.0442 0.9990 0.0032 0.8450 0.9414
-2.2576 -0.0500 0.6958 0.0000 -1.0000 0.0000 0.6374 0.9312
-2.1937 -0.0500 -0.0823 -0.0000 -1.0000 0.0000 0.6376 0.9535
-2.2717 -0.0500 0.1050 -0.0445 0.9990 -0.0068 0.8448 0.9527
1.0329 -0.0500 0.0519 0.9934 -0.1082 0.0374 0.9719 0.5384
1.0422 -0.0500 -0.1938 -0.0000 -1.0000 0.0000 0.7318 0.9610
1.0582 0.0974 -0.1938 -0.0459 0.9989 -0.0113 0.7477 0.9604
1.0490 0.0974 0.0519 0.9934 -0.1082 0.0374 0.9797 0.5384
-1.8758 -0.0500 -0.4511 0.0013 -0.9980 -0.0633 0.6474 0.9647
0.8594 -0.0132 -0.8375 0.0036 -0.9979 -0.0643 0.7255 0.9800
0.8675 0.0606 -0.8375 0.8928 -0.0972 -0.4398 0.9765 0.4893
-2.2970 -0.0500 0.4964 -0.0000 -1.0000 0.0000 0.6359 0.9369
-2.2970 -0.0500 0.4964 -0.0000 -1.0000 0.0000 0.6359 0.9369
-2.3151 -0.0500 0.2977 -0.0000 -1.0000 0.0000 0.6352 0.9427
-2.1937 -0.0500 -0.0823 -0.0456 0.9989 -0.0105 0.8424 0.9582
-2.0811 -0.0500 -0.2640 -0.0474 0.9986 -0.0252 0.8387 0.9635
-2.0811 -0.0500 -0.2640 -0.0474 0.9986 -0.0252 0.8387 0.9635
0.8594 -0.0132 -0.8375 0.8928 -0.0972 -0.4398 0.9726 0.4893
1.0514 -0.0500 -0.4396 0.8928 -0.0972 -0.4398 0.9719 0.5126
1.0675 0.0974 -0.4396 0.8928 -0.0972 -0.4398 0.9797 0.5126
0.8594 -0.0132 -0.8375 0.8928 -0.0972 -0.4398 0.9726 0.4893
1.0675 0.0974 -0.4396 0.8928 -0.0972 -0.4398 0.9797 0.5126
0.8675 0.0606 -0.8375 -0.0505 0.9964 -0.0675 0.7532 0.9797
-1.8758 -0.0500 -0.4511 -0.0499 0.9967 -0.0646 0.8325 0.9690
-1.6071 -0.0500 -0.5976 -0.0517 0.9959 -0.0740 0.8249 0.9734
0.8675 0.0606 -0.8375 -0.0505 0.9964 -0.0675 0.7532 0.9797
-1.6071 -0.0500 -0.5976 -0.0517 0.9959 -0.0740 0.8249 0.9734
0.6674 0.0237 -1.2353 -0.0517 0.9959 -0.0740 0.7591 0.9917
1.0422 -0.0500 -0.1938 0.9934 -0.1082 0.0374 0.9719 0.5255
1.0582 0.0974 -0.1938 0.9934 -0.1082 0.0374 0.9797 0.5255
1.0675 0.0974 -0.4396 0.9934 -0.1082 0.0374 0.9797 0.5126
1.0422 -0.0500 -0.1938 0.9934 -0.1082 0.0374 0.9719 0.5255
1.0675 0.0974 -0.4396 0.9934 -0.1082 0.0374 0.9797 0.5126
1.0514 -0.0500 -0.4396 0.9934 -0.1082 0.0374 0.9719 0.5126
1.0212 -0.0500 0.3985 0.9956 -0.0827 0.0429 0.9719 0.5566
1.0335 0.0974 0.3976 0.9956 -0.0829 0.0429 0.9797 0.5565
1.0397 0.0974 0.2977 0.9940 -0.1019 0.0402 0.9797 0.5513
1.0212 -0.0500 0.3985 0.9956 -0.0827 0.0429 0.9719 0.5566
1.0397 0.0974 0.2977 0.9940 -0.1019 0.0402 0.9797 0.5513
1.0237 -0.0500 0.2977 0.9940 -0.1018 0.0402 0.9719 0.5513
1.0163 -0.0500 0.6002 0.9981 -0.0445 0.0430 0.9719 0.5672
1.0211 0.0974 0.5974 0.9981 -0.0445 0.0430 0.9796 0.5670
1.0163 -0.0500 0.6002 0.9981 -0.0445 0.0430 0.9719 0.5672
1.0335 0.0974 0.3976 0.9956 -0.0829 0.0429 0.9797 0.5565
1.0335 0.0974 0.3976 0.9956 -0.0829 0.0429 0.9797 0.5565
1.0212 -0.0500 0.3985 0.9956 -0.0827 0.0429 0.9719 0.5566
-2.1972 -0.0500 0.8959 0.0000 -1.0000 -0.0000 0.6393 0.9251
1.0163 -0.0500 0.6002 0.0000 -1.0000 -0.0000 0.7321 0.9378
1.0187 -0.0500 0.4994 0.0000 -1.0000 0.0000 0.7318 0.9409
-2.1972 -0.0500 0.8959 0.0000 -1.0000 -0.0000 0.6393 0.9251
1.0187 -0.0500 0.4994 0.0000 -1.0000 0.0000 0.7318 0.9409
1.0187 -0.0500 0.4994 0.0000 -1.0000 0.0000 0.7318 0.9409
-2.2970 -0.0500 0.4964 -0.0000 -1.0000 0.0000 0.6359 0.9369
1.0211 0.0974 0.5974 -0.0447 0.9990 0.0081 0.7490 0.9375
-2.1972 -0.0500 0.8959 -0.0447 0.9990 0.0081 0.8422 0.9299
-2.2576 -0.0500 0.6958 -0.0445 0.9990 0.0063 0.8439 0.9356
1.0211 0.0974 0.5974 -0.0447 0.9990 0.0081 0.7490 0.9375
-2.2576 -0.0500 0.6958 -0.0445 0.9990 0.0063 0.8439 0.9356
1.0273 0.0974 0.4975 -0.0445 0.9990 0.0064 0.7491 0.9404
1.0273 0.0974 0.4975 -0.0445 0.9990 0.0064 0.7491 0.9404
-2.2576 -0.0500 0.6958 -0.0445 0.9990 0.0063 0.8439 0.9356
1.0273 0.0974 0.4975 -0.0445 0.9990 0.0064 0.7491 0.9404
1.0237 -0.0500 0.2977 0.9940 -0.1018 0.0402 0.9719 0.5513
1.0397 0.0974 0.2977 0.9940 -0.1019 0.0402 0.9797 0.5513
1.0237 -0.0500 0.2977 0.9940 -0.1018 0.0402 0.9719 0.5513
1.0582 0.0974 -0.1938 0.9934 -0.1082 0.0374 0.9797 0.5255
1.0582 0.0974 -0.1938 0.9934 -0.1082 0.0374 0.9797 0.5255
1.0422 -0.0500 -0.1938 0.9934 -0.1082 0.0374 0.9719 0.5255
1.0490 0.0974 0.0519 -0.0446 0.9990 -0.0073 0.7479 0.9530
1.0490 0.0974 0.0519 -0.0446 0.9990 -0.0073 0.7479 0.9530
-2.1937 -0.0500 -0.0823 -0.0456 0.9989 -0.0105 0.8424 0.9582
1.0490 0.0974 0.0519 -0.0446 0.9990 -0.0073 0.7479 0.9530
-2.1937 -0.0500 -0.0823 -0.0456 0.9989 -0.0105 0.8424 0.9582
-2.3151 -0.0500 0.2977 -0.0000 -1.0000 0.0000 0.6352 0.9427
1.0329 -0.0500 0.0519 -0.0000 -1.0000 0.0000 0.7320 0.9539
-2.3151 -0.0500 0.2977 -0.0000 -1.0000 0.0000 0.6352 0.9427
1.0329 -0.0500 0.0519 -0.0000 -1.0000 0.0000 0.7320 0.9539
-2.2717 -0.0500 0.1050 -0.0000 -1.0000 0.0000 0.6357 0.9482
-2.2717 -0.0500 0.1050 -0.0000 -1.0000 0.0000 0.6357 0.9482
1.0329 -0.0500 0.0519 -0.0000 -1.0000 0.0000 0.7320 0.9539
-2.2717 -0.0500 0.1050 -0.0000 -1.0000 0.0000 0.6357 0.9482
-2.0811 -0.0500 -0.2640 -0.0474 0.9986 -0.0252 0.8387 0.9635
-1.8758 -0.0500 -0.4511 -0.0499 0.9967 -0.0646 0.8325 0.9690
-1.8758 -0.0500 -0.4511 -0.0499 0.9967 -0.0646 0.8325 0.9690
0.8675 0.0606 -0.8375 -0.0505 0.9964 -0.0675 0.7532 0.9797
0.6674 0.0237 -1.2353 0.8928 -0.0972 -0.4398 0.9734 0.4661
0.8594 -0.0132 -0.8375 0.8928 -0.0972 -0.4398 0.9726 0.4893
13 4 15
13 5 4
26 3 12
27 28 3
17 7 20
17 6 7
21 30 29
21 8 31
23 9 24
23 10 9
32 34 33
35 25 36
37 39 38
40 42 41
43 45 44
46 48 47
49 51 50
52 54 53
1 0 2
55 14 56
57 11 14
11 58 14
11 60 59
61 63 62
64 16 65
16 12 66
16 67 12
68 70 69
71 73 72
74 15 75
76 13 15
77 22 78
79 19 22
19 80 22
19 82 81
5 18 4
5 83 18
84 85 18
86 21 87
88 89 3
90 92 91
93 20 94
95 17 20
8 97 96
8 99 98
100 25 101
6 24 7
6 23 24
LABEL OuterWings
MATERIAL 2
TEXTURE 2
FLAG 0
GEOM 81 49
5.3461 0.0000 -0.3182 0.0000 -1.0000 0.0000 0.7355 0.6400
5.2602 0.0000 -1.1287 0.0000 -1.0000 0.0000 0.7379 0.6635
5.0830 0.0000 0.0621 0.0000 -1.0000 0.0000 0.7411 0.6290
5.6752 0.0000 -1.1287 0.0000 -1.0000 0.0000 0.7260 0.6635
5.1552 0.0000 -0.3182 0.0000 -1.0000 0.0000 0.7399 0.6400
5.1336 0.0920 -0.3182 0.3764 0.9018 0.2121 0.7447 0.6438
5.5142 0.0000 -3.8750 0.0000 -1.0000 0.0000 0.7307 0.7430
5.2487 0.1475 -1.1287 0.3149 0.9452 0.0865 0.7461 0.6674
6.1825 0.0000 -3.8742 0.0000 -1.0000 0.0000 0.7114 0.7430
5.4981 0.1475 -3.8750 0.2094 0.9778 0.0114 0.7523 0.7470
5.9936 0.0000 -2.3626 0.0000 -1.0000 0.0000 0.7168 0.6992
5.4041 0.0000 -2.3626 0.0000 -1.0000 0.0000 0.7339 0.6992
5.3881 0.1475 -2.3626 0.2386 0.9705 0.0334 0.7497 0.7031
5.5378 0.0000 -5.6775 -0.0000 -1.0000 -0.0000 0.7301 0.7951
6.2638 0.0000 -5.6775 -0.0000 -1.0000 -0.0000 0.7091 0.7952
5.5217 0.1475 -5.6775 0.1380 0.9904 0.0122 0.7523 0.7992
5.4674 0.0000 -10.4579 -0.0000 -1.0000 -0.0000 0.7323 0.9335
8.6808 0.0000 -10.1621 -0.0000 -1.0000 -0.0000 0.6393 0.9251
5.4626 0.1475 -10.4607 0.0729 0.9972 0.0185 0.7490 0.9376
5.1855 0.0000 -0.5883 0.0000 -1.0000 0.0000 0.7392 0.6478
5.2171 0.0000 -0.8585 0.0000 -1.0000 0.0000 0.7385 0.6556
5.5801 0.0000 -0.8471 0.0000 -1.0000 0.0000 0.7287 0.6553
5.4704 0.0000 -0.5770 0.3498 0.9273 0.1334 0.7537 0.6513
5.2157 0.1290 -0.8585 0.3328 0.9360 0.1147 0.7457 0.6595
5.1825 0.1105 -0.5883 0.3539 0.9251 0.1377 0.7452 0.6517
5.9045 0.0000 -1.9431 0.0000 -1.0000 0.0000 0.7194 0.6871
5.7984 0.0000 -1.5318 0.2806 0.9582 0.0549 0.7625 0.6792
5.3416 0.1475 -1.9513 0.2556 0.9657 0.0448 0.7485 0.6912
5.2951 0.1475 -1.5400 0.2845 0.9570 0.0564 0.7473 0.6793
5.3577 0.0000 -1.9513 0.0000 -1.0000 0.0000 0.7352 0.6873
5.3082 0.0000 -1.5400 0.0000 -1.0000 0.0000 0.7365 0.6754
5.4487 0.0000 -2.8664 0.0000 -1.0000 0.0000 0.7326 0.7138
5.4932 0.0000 -3.3703 0.0000 -1.0000 0.0000 0.7313 0.7284
6.0618 0.0000 -2.8604 0.2282 0.9733 0.0250 0.7695 0.7178
6.1248 0.0000 -3.3643 0.0000 -1.0000 0.0000 0.7131 0.7282
5.4326 0.1475 -2.8664 0.2286 0.9732 0.0251 0.7508 0.7177
5.4772 0.1475 -3.3703 0.2206 0.9752 0.0205 0.7519 0.7324
5.5801 0.0000 -0.8471 0.3314 0.9367 0.1130 0.7567 0.6592
5.5801 0.0000 -0.8471 0.3314 0.9367 0.1130 0.7567 0.6592
5.6752 0.0000 -1.1287 0.3117 0.9467 0.0809 0.7592 0.6675
5.0830 0.0000 0.0621 0.3830 0.8849 0.2651 0.7452 0.6325
5.3461 0.0000 -0.3182 0.3735 0.9077 0.1911 0.7504 0.6437
6.1825 0.0000 -3.8742 0.2090 0.9779 0.0111 0.7726 0.7472
6.1825 0.0000 -3.8742 0.2090 0.9779 0.0111 0.7726 0.7472
6.1248 0.0000 -3.3643 0.2201 0.9753 0.0201 0.7711 0.7324
5.9936 0.0000 -2.3626 0.2376 0.9708 0.0322 0.7677 0.7034
5.9936 0.0000 -2.3626 0.2376 0.9708 0.0322 0.7677 0.7034
5.9045 0.0000 -1.9431 0.2535 0.9663 0.0439 0.7654 0.6912
6.2638 0.0000 -5.6775 0.1284 0.9916 0.0132 0.7742 0.7994
6.2638 0.0000 -5.6775 0.1284 0.9916 0.0132 0.7742 0.7994
6.1825 0.0000 -3.8742 0.2090 0.9779 0.0111 0.7726 0.7472
8.6808 0.0000 -10.1621 0.0729 0.9972 0.0185 0.8424 0.9302
8.6808 0.0000 -10.1621 0.0729 0.9972 0.0185 0.8424 0.9302
6.2638 0.0000 -5.6775 0.1284 0.9916 0.0132 0.7742 0.7994
8.6808 0.0000 -10.1621 0.0916 -0.0160 -0.9957 0.6393 0.9251
5.4626 0.1475 -10.4607 0.0916 -0.0160 -0.9957 0.7321 0.9378
5.4674 0.0000 -10.4579 0.0916 -0.0160 -0.9957 0.7323 0.9335
5.5378 0.0000 -5.6775 -0.9974 -0.0704 0.0135 0.7480 0.7990
5.4674 0.0000 -10.4579 -0.9974 -0.0704 0.0135 0.7447 0.9374
5.4626 0.1475 -10.4607 -0.9974 -0.0704 0.0135 0.7490 0.9376
5.5378 0.0000 -5.6775 -0.9974 -0.0704 0.0135 0.7480 0.7990
5.4626 0.1475 -10.4607 -0.9974 -0.0704 0.0135 0.7490 0.9376
5.5217 0.1475 -5.6775 -0.9974 -0.0704 0.0135 0.7523 0.7992
5.3461 0.0000 -0.3182 0.3735 0.9077 0.1911 0.7504 0.6437
5.3461 0.0000 -0.3182 0.3735 0.9077 0.1911 0.7504 0.6437
5.5801 0.0000 -0.8471 0.3314 0.9367 0.1130 0.7567 0.6592
5.4704 0.0000 -0.5770 0.0000 -1.0000 0.0000 0.7319 0.6475
5.4704 0.0000 -0.5770 0.0000 -1.0000 0.0000 0.7319 0.6475
5.4704 0.0000 -0.5770 0.0000 -1.0000 0.0000 0.7319 0.6475
5.6752 0.0000 -1.1287 0.3117 0.9467 0.0809 0.7592 0.6675
5.9045 0.0000 -1.9431 0.2535 0.9663 0.0439 0.7654 0.6912
5.9045 0.0000 -1.9431 0.2535 0.9663 0.0439 0.7654 0.6912
5.7984 0.0000 -1.5318 0.0000 -1.0000 0.0000 0.7224 0.6751
5.7984 0.0000 -1.5318 0.0000 -1.0000 0.0000 0.7224 0.6751
5.7984 0.0000 -1.5318 0.0000 -1.0000 0.0000 0.7224 0.6751
5.9936 0.0000 -2.3626 0.2376 0.9708 0.0322 0.7677 0.7034
6.1248 0.0000 -3.3643 0.2201 0.9753 0.0201 0.7711 0.7324
6.1248 0.0000 -3.3643 0.2201 0.9753 0.0201 0.7711 0.7324
6.0618 0.0000 -2.8604 0.0000 -1.0000 0.0000 0.7149 0.7136
6.0618 0.0000 -2.8604 0.0000 -1.0000 0.0000 0.7149 0.7136
6.0618 0.0000 -2.8604 0.0000 -1.0000 0.0000 0.7149 0.7136
34 6 8
34 32 6
21 1 3
21 20 1
4 0 2
37 7 23
38 39 7
40 41 5
36 42 9
36 44 43
25 11 10
25 29 11
27 45 12
27 47 46
8 13 14
8 6 13
9 48 15
9 50 49
14 16 17
14 13 16
15 51 18
15 53 52
54 56 55
57 59 58
60 62 61
63 24 5
64 22 24
22 23 24
22 65 23
0 19 66
0 4 19
67 20 21
68 19 20
7 26 28
7 69 26
28 70 27
28 26 71
3 30 72
3 1 30
73 29 25
74 30 29
12 33 35
12 75 33
35 76 36
35 33 77
10 31 78
10 11 31
79 32 34
80 31 32
LABEL Engines
MATERIAL 2
TEXTURE 2
FLAG 0
GEOM 746 720
4.2283 1.1448 -3.6499 -0.3815 0.9243 0.0100 0.5806 0.7643
3.7000 0.6267 -3.6635 -0.9200 0.3919 -0.0085 0.5588 0.7643
3.6928 -0.1126 -3.6953 -0.9278 -0.3730 -0.0082 0.5260 0.7643
4.2109 -0.6402 -3.7265 -0.4093 -0.9124 0.0097 0.5044 0.7643
4.9509 -0.6468 -3.7390 0.3590 -0.9327 0.0349 0.4829 0.7643
5.4792 -0.1287 -3.7254 0.9169 -0.3955 0.0529 0.4614 0.7643
5.4864 0.6107 -3.6937 0.9282 0.3683 0.0537 0.6237 0.7643
4.9682 1.1382 -3.6624 0.3807 0.9240 0.0358 0.6021 0.7643
4.2971 1.1286 -9.5115 -0.3822 0.9225 -0.0544 0.5804 0.9304
3.7675 0.6092 -9.4976 -0.9191 0.3905 -0.0530 0.5588 0.9304
3.7603 -0.1326 -9.4901 -0.9271 -0.3717 -0.0484 0.5259 0.9304
4.2797 -0.6623 -9.4933 -0.4110 -0.9106 -0.0424 0.5045 0.9304
5.0215 -0.6696 -9.5054 0.3570 -0.9333 -0.0375 0.4832 0.9304
5.5511 -0.1503 -9.5193 0.9176 -0.3957 -0.0379 0.4618 0.9304
5.5583 0.5916 -9.5269 0.9280 0.3700 -0.0431 0.6234 0.9304
5.0389 1.1213 -9.5236 0.3787 0.9242 -0.0494 0.6018 0.9304
4.6320 0.9249 -11.5864 -0.0316 0.9878 -0.1527 0.5895 0.9920
4.3898 0.8743 -11.5821 -0.3709 0.9162 -0.1516 0.5818 0.9920
4.1560 0.7213 -11.5767 -0.6868 0.7114 -0.1490 0.5732 0.9920
3.9985 0.4905 -11.5718 -0.9113 0.3851 -0.1456 0.5646 0.9920
3.9414 0.2170 -11.5681 -0.9899 0.0038 -0.1420 0.5293 0.9920
3.9932 -0.0575 -11.5662 -0.9199 -0.3668 -0.1386 0.5206 0.9920
4.1462 -0.2914 -11.5664 -0.7024 -0.6987 -0.1358 0.5119 0.9920
4.3770 -0.4489 -11.5686 -0.4166 -0.8991 -0.1343 0.5031 0.9920
4.6082 -0.5057 -11.5719 -0.0346 -0.9904 -0.1341 0.4955 0.9920
4.9250 -0.4543 -11.5776 0.3445 -0.9290 -0.1349 0.4854 0.9920
5.1588 -0.3014 -11.5830 0.6931 -0.7076 -0.1375 0.4766 0.9920
5.3163 -0.0706 -11.5879 0.9054 -0.4007 -0.1407 0.4679 0.9920
5.3735 0.2029 -11.5915 0.9895 0.0035 -0.1446 0.4593 0.9920
5.3216 0.4775 -11.5934 0.9201 0.3628 -0.1479 0.6164 0.9920
5.1687 0.7113 -11.5932 0.7006 0.6975 -0.1508 0.6078 0.9920
4.9379 0.8689 -11.5910 0.3722 0.9155 -0.1524 0.5992 0.9920
4.3549 0.9742 -0.0614 -0.0462 0.9859 0.1606 0.5868 0.6589
4.1065 0.9213 -0.0843 -0.3853 0.9118 0.1418 0.5793 0.6589
3.8673 0.7631 -0.1148 -0.7005 0.7029 0.1232 0.5709 0.6589
3.7074 0.5249 -0.1449 -0.9215 0.3726 0.1094 0.5623 0.6589
3.6511 0.2431 -0.1700 -0.9945 -0.0099 0.1038 0.5302 0.6589
3.7069 -0.0395 -0.1863 -0.9200 -0.3771 0.1065 0.5217 0.6589
3.8665 -0.2798 -0.1913 -0.7008 -0.7037 0.1172 0.5132 0.6589
4.1054 -0.4413 -0.1843 -0.4184 -0.8986 0.1319 0.5046 0.6589
4.3438 -0.4991 -0.1697 -0.0417 -0.9875 0.1518 0.4974 0.6589
4.6693 -0.4451 -0.1400 0.3320 -0.9275 0.1716 0.4876 0.6589
4.9085 -0.2869 -0.1095 0.6782 -0.7095 0.1914 0.4791 0.6589
5.0684 -0.0488 -0.0794 0.8910 -0.4054 0.2044 0.4707 0.6589
5.1248 0.2330 -0.0543 0.9774 -0.0012 0.2114 0.4623 0.6589
5.0689 0.5156 -0.0380 0.9096 0.3585 0.2099 0.6132 0.6589
4.9094 0.7559 -0.0330 0.6903 0.6954 0.1998 0.6047 0.6589
4.6705 0.9174 -0.0400 0.3608 0.9145 0.1828 0.5962 0.6589
4.3438 0.9120 0.1806 -0.0533 0.9682 0.2443 0.5867 0.6521
4.1154 0.8636 0.1576 -0.3857 0.8945 0.2260 0.5793 0.6521
3.8963 0.7185 0.1274 -0.6958 0.6876 0.2076 0.5711 0.6521
3.7499 0.5002 0.0979 -0.9122 0.3609 0.1941 0.5630 0.6521
3.6984 0.2418 0.0737 -0.9819 -0.0151 0.1886 0.5292 0.6521
3.7499 -0.0172 0.0585 -0.9075 -0.3741 0.1910 0.5212 0.6521
3.8963 -0.2375 0.0545 -0.6918 -0.6935 0.2011 0.5129 0.6521
4.1154 -0.3855 0.0625 -0.4169 -0.8832 0.2147 0.5046 0.6521
4.3339 -0.4384 0.0776 -0.0466 -0.9710 0.2343 0.4975 0.6521
4.6323 -0.3889 0.1076 0.3183 -0.9136 0.2531 0.4880 0.6521
4.8514 -0.2438 0.1378 0.6593 -0.7008 0.2724 0.4797 0.6521
4.9978 -0.0255 0.1673 0.8697 -0.4029 0.2851 0.4716 0.6521
5.0492 0.2328 0.1915 0.9564 -0.0030 0.2922 0.4636 0.6521
4.9978 0.4919 0.2067 0.8901 0.3508 0.2909 0.6120 0.6521
4.8514 0.7121 0.2107 0.6736 0.6835 0.2812 0.6039 0.6521
4.6323 0.8601 0.2027 0.3484 0.8991 0.2650 0.5958 0.6521
4.3438 0.8889 -1.1323 0.0002 -0.8737 0.4865 0.5824 0.6105
4.1154 0.8405 -1.1553 0.2753 -0.8241 0.4950 0.5756 0.6105
3.8963 0.6955 -1.1856 0.5583 -0.6552 0.5090 0.5679 0.6105
3.7499 0.4771 -1.2151 0.7666 -0.3716 0.5237 0.5602 0.6105
3.6984 0.2188 -1.2392 0.8451 -0.0326 0.5336 0.4650 0.6485
3.7499 -0.0402 -1.2545 0.7869 0.3000 0.5392 0.4726 0.6485
3.8963 -0.2605 -1.2584 0.5897 0.6018 0.5387 0.4803 0.6485
4.1154 -0.4085 -1.2505 0.3322 0.7764 0.5356 0.4880 0.6485
4.3339 -0.4614 -1.2353 -0.0143 0.8529 0.5218 0.4945 0.6485
4.6323 -0.4119 -1.2054 -0.3470 0.7894 0.5064 0.5034 0.6485
4.8514 -0.2669 -1.1751 -0.6496 0.5779 0.4941 0.5110 0.6485
4.9978 -0.0485 -1.1456 -0.8195 0.3100 0.4820 0.5187 0.6485
5.0492 0.2098 -1.1214 -0.8809 -0.0480 0.4708 0.5264 0.6485
4.9978 0.4688 -1.1062 -0.8141 -0.3459 0.4665 0.6063 0.6105
4.8514 0.6891 -1.1023 -0.6228 -0.6269 0.4681 0.5986 0.6105
4.6323 0.8371 -1.1102 -0.3490 -0.8100 0.4713 0.5909 0.6105
4.3680 0.4147 -1.4180 -0.0409 -0.5212 0.8525 0.5846 0.5898
4.2915 0.4010 -1.4250 0.0937 -0.4970 0.8627 0.5824 0.5895
4.2246 0.3567 -1.4343 0.2536 -0.4072 0.8774 0.5803 0.5883
4.1799 0.2901 -1.4433 0.3721 -0.2506 0.8937 0.5788 0.5865
4.1642 0.2113 -1.4507 0.4163 -0.0631 0.9070 0.5029 0.5863
4.1799 0.1322 -1.4553 0.3848 0.1205 0.9151 0.5020 0.5885
4.2246 0.0650 -1.4565 0.2744 0.2888 0.9172 0.5005 0.5903
4.2915 0.0198 -1.4541 0.1338 0.3843 0.9135 0.4984 0.5915
4.3582 0.0037 -1.4495 -0.0603 0.4242 0.9035 0.4965 0.5919
4.4492 0.0188 -1.4403 -0.2395 0.3897 0.8892 0.4938 0.5915
4.5161 0.0630 -1.4311 -0.4079 0.2709 0.8719 0.4917 0.5904
4.5608 0.1297 -1.4221 -0.4972 0.1292 0.8580 0.4902 0.5886
4.5765 0.2085 -1.4147 -0.5306 -0.0729 0.8445 0.4893 0.5864
4.5608 0.2876 -1.4101 -0.4937 -0.2329 0.8379 0.5906 0.5865
4.5161 0.3548 -1.4089 -0.3883 -0.3877 0.8360 0.5891 0.5883
4.4492 0.4000 -1.4113 -0.2397 -0.4861 0.8404 0.5870 0.5895
4.6844 1.2027 -3.6555 0.1031 0.9943 0.0262 0.5938 0.7643
4.7543 1.1863 -9.5195 0.1020 0.9935 -0.0497 0.5935 0.9304
4.7279 0.9203 -11.5880 0.1171 0.9815 -0.1514 0.5925 0.9920
4.8331 0.9010 -11.5895 0.2281 0.9618 -0.1512 0.5958 0.9920
4.4540 0.9693 -0.0543 0.1009 0.9808 0.1672 0.5897 0.6589
4.5625 0.9498 -0.0472 0.2184 0.9604 0.1731 0.5929 0.6589
4.4339 0.9087 0.1880 -0.1111 -0.9937 0.0174 0.5872 0.6484
4.5333 0.8909 0.1953 0.2104 0.9436 0.2557 0.5926 0.6521
4.4339 0.8857 -1.1250 -0.1173 -0.8679 0.4826 0.5872 0.6058
4.5333 0.8679 -1.1176 -0.2496 -0.8408 0.4804 0.5879 0.6105
4.3893 0.4238 -1.4158 -0.0938 -0.5206 0.8486 0.5853 0.5901
4.4196 0.4183 -1.4135 -0.2031 -0.4992 0.8423 0.5861 0.5899
5.1816 1.0066 -3.6719 0.6219 0.7819 0.0435 0.6093 0.7643
5.2528 0.9891 -9.5256 0.6203 0.7830 -0.0461 0.6089 0.9304
5.0205 0.8263 -11.5918 0.5096 0.8471 -0.1512 0.6020 0.9920
5.0974 0.7738 -11.5925 0.6012 0.7847 -0.1507 0.6049 0.9920
4.7558 0.8735 -0.0377 0.4972 0.8469 0.1884 0.5991 0.6589
4.8354 0.8197 -0.0353 0.5928 0.7818 0.1932 0.6019 0.6589
4.7110 0.8208 0.2054 -0.5057 -0.8626 0.0151 0.5957 0.6484
4.7840 0.7714 0.2080 0.5795 0.7670 0.2756 0.6012 0.6521
4.7110 0.7977 -1.1076 -0.4468 -0.7572 0.4765 0.5953 0.6036
4.7840 0.7484 -1.1049 -0.5570 -0.6817 0.4744 0.5960 0.6105
4.4772 0.3949 -1.4105 -0.2760 -0.4671 0.8400 0.5879 0.5893
4.4995 0.3798 -1.4097 -0.3690 -0.4031 0.8375 0.5885 0.5889
4.4336 1.1974 -3.6513 -0.1345 0.9907 0.0182 0.5866 0.7643
4.5029 1.1811 -9.5154 -0.1365 0.9893 -0.0519 0.5864 0.9304
4.4635 0.8971 -11.5835 -0.2540 0.9553 -0.1516 0.5842 0.9920
4.5409 0.9145 -11.5850 -0.1705 0.9736 -0.1520 0.5867 0.9920
4.1822 0.9448 -0.0767 -0.2703 0.9514 0.1479 0.5817 0.6589
4.2617 0.9630 -0.0691 -0.1819 0.9713 0.1531 0.5841 0.6589
4.1844 0.8856 0.1653 0.2594 -0.9656 0.0169 0.5799 0.6484
4.2573 0.9023 0.1730 -0.1844 0.9539 0.2367 0.5840 0.6521
4.1844 0.8626 -1.1476 0.1859 -0.8475 0.4972 0.5799 0.6052
4.2573 0.8793 -1.1400 0.0954 -0.8660 0.4908 0.5799 0.6105
4.3099 0.4115 -1.4227 0.0597 -0.5061 0.8604 0.5829 0.5898
4.3321 0.4166 -1.4204 -0.0051 -0.5175 0.8556 0.5836 0.5899
4.0121 1.0164 -3.6524 -0.6053 0.7960 0.0020 0.5734 0.7643
4.0803 0.9999 -9.5067 -0.6053 0.7943 -0.0528 0.5733 0.9304
4.2282 0.7816 -11.5785 -0.5867 0.7959 -0.1492 0.5761 0.9920
4.3061 0.8326 -11.5803 -0.4980 0.8541 -0.1499 0.5790 0.9920
3.9413 0.8251 -0.1046 -0.6036 0.7870 0.1281 0.5737 0.6589
4.0210 0.8778 -0.0944 -0.5106 0.8494 0.1334 0.5765 0.6589
3.9635 0.7761 0.1375 0.5974 -0.8019 0.0141 0.5727 0.6484
4.0365 0.8245 0.1475 -0.5080 0.8335 0.2173 0.5766 0.6521
3.9635 0.7531 -1.1755 0.4813 -0.7158 0.5060 0.5733 0.6023
4.0365 0.8015 -1.1654 0.3747 -0.7803 0.5008 0.5730 0.6105
4.2411 0.3808 -1.4312 0.2241 -0.4296 0.8748 0.5809 0.5889
4.2634 0.3956 -1.4281 0.1411 -0.4786 0.8666 0.5816 0.5893
5.3581 0.8294 -3.6823 0.7928 0.6075 0.0492 0.6164 0.7643
5.4297 0.8111 -9.5267 0.7920 0.6089 -0.0439 0.6160 0.9304
5.2291 0.6419 -11.5933 0.7919 0.5921 -0.1492 0.6106 0.9920
5.2801 0.5640 -11.5934 0.8590 0.4900 -0.1483 0.6135 0.9920
4.9720 0.6844 -0.0347 0.7808 0.5910 0.2024 0.6075 0.6589
5.0252 0.6042 -0.0363 0.8503 0.4845 0.2056 0.6103 0.6589
4.9096 0.6472 0.2094 -0.7895 -0.6136 0.0108 0.6034 0.6484
4.9584 0.5738 0.2080 0.8329 0.4730 0.2874 0.6093 0.6521
4.9096 0.6242 -1.1036 -0.6858 -0.5543 0.4716 0.6015 0.5991
4.9584 0.5508 -1.1049 -0.7686 -0.4321 0.4718 0.6037 0.6105
4.5405 0.3409 -1.4093 -0.4081 -0.3644 0.8371 0.5898 0.5879
4.5554 0.3185 -1.4097 -0.4794 -0.2599 0.8382 0.5903 0.5873
3.8319 0.8426 -3.6569 -0.7798 0.6260 -0.0040 0.5661 0.7643
3.8997 0.8257 -9.5020 -0.7796 0.6240 -0.0525 0.5661 0.9304
4.0412 0.5757 -11.5734 -0.8512 0.5040 -0.1462 0.5675 0.9920
4.0937 0.6527 -11.5751 -0.7813 0.6065 -0.1473 0.5703 0.9920
3.7508 0.6126 -0.1348 -0.8648 0.4893 0.1126 0.5652 0.6589
3.8042 0.6919 -0.1248 -0.7926 0.5984 0.1170 0.5680 0.6589
3.7888 0.5812 0.1077 0.8648 -0.5020 0.0088 0.5651 0.6484
3.8376 0.6540 0.1175 -0.7843 0.5868 0.2013 0.5684 0.6521
3.7888 0.5582 -1.2052 0.7197 -0.4638 0.5166 0.5677 0.5971
3.8376 0.6309 -1.1954 0.6347 -0.5798 0.5109 0.5654 0.6105
4.1849 0.3206 -1.4403 0.3511 -0.2886 0.8907 0.5791 0.5873
4.1998 0.3428 -1.4373 0.2858 -0.3753 0.8818 0.5796 0.5879
3.6365 0.3838 -3.6733 -0.9913 0.1314 -0.0110 0.5515 0.7643
3.7039 0.3656 -9.4943 -0.9901 0.1310 -0.0506 0.5515 0.9304
3.9484 0.3113 -11.5694 -0.9796 0.1418 -0.1426 0.5322 0.9920
3.9674 0.4025 -11.5706 -0.9549 0.2598 -0.1437 0.5617 0.9920
3.6578 0.3402 -0.1616 -0.9867 0.1240 0.1047 0.5331 0.6589
3.6766 0.4341 -0.1532 -0.9626 0.2491 0.1065 0.5595 0.6589
3.7035 0.3311 0.0818 0.9913 -0.1313 0.0023 0.4643 0.6105
3.7207 0.4172 0.0898 -0.9511 0.2432 0.1906 0.5603 0.6521
3.7035 0.3080 -1.2312 0.8381 -0.1441 0.5261 0.5179 0.5860
3.7207 0.3941 -1.2231 0.8064 -0.2779 0.5220 0.5576 0.6105
4.1574 0.2407 -1.4482 0.4118 -0.1150 0.9040 0.5032 0.5855
4.1626 0.2670 -1.4457 0.3881 -0.2104 0.8973 0.5782 0.5859
5.5430 0.3687 -3.7051 0.9919 0.1145 0.0554 0.6309 0.7643
5.6150 0.3487 -9.5252 0.9924 0.1162 -0.0397 0.4472 0.9304
5.3489 0.3909 -11.5928 0.9610 0.2348 -0.1460 0.6191 0.9920
5.3661 0.2994 -11.5922 0.9805 0.1328 -0.1450 0.4563 0.9920
5.0975 0.4263 -0.0435 0.9499 0.2318 0.2097 0.6160 0.6589
5.1161 0.3321 -0.0489 0.9696 0.1256 0.2102 0.4594 0.6589
5.0249 0.4104 0.2017 -0.9659 -0.2589 0.0045 0.6110 0.6484
5.0420 0.3241 0.1966 0.9492 0.1187 0.2913 0.4609 0.6521
5.0249 0.3874 -1.1113 -0.8416 -0.2610 0.4729 0.6057 0.5927
5.0420 0.3011 -1.1164 -0.8692 -0.1369 0.4752 0.5291 0.6485
4.5760 0.2662 -1.4116 -0.5025 -0.2057 0.8398 0.5911 0.5859
4.5812 0.2398 -1.4132 -0.5267 -0.1012 0.8440 0.4890 0.5855
5.5436 0.1132 -3.7156 0.9900 -0.1300 0.0553 0.4542 0.7643
5.6156 0.0924 -9.5226 0.9909 -0.1293 -0.0379 0.4546 0.9304
5.3674 0.1076 -11.5903 0.9798 -0.1403 -0.1426 0.4622 0.9920
5.3484 0.0165 -11.5891 0.9527 -0.2689 -0.1414 0.4650 0.9920
5.1190 0.1350 -0.0627 0.9674 -0.1435 0.2088 0.4651 0.6589
5.1002 0.0411 -0.0711 0.9384 -0.2770 0.2066 0.4679 0.6589
5.0450 0.1426 0.1834 -0.9933 0.1159 -0.0020 0.5257 0.6105
5.0279 0.0565 0.1754 0.9164 -0.2783 0.2875 0.4689 0.6521
5.0450 0.1196 -1.1295 -0.8783 0.0549 0.4749 0.4740 0.5915
5.0279 0.0335 -1.1376 -0.8528 0.2083 0.4789 0.5213 0.6485
4.5842 0.1782 -1.4172 -0.5296 -0.0349 0.8475 0.4893 0.5873
4.5790 0.1519 -1.4196 -0.5093 0.0906 0.8558 0.4896 0.5880
3.6349 0.1327 -3.6839 -0.9935 -0.1131 -0.0109 0.5333 0.7643
3.7022 0.1137 -9.4918 -0.9924 -0.1130 -0.0492 0.5332 0.9304
3.9646 0.0325 -11.5669 -0.9612 -0.2383 -0.1390 0.5236 0.9920
3.9474 0.1240 -11.5675 -0.9816 -0.1299 -0.1400 0.5264 0.9920
3.6770 0.0532 -0.1808 -0.9614 -0.2544 0.1049 0.5245 0.6589
3.6584 0.1474 -0.1754 -0.9847 -0.1401 0.1040 0.5274 0.6589
3.7214 0.0676 0.0635 0.9672 0.2541 -0.0045 0.4719 0.6105
3.7043 0.1539 0.0686 -0.9723 -0.1392 0.1876 0.5266 0.6521
3.7214 0.0446 -1.2494 0.8232 0.1966 0.5327 0.5160 0.5935
3.7043 0.1309 -1.2443 0.8444 0.0737 0.5306 0.4675 0.6485
4.1634 0.1570 -1.4538 0.4014 0.0701 0.9132 0.5026 0.5879
4.1582 0.1834 -1.4522 0.4154 -0.0141 0.9095 0.5029 0.5872
3.8203 -0.3294 -3.7066 -0.7919 -0.6106 -0.0036 0.5188 0.7643
3.8881 -0.3501 -9.4902 -0.7923 -0.6085 -0.0448 0.5187 0.9304
4.0849 -0.2200 -11.5664 -0.7953 -0.5908 -0.1359 0.5148 0.9920
4.0340 -0.1420 -11.5663 -0.8598 -0.4920 -0.1368 0.5177 0.9920
3.8031 -0.2062 -0.1896 -0.7910 -0.6013 0.1131 0.5160 0.6589
3.7499 -0.1261 -0.1879 -0.8603 -0.4979 0.1097 0.5189 0.6589
3.8372 -0.1706 0.0558 0.7937 0.6082 -0.0107 0.4796 0.6105
3.7884 -0.0972 0.0572 -0.8505 -0.4894 0.1926 0.5184 0.6521
3.8372 -0.1936 -1.2571 0.6705 0.5161 0.5330 0.5117 0.5998
3.7884 -0.1202 -1.2558 0.7427 0.4052 0.5331 0.4752 0.6485
4.1995 0.0808 -1.4561 0.3138 0.2458 0.9171 0.5013 0.5899
4.1846 0.1033 -1.4557 0.3624 0.1712 0.9162 0.5018 0.5893
5.3447 -0.3463 -3.7320 0.7805 -0.6233 0.0484 0.4687 0.7643
5.4163 -0.3685 -9.5149 0.7807 -0.6239 -0.0361 0.4691 0.9304
5.2711 -0.1575 -11.5862 0.8464 -0.5142 -0.1388 0.4709 0.9920
5.2186 -0.2344 -11.5846 0.7822 -0.6075 -0.1379 0.4738 0.9920
5.0224 -0.1381 -0.0895 0.8329 -0.5160 0.2000 0.4736 0.6589
4.9691 -0.2175 -0.0995 0.7651 -0.6134 0.1960 0.4764 0.6589
4.9563 -0.1083 0.1575 -0.8659 0.5001 -0.0088 0.5179 0.6105
4.9075 -0.1810 0.1477 0.7438 -0.6085 0.2764 0.4771 0.6521
4.9563 -0.1313 -1.1554 -0.7836 0.3887 0.4846 0.4777 0.5983
4.9075 -0.2041 -1.1653 -0.7153 0.4997 0.4885 0.5135 0.6485
4.5532 0.0975 -1.4251 -0.4840 0.1563 0.8610 0.4905 0.5895
4.5383 0.0753 -1.4281 -0.4326 0.2399 0.8691 0.4911 0.5901
3.9949 -0.5055 -3.7170 -0.6224 -0.7827 0.0023 0.5116 0.7643
4.0631 -0.5270 -9.4913 -0.6231 -0.7810 -0.0429 0.5117 0.9304
4.2917 -0.4032 -11.5679 -0.5183 -0.8447 -0.1338 0.5061 0.9920
4.2148 -0.3507 -11.5672 -0.6012 -0.7878 -0.1342 0.5090 0.9920
4.0174 -0.3943 -0.1866 -0.5150 -0.8477 0.1271 0.5076 0.6589
3.9378 -0.3405 -0.1889 -0.6029 -0.7884 0.1226 0.5104 0.6589
4.0340 -0.3430 0.0598 0.5118 0.8590 -0.0151 0.4872 0.6105
3.9609 -0.2937 0.0572 -0.5987 -0.7744 0.2045 0.5103 0.6521
4.0340 -0.3660 -1.2531 0.4151 0.7391 0.5305 0.5055 0.6043
3.9609 -0.3167 -1.2558 0.5090 0.6768 0.5318 0.4828 0.6485
4.2608 0.0280 -1.4549 0.1726 0.3662 0.9144 0.4993 0.5913
4.2385 0.0431 -1.4557 0.2343 0.3250 0.9162 0.5000 0.5909
4.4136 -0.7004 -3.7321 -0.1526 -0.9881 0.0181 0.4983 0.7643
4.4828 -0.7229 -9.4962 -0.1555 -0.9871 -0.0390 0.4985 0.9304
4.5256 -0.4962 -11.5708 -0.1815 -0.9742 -0.1339 0.4981 0.9920
4.4485 -0.4772 -11.5697 -0.2970 -0.9454 -0.1339 0.5006 0.9920
4.2589 -0.4892 -0.1745 -0.1824 -0.9724 0.1453 0.4999 0.6589
4.1794 -0.4699 -0.1794 -0.3038 -0.9426 0.1388 0.5023 0.6589
4.2556 -0.4302 0.0726 0.1688 0.9855 -0.0173 0.4941 0.6105
4.1827 -0.4125 0.0675 -0.3073 -0.9258 0.2203 0.5023 0.6521
4.2556 -0.4532 -1.2404 0.1051 0.8466 0.5218 0.4990 0.6065
4.1827 -0.4355 -1.2454 0.2345 0.8184 0.5246 0.4901 0.6485
4.3304 -0.0003 -1.4510 -0.0025 0.4202 0.9074 0.4973 0.5920
4.3082 0.0050 -1.4526 0.0850 0.4016 0.9119 0.4979 0.5919
4.6651 -0.7054 -3.7363 0.0929 -0.9953 0.0261 0.4912 0.7643
4.7350 -0.7281 -9.5003 0.0911 -0.9952 -0.0371 0.4915 0.9304
4.8188 -0.4836 -11.5757 0.2053 -0.9696 -0.1330 0.4889 0.9920
4.7132 -0.5007 -11.5738 0.1060 -0.9855 -0.1328 0.4922 0.9920
4.5603 -0.4753 -0.1499 0.1979 -0.9664 0.1639 0.4909 0.6589
4.4518 -0.4932 -0.1598 0.0934 -0.9829 0.1585 0.4942 0.6589
4.5323 -0.4176 0.0976 -0.2217 0.9750 -0.0171 0.5022 0.6105
4.4328 -0.4340 0.0876 0.0825 -0.9676 0.2388 0.4944 0.6521
4.5323 -0.4406 -1.2154 -0.2427 0.8254 0.5098 0.4909 0.6063
4.4328 -0.4571 -1.2253 -0.1305 0.8479 0.5138 0.4974 0.6485
4.4183 0.0016 -1.4434 -0.1938 0.4074 0.8924 0.4947 0.5920
4.3880 -0.0034 -1.4464 -0.1172 0.4230 0.8985 0.4956 0.5921
5.1668 -0.5205 -3.7365 0.6065 -0.7940 0.0428 0.4758 0.7643
5.2379 -0.5431 -9.5103 0.6057 -0.7949 -0.0359 0.4762 0.9304
5.0864 -0.3639 -11.5812 0.5901 -0.7958 -0.1359 0.4796 0.9920
5.0085 -0.4148 -11.5794 0.4874 -0.8626 -0.1352 0.4825 0.9920
4.8343 -0.3511 -0.1197 0.5780 -0.7947 0.1854 0.4820 0.6589
4.7546 -0.4039 -0.1298 0.4704 -0.8640 0.1794 0.4848 0.6589
4.7838 -0.3037 0.1277 -0.6122 0.7906 -0.0139 0.5103 0.6105
4.7108 -0.3520 0.1177 0.4526 -0.8531 0.2598 0.4852 0.6521
4.7838 -0.3267 -1.1852 -0.5779 0.6490 0.4949 0.4834 0.6034
4.7108 -0.3751 -1.1953 -0.4634 0.7314 0.5003 0.5059 0.6485
4.4993 0.0368 -1.4342 -0.3778 0.3002 0.8759 0.4923 0.5911
4.4770 0.0220 -1.4373 -0.2937 0.3619 0.8848 0.4930 0.5915
5.0439 0.8233 -1.2476 0.7024 0.7029 0.1120 0.6081 0.6946
5.3671 0.5869 -2.4751 0.9246 0.3659 0.1061 0.6212 0.7300
5.2223 0.5530 -1.2566 0.9226 0.3655 0.1234 0.6176 0.6946
5.0388 -0.3489 -1.3181 0.6943 -0.7117 0.1065 0.4762 0.6946
4.8652 -0.5993 -2.5393 0.3555 -0.9320 0.0707 0.4842 0.7300
4.7691 -0.5265 -1.3397 0.3455 -0.9343 0.0879 0.4857 0.6946
3.8667 -0.3399 -1.3649 -0.7057 -0.7078 0.0311 0.5143 0.6946
3.6780 -0.0962 -2.5256 -0.9275 -0.3738 0.0021 0.5253 0.7300
3.6882 -0.0696 -1.3559 -0.9266 -0.3754 0.0203 0.5239 0.6946
3.8718 0.8324 -1.2944 -0.6978 0.7155 0.0345 0.5699 0.6946
4.1799 1.0900 -2.4614 -0.3838 0.9227 0.0363 0.5799 0.7300
4.1414 1.0100 -1.2728 -0.3795 0.9236 0.0537 0.5795 0.6946
4.7758 1.0051 -1.2475 0.3713 0.9236 0.0954 0.5985 0.6946
4.8774 1.0842 -2.4550 0.3776 0.9227 0.0781 0.6004 0.7300
5.2196 -0.0814 -1.2948 0.9074 -0.4029 0.1196 0.4667 0.6946
5.3620 -0.1104 -2.5101 0.9122 -0.3967 0.1022 0.4636 0.7300
4.1348 -0.5217 -1.3650 -0.4170 -0.9077 0.0472 0.5048 0.6946
4.1676 -0.5935 -2.5458 -0.4100 -0.9116 0.0299 0.5047 0.7300
3.6909 0.5648 -1.3177 -0.9229 0.3843 0.0218 0.5603 0.6946
3.6830 0.6011 -2.4906 -0.9210 0.3894 0.0037 0.5592 0.7300
3.6265 0.2481 -1.3394 -0.9999 -0.0015 0.0160 0.5335 0.6946
4.4200 1.0694 -1.2583 -0.0358 0.9967 0.0724 0.5879 0.6946
5.2840 0.2353 -1.2731 0.9922 0.0028 0.1249 0.4572 0.6946
4.4027 -0.5868 -1.3581 -0.0347 -0.9972 0.0670 0.4967 0.6946
4.6543 1.0403 -1.2511 0.2250 0.9705 0.0864 0.5948 0.6946
4.5323 1.0622 -1.2547 0.1152 0.9901 0.0805 0.5912 0.6946
4.6098 1.1459 -2.4551 0.1013 0.9930 0.0615 0.5925 0.7300
4.9603 0.8941 -1.2475 0.6012 0.7919 0.1068 0.6048 0.6946
5.0794 0.9610 -2.4597 0.6180 0.7810 0.0899 0.6073 0.7300
4.8709 0.9546 -1.2475 0.5112 0.8534 0.1022 0.6017 0.6946
4.3166 1.0562 -1.2632 -0.1769 0.9821 0.0647 0.5848 0.6946
4.3730 1.1401 -2.4572 -0.1393 0.9890 0.0489 0.5856 0.7300
4.2271 1.0358 -1.2680 -0.2596 0.9638 0.0600 0.5821 0.6946
4.0457 0.9602 -1.2800 -0.5080 0.8602 0.0455 0.5763 0.6946
3.9558 0.9010 -1.2872 -0.5957 0.8022 0.0404 0.5731 0.6946
3.9759 0.9695 -2.4698 -0.6061 0.7951 0.0216 0.5730 0.7300
5.1725 0.6518 -1.2536 0.8608 0.4947 0.1198 0.6144 0.6946
5.1130 0.7419 -1.2506 0.7949 0.5954 0.1166 0.6112 0.6946
5.2465 0.7938 -2.4665 0.7905 0.6044 0.0986 0.6142 0.7300
3.8015 0.7516 -1.3022 -0.7935 0.6079 0.0288 0.5668 0.6946
3.8061 0.8055 -2.4795 -0.7824 0.6227 0.0111 0.5661 0.7300
3.7412 0.6624 -1.3100 -0.8620 0.5062 0.0248 0.5636 0.6946
3.6572 0.4624 -1.3250 -0.9665 0.2558 0.0184 0.5571 0.6946
3.6357 0.3569 -1.3322 -0.9902 0.1387 0.0169 0.5367 0.6946
3.6228 0.3722 -2.5027 -0.9914 0.1308 -0.0018 0.5522 0.7300
5.2736 0.3462 -1.2676 0.9830 0.1344 0.1249 0.4539 0.6946
5.4219 0.3592 -2.4863 0.9876 0.1143 0.1074 0.6280 0.7300
5.2530 0.4521 -1.2621 0.9641 0.2347 0.1244 0.6208 0.6946
5.2543 0.0200 -1.2875 0.9553 -0.2693 0.1220 0.4635 0.6946
5.2758 0.1256 -1.2803 0.9820 -0.1429 0.1238 0.4604 0.6946
5.4233 0.1175 -2.4980 0.9855 -0.1327 0.1061 0.4567 0.7300
3.6356 0.1406 -1.3449 -0.9903 -0.1380 0.0163 0.5303 0.6946
3.6219 0.1351 -2.5144 -0.9932 -0.1162 -0.0021 0.5323 0.7300
3.6561 0.0347 -1.3504 -0.9693 -0.2452 0.0174 0.5271 0.6946
3.7373 -0.1664 -1.3589 -0.8644 -0.5023 0.0228 0.5207 0.6946
3.7968 -0.2565 -1.3619 -0.7999 -0.5995 0.0262 0.5175 0.6946
3.7978 -0.3011 -2.5343 -0.7925 -0.6098 0.0080 0.5184 0.7300
5.1065 -0.2699 -1.3103 0.7843 -0.6103 0.1116 0.4731 0.6946
5.2364 -0.3165 -2.5212 0.7772 -0.6222 0.0934 0.4706 0.7300
5.1667 -0.1807 -1.3025 0.8474 -0.5184 0.1153 0.4700 0.6946
3.9475 -0.4074 -1.3650 -0.6023 -0.7974 0.0366 0.5112 0.6946
3.9629 -0.4671 -2.5410 -0.6211 -0.7836 0.0173 0.5117 0.7300
4.0369 -0.4680 -1.3650 -0.5201 -0.8531 0.0410 0.5081 0.6946
4.2185 -0.5529 -1.3627 -0.2960 -0.9537 0.0534 0.5022 0.6946
4.3078 -0.5747 -1.3604 -0.1821 -0.9815 0.0594 0.4995 0.6946
4.3583 -0.6509 -2.5463 -0.1558 -0.9869 0.0423 0.4990 0.7300
4.6464 -0.5590 -1.3458 0.2053 -0.9755 0.0794 0.4895 0.6946
4.5959 -0.6557 -2.5441 0.0925 -0.9942 0.0551 0.4921 0.7300
4.5243 -0.5791 -1.3520 0.1073 -0.9915 0.0742 0.4931 0.6946
5.0689 -0.4810 -2.5309 0.6018 -0.7943 0.0834 0.4774 0.7300
4.9545 -0.4198 -1.3253 0.5902 -0.8009 0.1007 0.4794 0.6946
4.8646 -0.4790 -1.3325 0.4894 -0.8669 0.0952 0.4826 0.6946
5.2656 -0.3994 -10.5478 0.6952 -0.7098 -0.1135 0.4740 0.9605
5.4563 -0.1200 -10.5536 0.9084 -0.4012 -0.1179 0.4640 0.9605
4.0396 -0.3873 -10.5284 -0.7050 -0.7003 -0.1120 0.5141 0.9605
4.3190 -0.5780 -10.5310 -0.4173 -0.9019 -0.1117 0.5041 0.9605
4.0515 0.8389 -10.5405 -0.6895 0.7134 -0.1253 0.5708 0.9605
3.8608 0.5594 -10.5347 -0.9141 0.3864 -0.1232 0.5607 0.9605
5.2775 0.8267 -10.5599 0.7030 0.6998 -0.1268 0.6108 0.9605
4.9981 1.0175 -10.5573 0.3732 0.9186 -0.1297 0.6007 0.9605
4.6259 1.0856 -10.5519 -0.0313 0.9912 -0.1289 0.5896 0.9605
5.5255 0.2112 -10.5579 0.9927 0.0030 -0.1205 0.4538 0.9605
4.5990 -0.6468 -10.5348 -0.0355 -0.9933 -0.1101 0.4956 0.9605
3.7916 0.2283 -10.5304 -0.9930 0.0042 -0.1183 0.5344 0.9605
4.3346 1.0240 -10.5468 -0.3730 0.9188 -0.1290 0.5808 0.9605
5.4627 0.5436 -10.5601 0.9228 0.3644 -0.1252 0.6208 0.9605
4.9825 -0.5846 -10.5415 0.3459 -0.9315 -0.1122 0.4841 0.9605
3.8544 -0.1042 -10.5282 -0.9227 -0.3677 -0.1161 0.5242 0.9605
4.8711 1.0541 -10.5555 0.2266 0.9655 -0.1282 0.5968 0.9605
4.7437 1.0773 -10.5537 0.1196 0.9845 -0.1283 0.5930 0.9605
5.1902 0.9006 -10.5591 0.6014 0.7887 -0.1274 0.6074 0.9605
5.0971 0.9641 -10.5582 0.5130 0.8488 -0.1281 0.6041 0.9605
4.5181 1.0717 -10.5502 -0.1727 0.9765 -0.1290 0.5864 0.9605
4.4244 1.0507 -10.5485 -0.2533 0.9588 -0.1288 0.5835 0.9605
4.2342 0.9719 -10.5447 -0.5015 0.8558 -0.1270 0.5774 0.9605
4.1399 0.9101 -10.5426 -0.5871 0.7996 -0.1262 0.5741 0.9605
5.4107 0.6468 -10.5601 0.8604 0.4940 -0.1251 0.6174 0.9605
5.3490 0.7412 -10.5600 0.7957 0.5924 -0.1258 0.6141 0.9605
3.9778 0.7542 -10.5386 -0.7852 0.6066 -0.1242 0.5674 0.9605
3.9142 0.6611 -10.5366 -0.8526 0.5079 -0.1233 0.5641 0.9605
3.8254 0.4523 -10.5333 -0.9585 0.2583 -0.1209 0.5573 0.9605
3.8023 0.3419 -10.5318 -0.9822 0.1446 -0.1196 0.5378 0.9605
5.5148 0.3271 -10.5587 0.9833 0.1352 -0.1217 0.4503 0.9605
5.4939 0.4379 -10.5594 0.9646 0.2336 -0.1228 0.6241 0.9605
5.4927 -0.0138 -10.5550 0.9565 -0.2668 -0.1181 0.4606 0.9605
5.5158 0.0966 -10.5565 0.9825 -0.1429 -0.1191 0.4573 0.9605
3.8009 0.1159 -10.5297 -0.9843 -0.1320 -0.1170 0.5310 0.9605
3.8218 0.0051 -10.5289 -0.9646 -0.2366 -0.1162 0.5276 0.9605
3.9056 -0.2053 -10.5282 -0.8612 -0.4954 -0.1139 0.5208 0.9605
3.9673 -0.2996 -10.5283 -0.7990 -0.5906 -0.1129 0.5175 0.9605
5.3367 -0.3165 -10.5498 0.7860 -0.6075 -0.1145 0.4708 0.9605
5.4002 -0.2234 -10.5517 0.8478 -0.5175 -0.1155 0.4675 0.9605
4.1241 -0.4579 -10.5292 -0.6016 -0.7910 -0.1112 0.5109 0.9605
4.2173 -0.5215 -10.5301 -0.5215 -0.8460 -0.1109 0.5075 0.9605
4.4067 -0.6106 -10.5322 -0.2956 -0.9489 -0.1109 0.5013 0.9605
4.5000 -0.6335 -10.5335 -0.1842 -0.9766 -0.1106 0.4985 0.9605
4.7262 -0.6385 -10.5370 0.1080 -0.9881 -0.1096 0.4918 0.9605
4.8541 -0.6178 -10.5393 0.2039 -0.9728 -0.1099 0.4880 0.9605
5.0826 -0.5347 -10.5436 0.4911 -0.8639 -0.1119 0.4808 0.9605
5.1769 -0.4729 -10.5457 0.5900 -0.7995 -0.1125 0.4775 0.9605
5.5430 0.3687 -3.7051 0.9919 0.1145 0.0554 0.4468 0.7643
5.5430 0.3687 -3.7051 0.9919 0.1145 0.0554 0.4468 0.7643
3.7039 0.3656 -9.4943 -0.9901 0.1310 -0.0506 0.5406 0.9304
3.7039 0.3656 -9.4943 -0.9901 0.1310 -0.0506 0.5406 0.9304
3.6365 0.3838 -3.6733 -0.9913 0.1314 -0.0110 0.5406 0.7643
5.4219 0.3592 -2.4863 0.9876 0.1143 0.1074 0.4497 0.7300
5.5430 0.3687 -3.7051 0.9919 0.1145 0.0554 0.4468 0.7643
5.5430 0.3687 -3.7051 0.9919 0.1145 0.0554 0.4468 0.7643
3.6228 0.3722 -2.5027 -0.9914 0.1308 -0.0018 0.5392 0.7300
3.6228 0.3722 -2.5027 -0.9914 0.1308 -0.0018 0.5392 0.7300
3.6365 0.3838 -3.6733 -0.9913 0.1314 -0.0110 0.5406 0.7643
4.7108 -0.3520 0.1177 -0.4933 0.8697 -0.0153 0.5078 0.6105
4.6323 -0.3889 0.1076 -0.3549 0.9348 -0.0164 0.5052 0.6105
4.7108 -0.3520 0.1177 -0.4933 0.8697 -0.0153 0.5078 0.6105
3.7884 -0.0972 0.0572 0.8694 0.4940 -0.0087 0.4770 0.6105
3.7499 -0.0172 0.0585 0.9270 0.3750 -0.0066 0.4745 0.6105
3.7884 -0.0972 0.0572 0.8694 0.4940 -0.0087 0.4770 0.6105
4.0365 0.8245 0.1475 0.4932 -0.8698 0.0153 0.5753 0.6484
4.1154 0.8636 0.1576 0.3684 -0.9295 0.0163 0.5778 0.6484
4.0365 0.8245 0.1475 0.4932 -0.8698 0.0153 0.5753 0.6484
4.9584 0.5738 0.2080 -0.8686 -0.4954 0.0087 0.6059 0.6484
4.9978 0.4919 0.2067 -0.9262 -0.3771 0.0066 0.6086 0.6484
4.9584 0.5738 0.2080 -0.8686 -0.4954 0.0087 0.6059 0.6484
4.7840 0.7714 0.2080 -0.6124 -0.7904 0.0139 0.5983 0.6484
4.8514 0.7121 0.2107 -0.7035 -0.7106 0.0125 0.6009 0.6484
4.7840 0.7714 0.2080 -0.6124 -0.7904 0.0139 0.5983 0.6484
4.9075 -0.1810 0.1477 -0.7927 0.6095 -0.0107 0.5154 0.6105
4.8514 -0.2438 0.1378 -0.7080 0.7061 -0.0124 0.5129 0.6105
4.9075 -0.1810 0.1477 -0.7927 0.6095 -0.0107 0.5154 0.6105
3.9609 -0.2937 0.0572 0.6084 0.7935 -0.0139 0.4846 0.6105
3.8963 -0.2375 0.0545 0.7043 0.7098 -0.0124 0.4822 0.6105
3.9609 -0.2937 0.0572 0.6084 0.7935 -0.0139 0.4846 0.6105
3.8376 0.6540 0.1175 0.7829 -0.6220 0.0109 0.5676 0.6484
3.8963 0.7185 0.1274 0.6921 -0.7217 0.0127 0.5701 0.6484
3.8376 0.6540 0.1175 0.7829 -0.6220 0.0109 0.5676 0.6484
4.5333 0.8909 0.1953 -0.2409 -0.9704 0.0170 0.5902 0.6484
4.6323 0.8601 0.2027 -0.3763 -0.9264 0.0162 0.5932 0.6484
4.5333 0.8909 0.1953 -0.2409 -0.9704 0.0170 0.5902 0.6484
5.0279 0.0565 0.1754 -0.9640 0.2660 -0.0047 0.5232 0.6105
4.9978 -0.0255 0.1673 -0.9191 0.3940 -0.0069 0.5206 0.6105
5.0279 0.0565 0.1754 -0.9640 0.2660 -0.0047 0.5232 0.6105
4.1827 -0.4125 0.0675 0.3029 0.9529 -0.0167 0.4920 0.6105
4.1154 -0.3855 0.0625 0.4176 0.9085 -0.0159 0.4899 0.6105
4.1827 -0.4125 0.0675 0.3029 0.9529 -0.0167 0.4920 0.6105
3.7207 0.4172 0.0898 0.9631 -0.2692 0.0047 0.5599 0.6484
3.7499 0.5002 0.0979 0.9219 -0.3874 0.0068 0.5624 0.6484
3.7207 0.4172 0.0898 0.9631 -0.2692 0.0047 0.5599 0.6484
3.7043 0.1539 0.0686 0.9918 0.1279 -0.0022 0.4694 0.6105
3.6984 0.2418 0.0737 1.0000 0.0012 -0.0000 0.4668 0.6105
3.7043 0.1539 0.0686 0.9918 0.1279 -0.0022 0.4694 0.6105
4.2573 0.9023 0.1730 0.1620 -0.9866 0.0173 0.5821 0.6484
4.3438 0.9120 0.1806 0.0321 -0.9993 0.0175 0.5846 0.6484
4.2573 0.9023 0.1730 0.1620 -0.9866 0.0173 0.5821 0.6484
5.0420 0.3241 0.1966 -0.9902 -0.1396 0.0024 0.5310 0.6105
5.0492 0.2328 0.1915 -0.9998 -0.0199 0.0003 0.5283 0.6105
5.0420 0.3241 0.1966 -0.9902 -0.1396 0.0024 0.5310 0.6105
4.4328 -0.4340 0.0876 -0.1061 0.9942 -0.0174 0.4993 0.6105
4.3339 -0.4384 0.0776 0.0281 0.9995 -0.0175 0.4964 0.6105
4.4328 -0.4340 0.0876 -0.1061 0.9942 -0.0174 0.4993 0.6105
5.0279 0.0335 -1.1376 -0.8528 0.2083 0.4789 0.4750 0.5939
4.9978 -0.0485 -1.1456 -0.8195 0.3100 0.4820 0.4762 0.5961
5.0279 0.0335 -1.1376 -0.8528 0.2083 0.4789 0.4750 0.5939
4.1827 -0.4355 -1.2454 0.2345 0.8184 0.5246 0.5011 0.6061
4.1154 -0.4085 -1.2505 0.3322 0.7764 0.5356 0.5031 0.6054
4.1827 -0.4355 -1.2454 0.2345 0.8184 0.5246 0.5011 0.6061
3.7207 0.3941 -1.2231 0.8064 -0.2779 0.5220 0.5651 0.5927
3.7499 0.4771 -1.2151 0.7666 -0.3716 0.5237 0.5663 0.5949
3.7207 0.3941 -1.2231 0.8064 -0.2779 0.5220 0.5651 0.5927
4.5333 0.8679 -1.1176 -0.2496 -0.8408 0.4804 0.5901 0.6054
4.6323 0.8371 -1.1102 -0.3490 -0.8100 0.4713 0.5930 0.6046
4.5333 0.8679 -1.1176 -0.2496 -0.8408 0.4804 0.5901 0.6054
5.0420 0.3011 -1.1164 -0.8692 -0.1369 0.4752 0.4731 0.5863
5.0492 0.2098 -1.1214 -0.8809 -0.0480 0.4708 0.4734 0.5890
5.0420 0.3011 -1.1164 -0.8692 -0.1369 0.4752 0.4731 0.5863
4.4328 -0.4571 -1.2253 -0.1305 0.8479 0.5138 0.4938 0.6067
4.3339 -0.4614 -1.2353 -0.0143 0.8529 0.5218 0.4967 0.6068
4.4328 -0.4571 -1.2253 -0.1305 0.8479 0.5138 0.4938 0.6067
3.7043 0.1309 -1.2443 0.8444 0.0737 0.5306 0.5169 0.5911
3.6984 0.2188 -1.2392 0.8451 -0.0326 0.5336 0.5175 0.5886
3.7043 0.1309 -1.2443 0.8444 0.0737 0.5306 0.5169 0.5911
4.2573 0.8793 -1.1400 0.0954 -0.8660 0.4908 0.5820 0.6056
4.3438 0.8889 -1.1323 0.0002 -0.8737 0.4865 0.5846 0.6059
4.2573 0.8793 -1.1400 0.0954 -0.8660 0.4908 0.5820 0.6056
4.0365 0.8015 -1.1654 0.3747 -0.7803 0.5008 0.5755 0.6036
4.1154 0.8405 -1.1553 0.2753 -0.8241 0.4950 0.5779 0.6046
4.0365 0.8015 -1.1654 0.3747 -0.7803 0.5008 0.5755 0.6036
4.9584 0.5508 -1.1049 -0.7686 -0.4321 0.4718 0.6031 0.5971
4.9978 0.4688 -1.1062 -0.8141 -0.3459 0.4665 0.6046 0.5949
4.9584 0.5508 -1.1049 -0.7686 -0.4321 0.4718 0.6031 0.5971
4.7108 -0.3751 -1.1953 -0.4634 0.7314 0.5003 0.4856 0.6046
4.6323 -0.4119 -1.2054 -0.3470 0.7894 0.5064 0.4880 0.6055
4.7108 -0.3751 -1.1953 -0.4634 0.7314 0.5003 0.4856 0.6046
3.7884 -0.1202 -1.2558 0.7427 0.4052 0.5331 0.5133 0.5979
3.7499 -0.0402 -1.2545 0.7869 0.3000 0.5392 0.5147 0.5958
3.7884 -0.1202 -1.2558 0.7427 0.4052 0.5331 0.5133 0.5979
3.9609 -0.3167 -1.2558 0.5090 0.6768 0.5318 0.5077 0.6030
3.8963 -0.2605 -1.2584 0.5897 0.6018 0.5387 0.5097 0.6016
3.9609 -0.3167 -1.2558 0.5090 0.6768 0.5318 0.5077 0.6030
3.8376 0.6309 -1.1954 0.6347 -0.5798 0.5109 0.5694 0.5991
3.8963 0.6955 -1.1856 0.5583 -0.6552 0.5090 0.5712 0.6008
3.8376 0.6309 -1.1954 0.6347 -0.5798 0.5109 0.5694 0.5991
4.7840 0.7484 -1.1049 -0.5570 -0.6817 0.4744 0.5975 0.6023
4.8514 0.6891 -1.1023 -0.6228 -0.6269 0.4681 0.5996 0.6008
4.7840 0.7484 -1.1049 -0.5570 -0.6817 0.4744 0.5975 0.6023
4.9075 -0.2041 -1.1653 -0.7153 0.4997 0.4885 0.4794 0.6002
4.8514 -0.2669 -1.1751 -0.6496 0.5779 0.4941 0.4813 0.6018
4.9075 -0.2041 -1.1653 -0.7153 0.4997 0.4885 0.4794 0.6002
4.3438 0.8889 -1.1323 0.0002 -0.8737 0.4865 0.5846 0.6059
4.3438 0.8889 -1.1323 0.0002 -0.8737 0.4865 0.5846 0.6059
4.5333 0.8679 -1.1176 -0.2496 -0.8408 0.4804 0.5901 0.6054
4.3438 0.9120 0.1806 0.0321 -0.9993 0.0175 0.5846 0.6484
4.4339 0.8857 -1.1250 -0.1173 -0.8679 0.4826 0.5850 0.6105
4.3438 0.9120 0.1806 0.0321 -0.9993 0.0175 0.5846 0.6484
4.4339 0.8857 -1.1250 -0.1173 -0.8679 0.4826 0.5850 0.6105
4.5333 0.8909 0.1953 -0.2409 -0.9704 0.0170 0.5902 0.6484
4.4339 0.8857 -1.1250 -0.1173 -0.8679 0.4826 0.5850 0.6105
4.4339 0.9087 0.1880 0.0893 0.9642 0.2497 0.5895 0.6521
4.4339 0.9087 0.1880 0.0893 0.9642 0.2497 0.5895 0.6521
4.4339 0.9087 0.1880 0.0893 0.9642 0.2497 0.5895 0.6521
4.6323 0.8371 -1.1102 -0.3490 -0.8100 0.4713 0.5930 0.6046
4.6323 0.8371 -1.1102 -0.3490 -0.8100 0.4713 0.5930 0.6046
4.7840 0.7484 -1.1049 -0.5570 -0.6817 0.4744 0.5975 0.6023
4.6323 0.8601 0.2027 -0.3763 -0.9264 0.0162 0.5932 0.6484
4.7110 0.7977 -1.1076 -0.4468 -0.7572 0.4765 0.5935 0.6105
4.6323 0.8601 0.2027 -0.3763 -0.9264 0.0162 0.5932 0.6484
4.7110 0.7977 -1.1076 -0.4468 -0.7572 0.4765 0.5935 0.6105
4.7840 0.7714 0.2080 -0.6124 -0.7904 0.0139 0.5983 0.6484
4.7110 0.7977 -1.1076 -0.4468 -0.7572 0.4765 0.5935 0.6105
4.7110 0.8208 0.2054 0.4812 0.8337 0.2708 0.5985 0.6521
4.7110 0.8208 0.2054 0.4812 0.8337 0.2708 0.5985 0.6521
4.7110 0.8208 0.2054 0.4812 0.8337 0.2708 0.5985 0.6521
4.1154 0.8405 -1.1553 0.2753 -0.8241 0.4950 0.5779 0.6046
4.1154 0.8405 -1.1553 0.2753 -0.8241 0.4950 0.5779 0.6046
4.2573 0.8793 -1.1400 0.0954 -0.8660 0.4908 0.5820 0.6056
4.1154 0.8636 0.1576 0.3684 -0.9295 0.0163 0.5778 0.6484
4.1844 0.8626 -1.1476 0.1859 -0.8475 0.4972 0.5777 0.6105
4.1154 0.8636 0.1576 0.3684 -0.9295 0.0163 0.5778 0.6484
4.1844 0.8626 -1.1476 0.1859 -0.8475 0.4972 0.5777 0.6105
4.2573 0.9023 0.1730 0.1620 -0.9866 0.0173 0.5821 0.6484
4.1844 0.8626 -1.1476 0.1859 -0.8475 0.4972 0.5777 0.6105
4.1844 0.8856 0.1653 -0.2758 0.9330 0.2313 0.5816 0.6521
4.1844 0.8856 0.1653 -0.2758 0.9330 0.2313 0.5816 0.6521
4.1844 0.8856 0.1653 -0.2758 0.9330 0.2313 0.5816 0.6521
3.8963 0.6955 -1.1856 0.5583 -0.6552 0.5090 0.5712 0.6008
3.8963 0.6955 -1.1856 0.5583 -0.6552 0.5090 0.5712 0.6008
4.0365 0.8015 -1.1654 0.3747 -0.7803 0.5008 0.5755 0.6036
3.8963 0.7185 0.1274 0.6921 -0.7217 0.0127 0.5701 0.6484
3.9635 0.7531 -1.1755 0.4813 -0.7158 0.5060 0.5705 0.6105
3.8963 0.7185 0.1274 0.6921 -0.7217 0.0127 0.5701 0.6484
3.9635 0.7531 -1.1755 0.4813 -0.7158 0.5060 0.5705 0.6105
4.0365 0.8245 0.1475 0.4932 -0.8698 0.0153 0.5753 0.6484
3.9635 0.7531 -1.1755 0.4813 -0.7158 0.5060 0.5705 0.6105
3.9635 0.7761 0.1375 -0.6033 0.7689 0.2118 0.5739 0.6521
3.9635 0.7761 0.1375 -0.6033 0.7689 0.2118 0.5739 0.6521
3.9635 0.7761 0.1375 -0.6033 0.7689 0.2118 0.5739 0.6521
4.8514 0.6891 -1.1023 -0.6228 -0.6269 0.4681 0.5996 0.6008
4.8514 0.6891 -1.1023 -0.6228 -0.6269 0.4681 0.5996 0.6008
4.9584 0.5508 -1.1049 -0.7686 -0.4321 0.4718 0.6031 0.5971
4.8514 0.7121 0.2107 -0.7035 -0.7106 0.0125 0.6009 0.6484
4.9096 0.6242 -1.1036 -0.6858 -0.5543 0.4716 0.6012 0.6105
4.8514 0.7121 0.2107 -0.7035 -0.7106 0.0125 0.6009 0.6484
4.9096 0.6242 -1.1036 -0.6858 -0.5543 0.4716 0.6012 0.6105
4.9584 0.5738 0.2080 -0.8686 -0.4954 0.0087 0.6059 0.6484
4.9096 0.6242 -1.1036 -0.6858 -0.5543 0.4716 0.6012 0.6105
4.9096 0.6472 0.2094 0.7614 0.5826 0.2844 0.6066 0.6521
4.9096 0.6472 0.2094 0.7614 0.5826 0.2844 0.6066 0.6521
4.9096 0.6472 0.2094 0.7614 0.5826 0.2844 0.6066 0.6521
5.6150 0.3487 -9.5252 0.9924 0.1162 -0.0397 0.6306 0.9304
3.7499 0.4771 -1.2151 0.7666 -0.3716 0.5237 0.5663 0.5949
3.7499 0.4771 -1.2151 0.7666 -0.3716 0.5237 0.5663 0.5949
3.8376 0.6309 -1.1954 0.6347 -0.5798 0.5109 0.5694 0.5991
3.7499 0.5002 0.0979 0.9219 -0.3874 0.0068 0.5624 0.6484
3.7888 0.5582 -1.2052 0.7197 -0.4638 0.5166 0.5628 0.6105
3.7499 0.5002 0.0979 0.9219 -0.3874 0.0068 0.5624 0.6484
3.7888 0.5582 -1.2052 0.7197 -0.4638 0.5166 0.5628 0.6105
3.8376 0.6540 0.1175 0.7829 -0.6220 0.0109 0.5676 0.6484
3.7888 0.5582 -1.2052 0.7197 -0.4638 0.5166 0.5628 0.6105
3.7888 0.5812 0.1077 -0.8584 0.4739 0.1966 0.5657 0.6521
3.7888 0.5812 0.1077 -0.8584 0.4739 0.1966 0.5657 0.6521
3.7888 0.5812 0.1077 -0.8584 0.4739 0.1966 0.5657 0.6521
3.6984 0.2188 -1.2392 0.8451 -0.0326 0.5336 0.5175 0.5886
3.6984 0.2188 -1.2392 0.8451 -0.0326 0.5336 0.5175 0.5886
3.7035 0.3080 -1.2312 0.8381 -0.1441 0.5261 0.5642 0.5903
3.7207 0.3941 -1.2231 0.8064 -0.2779 0.5220 0.5651 0.5927
3.7035 0.3080 -1.2312 0.8381 -0.1441 0.5261 0.5642 0.5903
4.1574 0.2407 -1.4482 0.4118 -0.1150 0.9040 0.5780 0.5852
3.6984 0.2418 0.0737 1.0000 0.0012 -0.0000 0.4668 0.6105
3.7035 0.3080 -1.2312 0.8381 -0.1441 0.5261 0.4624 0.6485
3.6984 0.2418 0.0737 1.0000 0.0012 -0.0000 0.4668 0.6105
3.7035 0.3080 -1.2312 0.8381 -0.1441 0.5261 0.4624 0.6485
3.7035 0.3311 0.0818 0.9913 -0.1313 0.0023 0.5573 0.6484
3.7207 0.4172 0.0898 0.9631 -0.2692 0.0047 0.5599 0.6484
3.7035 0.3311 0.0818 0.9913 -0.1313 0.0023 0.5573 0.6484
3.7035 0.3080 -1.2312 0.8381 -0.1441 0.5261 0.5551 0.6105
3.7035 0.3311 0.0818 -0.9754 0.1140 0.1886 0.5319 0.6521
3.7035 0.3311 0.0818 -0.9754 0.1140 0.1886 0.5319 0.6521
3.6578 0.3402 -0.1616 -0.9867 0.1240 0.1047 0.5566 0.6589
3.6578 0.3402 -0.1616 -0.9867 0.1240 0.1047 0.5566 0.6589
3.7035 0.3311 0.0818 -0.9754 0.1140 0.1886 0.5576 0.6521
3.8023 0.3419 -10.5318 -0.9822 0.1446 -0.1196 0.5540 0.9605
3.9484 0.3113 -11.5694 -0.9796 0.1418 -0.1426 0.5589 0.9920
3.9484 0.3113 -11.5694 -0.9796 0.1418 -0.1426 0.5589 0.9920
4.9978 0.4688 -1.1062 -0.8141 -0.3459 0.4665 0.6046 0.5949
4.9978 0.4688 -1.1062 -0.8141 -0.3459 0.4665 0.6046 0.5949
5.0420 0.3011 -1.1164 -0.8692 -0.1369 0.4752 0.6065 0.5903
4.5812 0.2398 -1.4132 -0.5267 -0.1012 0.8440 0.5914 0.5852
4.5812 0.2398 -1.4132 -0.5267 -0.1012 0.8440 0.5914 0.5852
4.9978 0.4919 0.2067 -0.9262 -0.3771 0.0066 0.6086 0.6484
5.0249 0.3874 -1.1113 -0.8416 -0.2610 0.4729 0.6088 0.6105
4.9978 0.4919 0.2067 -0.9262 -0.3771 0.0066 0.6086 0.6484
5.0249 0.3874 -1.1113 -0.8416 -0.2610 0.4729 0.6088 0.6105
5.0420 0.3241 0.1966 -0.9902 -0.1396 0.0024 0.6136 0.6484
5.0420 0.3011 -1.1164 -0.8692 -0.1369 0.4752 0.6113 0.6105
5.0420 0.3011 -1.1164 -0.8692 -0.1369 0.4752 0.6113 0.6105
5.0249 0.3874 -1.1113 -0.8416 -0.2610 0.4729 0.6088 0.6105
5.0249 0.4104 0.2017 0.9292 0.2278 0.2911 0.6147 0.6521
5.0249 0.4104 0.2017 0.9292 0.2278 0.2911 0.6147 0.6521
5.1161 0.3321 -0.0489 0.9696 0.1256 0.2102 0.6188 0.6589
5.0420 0.3241 0.1966 0.9492 0.1187 0.2913 0.6173 0.6521
5.0420 0.3241 0.1966 0.9492 0.1187 0.2913 0.6173 0.6521
5.0249 0.4104 0.2017 0.9292 0.2278 0.2911 0.6147 0.6521
5.5148 0.3271 -10.5587 0.9833 0.1352 -0.1217 0.6275 0.9605
5.5148 0.3271 -10.5587 0.9833 0.1352 -0.1217 0.6275 0.9605
5.3661 0.2994 -11.5922 0.9805 0.1328 -0.1450 0.6219 0.9920
5.0492 0.2098 -1.1214 -0.8809 -0.0480 0.4708 0.4734 0.5890
5.0492 0.2098 -1.1214 -0.8809 -0.0480 0.4708 0.4734 0.5890
5.0279 0.0335 -1.1376 -0.8528 0.2083 0.4789 0.4750 0.5939
5.0492 0.2328 0.1915 -0.9998 -0.0199 0.0003 0.5283 0.6105
5.0450 0.1196 -1.1295 -0.8783 0.0549 0.4749 0.5238 0.6485
5.0492 0.2328 0.1915 -0.9998 -0.0199 0.0003 0.5283 0.6105
5.0450 0.1196 -1.1295 -0.8783 0.0549 0.4749 0.5238 0.6485
5.0279 0.0565 0.1754 -0.9640 0.2660 -0.0047 0.5232 0.6105
5.0450 0.1196 -1.1295 -0.8783 0.0549 0.4749 0.5238 0.6485
5.0450 0.1426 0.1834 0.9466 -0.1409 0.2900 0.4663 0.6521
5.0450 0.1426 0.1834 0.9466 -0.1409 0.2900 0.4663 0.6521
5.0450 0.1426 0.1834 0.9466 -0.1409 0.2900 0.4663 0.6521
3.7499 -0.0402 -1.2545 0.7869 0.3000 0.5392 0.5147 0.5958
3.7499 -0.0402 -1.2545 0.7869 0.3000 0.5392 0.5147 0.5958
3.7043 0.1309 -1.2443 0.8444 0.0737 0.5306 0.5169 0.5911
3.7499 -0.0172 0.0585 0.9270 0.3750 -0.0066 0.4745 0.6105
3.7214 0.0446 -1.2494 0.8232 0.1966 0.5327 0.4700 0.6485
3.7499 -0.0172 0.0585 0.9270 0.3750 -0.0066 0.4745 0.6105
3.7214 0.0446 -1.2494 0.8232 0.1966 0.5327 0.4700 0.6485
3.7043 0.1539 0.0686 0.9918 0.1279 -0.0022 0.4694 0.6105
3.7214 0.0446 -1.2494 0.8232 0.1966 0.5327 0.4700 0.6485
3.7214 0.0676 0.0635 -0.9479 -0.2570 0.1883 0.5239 0.6521
3.7214 0.0676 0.0635 -0.9479 -0.2570 0.1883 0.5239 0.6521
3.7214 0.0676 0.0635 -0.9479 -0.2570 0.1883 0.5239 0.6521
3.8963 -0.2605 -1.2584 0.5897 0.6018 0.5387 0.5097 0.6016
3.8963 -0.2605 -1.2584 0.5897 0.6018 0.5387 0.5097 0.6016
3.7884 -0.1202 -1.2558 0.7427 0.4052 0.5331 0.5133 0.5979
3.8963 -0.2375 0.0545 0.7043 0.7098 -0.0124 0.4822 0.6105
3.8372 -0.1936 -1.2571 0.6705 0.5161 0.5330 0.4777 0.6485
3.8963 -0.2375 0.0545 0.7043 0.7098 -0.0124 0.4822 0.6105
3.8372 -0.1936 -1.2571 0.6705 0.5161 0.5330 0.4777 0.6485
3.7884 -0.0972 0.0572 0.8694 0.4940 -0.0087 0.4770 0.6105
3.8372 -0.1936 -1.2571 0.6705 0.5161 0.5330 0.4777 0.6485
3.8372 -0.1706 0.0558 -0.7789 -0.5958 0.1959 0.5157 0.6521
3.8372 -0.1706 0.0558 -0.7789 -0.5958 0.1959 0.5157 0.6521
3.8372 -0.1706 0.0558 -0.7789 -0.5958 0.1959 0.5157 0.6521
4.9978 -0.0485 -1.1456 -0.8195 0.3100 0.4820 0.4762 0.5961
4.9978 -0.0485 -1.1456 -0.8195 0.3100 0.4820 0.4762 0.5961
4.9075 -0.2041 -1.1653 -0.7153 0.4997 0.4885 0.4794 0.6002
4.9978 -0.0255 0.1673 -0.9191 0.3940 -0.0069 0.5206 0.6105
4.9563 -0.1313 -1.1554 -0.7836 0.3887 0.4846 0.5160 0.6485
4.9978 -0.0255 0.1673 -0.9191 0.3940 -0.0069 0.5206 0.6105
4.9563 -0.1313 -1.1554 -0.7836 0.3887 0.4846 0.5160 0.6485
4.9075 -0.1810 0.1477 -0.7927 0.6095 -0.0107 0.5154 0.6105
4.9563 -0.1313 -1.1554 -0.7836 0.3887 0.4846 0.5160 0.6485
4.9563 -0.1083 0.1575 0.8139 -0.5088 0.2806 0.4744 0.6521
4.9563 -0.1083 0.1575 0.8139 -0.5088 0.2806 0.4744 0.6521
4.9563 -0.1083 0.1575 0.8139 -0.5088 0.2806 0.4744 0.6521
4.1154 -0.4085 -1.2505 0.3322 0.7764 0.5356 0.5031 0.6054
4.1154 -0.4085 -1.2505 0.3322 0.7764 0.5356 0.5031 0.6054
3.9609 -0.3167 -1.2558 0.5090 0.6768 0.5318 0.5077 0.6030
4.1154 -0.3855 0.0625 0.4176 0.9085 -0.0159 0.4899 0.6105
4.0340 -0.3660 -1.2531 0.4151 0.7391 0.5305 0.4853 0.6485
4.1154 -0.3855 0.0625 0.4176 0.9085 -0.0159 0.4899 0.6105
4.0340 -0.3660 -1.2531 0.4151 0.7391 0.5305 0.4853 0.6485
3.9609 -0.2937 0.0572 0.6084 0.7935 -0.0139 0.4846 0.6105
4.0340 -0.3660 -1.2531 0.4151 0.7391 0.5305 0.4853 0.6485
4.0340 -0.3430 0.0598 -0.5083 -0.8355 0.2089 0.5075 0.6521
4.0340 -0.3430 0.0598 -0.5083 -0.8355 0.2089 0.5075 0.6521
4.0340 -0.3430 0.0598 -0.5083 -0.8355 0.2089 0.5075 0.6521
4.3339 -0.4614 -1.2353 -0.0143 0.8529 0.5218 0.4967 0.6068
4.3339 -0.4614 -1.2353 -0.0143 0.8529 0.5218 0.4967 0.6068
4.1827 -0.4355 -1.2454 0.2345 0.8184 0.5246 0.5011 0.6061
4.3339 -0.4384 0.0776 0.0281 0.9995 -0.0175 0.4964 0.6105
4.2556 -0.4532 -1.2404 0.1051 0.8466 0.5218 0.4922 0.6485
4.3339 -0.4384 0.0776 0.0281 0.9995 -0.0175 0.4964 0.6105
4.2556 -0.4532 -1.2404 0.1051 0.8466 0.5218 0.4922 0.6485
4.1827 -0.4125 0.0675 0.3029 0.9529 -0.0167 0.4920 0.6105
4.2556 -0.4532 -1.2404 0.1051 0.8466 0.5218 0.4922 0.6485
4.2556 -0.4302 0.0726 -0.1820 -0.9567 0.2270 0.4999 0.6521
4.2556 -0.4302 0.0726 -0.1820 -0.9567 0.2270 0.4999 0.6521
4.2556 -0.4302 0.0726 -0.1820 -0.9567 0.2270 0.4999 0.6521
4.6323 -0.4119 -1.2054 -0.3470 0.7894 0.5064 0.4880 0.6055
4.6323 -0.4119 -1.2054 -0.3470 0.7894 0.5064 0.4880 0.6055
4.4328 -0.4571 -1.2253 -0.1305 0.8479 0.5138 0.4938 0.6067
4.6323 -0.3889 0.1076 -0.3549 0.9348 -0.0164 0.5052 0.6105
4.5323 -0.4406 -1.2154 -0.2427 0.8254 0.5098 0.5003 0.6485
4.6323 -0.3889 0.1076 -0.3549 0.9348 -0.0164 0.5052 0.6105
4.5323 -0.4406 -1.2154 -0.2427 0.8254 0.5098 0.5003 0.6485
4.4328 -0.4340 0.0876 -0.1061 0.9942 -0.0174 0.4993 0.6105
4.5323 -0.4406 -1.2154 -0.2427 0.8254 0.5098 0.5003 0.6485
4.5323 -0.4176 0.0976 0.1898 -0.9510 0.2442 0.4912 0.6521
4.5323 -0.4176 0.0976 0.1898 -0.9510 0.2442 0.4912 0.6521
4.5323 -0.4176 0.0976 0.1898 -0.9510 0.2442 0.4912 0.6521
4.8514 -0.2669 -1.1751 -0.6496 0.5779 0.4941 0.4813 0.6018
4.8514 -0.2669 -1.1751 -0.6496 0.5779 0.4941 0.4813 0.6018
4.7108 -0.3751 -1.1953 -0.4634 0.7314 0.5003 0.4856 0.6046
4.8514 -0.2438 0.1378 -0.7080 0.7061 -0.0124 0.5129 0.6105
4.7838 -0.3267 -1.1852 -0.5779 0.6490 0.4949 0.5084 0.6485
4.8514 -0.2438 0.1378 -0.7080 0.7061 -0.0124 0.5129 0.6105
4.7838 -0.3267 -1.1852 -0.5779 0.6490 0.4949 0.5084 0.6485
4.7108 -0.3520 0.1177 -0.4933 0.8697 -0.0153 0.5078 0.6105
4.7838 -0.3267 -1.1852 -0.5779 0.6490 0.4949 0.5084 0.6485
4.7838 -0.3037 0.1277 0.5636 -0.7820 0.2660 0.4825 0.6521
4.7838 -0.3037 0.1277 0.5636 -0.7820 0.2660 0.4825 0.6521
4.7838 -0.3037 0.1277 0.5636 -0.7820 0.2660 0.4825 0.6521
5.4219 0.3592 -2.4863 0.9876 0.1143 0.1074 0.4497 0.7300
3.6228 0.3722 -2.5027 -0.9914 0.1308 -0.0018 0.5392 0.7300
5.2736 0.3462 -1.2676 0.9830 0.1344 0.1249 0.6239 0.6946
5.2736 0.3462 -1.2676 0.9830 0.1344 0.1249 0.6239 0.6946
5.2736 0.3462 -1.2676 0.9830 0.1344 0.1249 0.6239 0.6946
5.1161 0.3321 -0.0489 0.9696 0.1256 0.2102 0.6188 0.6589
5.4219 0.3592 -2.4863 0.9876 0.1143 0.1074 0.4497 0.7300
3.6578 0.3402 -0.1616 -0.9867 0.1240 0.1047 0.5566 0.6589
3.6357 0.3569 -1.3322 -0.9902 0.1387 0.0169 0.5539 0.6946
3.6578 0.3402 -0.1616 -0.9867 0.1240 0.1047 0.5566 0.6589
3.8023 0.3419 -10.5318 -0.9822 0.1446 -0.1196 0.5540 0.9605
5.6150 0.3487 -9.5252 0.9924 0.1162 -0.0397 0.6306 0.9304
5.5148 0.3271 -10.5587 0.9833 0.1352 -0.1217 0.6275 0.9605
3.6228 0.3722 -2.5027 -0.9914 0.1308 -0.0018 0.5392 0.7300
3.6357 0.3569 -1.3322 -0.9902 0.1387 0.0169 0.5539 0.6946
3.7039 0.3656 -9.4943 -0.9901 0.1310 -0.0506 0.5406 0.9304
3.7039 0.3656 -9.4943 -0.9901 0.1310 -0.0506 0.5406 0.9304
5.6150 0.3487 -9.5252 0.9924 0.1162 -0.0397 0.6306 0.9304
6 326 289
6 144 326
357 291 358
3 353 305
3 252 353
1 332 307
1 168 332
323 297 322
322 321 323
108 145 109
108 144 145
344 294 343
2 344 295
2 216 344
298 299 320
5 338 303
5 192 338
289 180 6
289 334 180
305 240 3
305 349 240
313 312 314
9 387 365
6 145 144
6 14 145
264 12 4
264 265 12
3 253 252
3 11 253
228 13 5
228 229 13
1 169 168
1 9 169
7 97 96
7 15 97
108 15 7
108 109 15
5 193 192
5 13 193
4 277 276
4 12 277
2 217 216
2 10 217
0 133 132
0 8 133
408 193 181
409 192 193
264 253 265
264 252 253
204 410 205
204 412 411
399 27 361
399 230 27
401 23 363
401 242 23
387 19 365
387 158 19
379 31 367
379 110 31
377 16 368
377 98 16
393 28 369
393 194 28
403 24 370
403 254 24
389 20 371
389 170 20
381 17 372
381 122 17
391 29 373
391 182 29
405 25 374
405 266 25
395 21 375
395 206 21
397 22 362
397 218 22
383 18 364
383 134 18
385 30 366
385 146 30
407 26 360
407 278 26
338 414 413
338 192 415
353 264 355
353 252 264
416 204 340
417 418 204
120 298 319
120 0 298
307 156 1
307 328 156
96 319 314
96 120 319
301 108 7
301 316 108
311 269 40
311 356 269
314 319 309
137 49 33
137 139 49
149 61 45
149 151 61
281 57 41
281 283 57
221 53 37
221 223 53
245 54 38
245 247 54
161 50 34
161 163 50
113 62 46
113 115 62
233 58 42
233 235 58
197 59 43
197 199 59
257 55 39
257 259 55
173 51 35
173 175 51
101 63 47
101 103 63
185 60 44
185 187 60
269 56 40
269 271 56
209 52 36
209 211 52
125 48 32
125 127 48
419 73 420
421 285 73
422 69 423
424 225 69
425 65 426
427 141 65
428 77 429
430 153 77
431 78 432
433 117 78
434 74 435
436 237 74
437 70 438
439 249 70
440 66 441
442 165 66
443 79 444
445 105 79
446 75 447
448 201 75
449 71 450
451 261 71
452 67 453
454 177 67
455 68 456
457 213 68
458 64 459
460 129 64
461 76 462
463 189 76
464 72 465
466 273 72
467 91 468
469 203 91
470 87 471
472 263 87
473 83 474
475 179 83
476 95 477
478 107 95
479 92 480
481 191 92
482 88 483
484 275 88
485 84 486
487 215 84
488 80 489
490 131 80
491 81 492
493 143 81
494 93 495
496 155 93
497 89 498
499 287 89
500 85 501
502 227 85
503 86 504
505 251 86
506 82 507
508 167 82
509 94 510
511 119 94
512 90 513
514 239 90
515 106 104
516 80 106
104 107 517
104 106 107
518 519 102
520 64 521
102 105 522
102 523 105
32 524 100
32 48 525
100 103 101
100 526 103
367 99 376
367 31 99
376 98 377
376 99 98
156 9 1
156 157 9
120 8 0
120 121 8
527 118 116
528 95 118
116 119 529
116 118 119
530 531 114
532 79 533
114 117 534
114 535 117
47 536 112
47 63 537
112 115 113
112 538 115
298 321 299
366 111 378
366 30 111
378 110 379
378 111 110
539 130 128
540 81 130
128 131 541
128 130 131
542 543 126
544 65 545
126 129 546
126 547 129
33 548 124
33 49 549
124 127 125
124 550 127
368 123 380
368 16 123
380 122 381
380 123 122
551 142 140
552 82 142
140 143 553
140 142 143
554 555 138
556 66 557
138 141 558
138 559 141
34 560 136
34 50 561
136 139 137
136 562 139
372 135 382
372 17 135
382 134 383
382 135 134
563 154 152
564 94 154
152 155 565
152 154 155
566 567 150
568 78 569
150 153 570
150 571 153
46 572 148
46 62 573
148 151 149
148 574 151
373 147 384
373 29 147
384 146 385
384 147 146
180 14 6
180 575 14
576 166 164
577 83 166
164 167 578
164 166 167
579 580 162
581 67 582
162 165 583
162 584 165
35 585 160
35 51 586
160 163 161
160 587 163
364 159 386
364 18 159
386 158 387
386 159 158
588 178 176
589 84 178
590 179 591
592 593 179
594 595 174
596 68 597
598 177 599
600 601 177
36 602 172
36 52 603
604 175 173
605 606 175
365 171 388
365 19 171
388 608 607
388 171 609
204 10 2
204 205 10
610 190 188
611 93 190
188 613 612
188 190 614
615 616 186
617 77 618
186 620 619
186 622 621
45 623 184
45 61 624
184 626 625
184 628 627
369 183 390
369 28 183
629 182 391
630 631 182
632 202 200
633 92 202
200 203 634
200 202 203
635 636 198
637 76 638
198 201 639
198 640 201
44 641 196
44 60 642
196 199 197
196 643 199
361 195 392
361 27 195
392 194 393
392 195 194
181 369 390
644 214 212
645 85 214
212 215 646
212 214 215
647 648 210
649 69 650
210 213 651
210 652 213
37 653 208
37 53 654
208 211 209
208 655 211
371 207 394
371 20 207
394 206 395
394 207 206
656 226 224
657 86 226
224 227 658
224 226 227
659 660 222
661 70 662
222 225 663
222 664 225
38 665 220
38 54 666
220 223 221
220 667 223
289 335 334
375 219 396
375 21 219
396 218 397
396 219 218
240 11 3
240 241 11
668 238 236
669 91 238
236 239 670
236 238 239
671 672 234
673 75 674
234 237 675
234 676 237
43 677 232
43 59 678
232 235 233
232 679 235
360 231 398
360 26 231
398 230 399
398 231 230
680 250 248
681 87 250
248 251 682
248 250 251
683 684 246
685 71 686
246 249 687
246 688 249
39 689 244
39 55 690
244 247 245
244 691 247
295 204 2
295 340 204
362 243 400
362 22 243
400 242 401
400 243 242
692 262 260
693 88 262
260 263 694
260 262 263
695 696 258
697 72 698
258 261 699
258 700 261
40 701 256
40 56 702
256 259 257
256 703 259
293 268 354
293 41 268
363 255 402
363 23 255
402 254 403
402 255 254
205 371 394
704 274 272
705 89 274
272 275 706
272 274 275
707 708 270
709 73 710
270 273 711
270 712 273
41 713 268
41 57 714
268 271 269
268 715 271
356 268 269
356 354 268
370 267 404
370 24 267
404 266 405
404 267 266
293 281 41
293 359 281
291 280 358
291 42 280
716 286 284
717 90 286
284 287 718
284 286 287
719 720 282
721 74 722
282 285 723
282 724 285
42 725 280
42 58 726
280 283 281
280 727 283
359 280 281
359 358 280
374 279 406
374 25 279
406 278 407
406 279 278
265 370 404
303 228 5
303 346 228
120 97 121
120 96 97
125 309 318
125 32 309
309 319 318
233 291 345
233 42 291
346 347 345
357 358 359
300 317 301
333 310 728
290 335 289
315 288 316
301 317 316
355 354 356
4 357 292
4 276 357
325 324 326
316 288 326
256 311 40
256 352 311
340 341 339
244 304 39
244 350 304
305 351 304
232 302 43
232 347 302
4 355 264
4 292 355
220 294 38
220 343 294
311 355 356
208 296 37
208 341 296
295 342 296
196 310 44
196 337 310
316 317 315
184 290 45
184 335 290
303 336 302
172 308 36
172 331 308
328 329 327
160 306 35
160 329 306
307 330 306
148 288 46
148 325 288
338 310 337
136 297 34
136 322 297
729 308 331
124 299 33
124 320 299
319 320 318
112 300 47
112 317 300
289 324 290
149 290 324
149 45 290
334 335 730
137 299 321
137 33 299
323 0 132
323 298 0
221 296 342
221 37 296
349 350 348
303 347 346
185 310 333
185 44 310
100 309 32
100 313 309
312 301 314
209 308 339
209 36 308
173 306 330
173 35 306
344 240 349
344 216 240
257 304 351
257 39 304
228 357 276
228 346 357
197 302 336
197 43 302
229 360 398
101 300 312
101 47 300
312 300 301
161 297 327
161 34 297
245 294 348
245 38 294
113 288 315
113 46 288
136 321 322
136 137 321
313 314 309
220 342 343
220 221 342
338 336 303
148 324 325
148 149 324
184 731 335
184 733 732
124 318 320
124 125 318
319 298 320
208 339 341
208 209 339
302 347 303
256 351 352
256 257 351
734 310 338
196 336 337
196 197 336
100 312 313
100 101 312
323 321 298
735 330 736
737 173 330
160 327 329
160 161 327
244 348 350
244 245 348
337 336 338
232 345 347
232 233 345
326 324 289
112 315 317
112 113 315
241 362 400
277 406 407
229 398 399
157 364 386
253 402 403
240 217 241
240 216 217
265 404 405
228 277 229
228 276 277
241 400 401
217 396 397
169 388 738
326 288 325
193 392 393
109 378 379
205 394 395
323 156 328
323 132 156
156 133 157
156 132 133
739 740 391
8 382 133
372 382 8
133 382 383
97 376 377
145 384 385
326 108 316
326 144 108
8 381 372
380 381 121
121 381 8
97 368 121
314 7 96
314 301 7
121 368 380
377 368 97
15 376 97
367 376 15
109 366 378
345 291 346
346 291 357
292 359 293
357 359 292
293 354 292
292 354 355
311 353 355
352 353 311
352 351 353
353 351 305
304 350 305
305 350 349
348 294 349
349 294 344
343 342 344
344 342 295
296 341 295
295 341 340
339 308 340
340 308 741
742 330 332
332 330 307
306 329 307
307 329 328
327 297 328
328 297 323
383 364 133
133 364 157
157 387 9
386 387 157
365 388 9
9 388 169
389 371 743
744 371 205
10 395 375
205 395 10
375 396 10
10 396 217
397 362 217
217 362 241
11 401 363
241 401 11
363 402 11
11 402 253
403 370 253
253 370 265
12 405 374
265 405 12
374 406 12
12 406 277
407 360 277
277 360 229
13 399 361
229 399 13
361 392 13
13 392 193
393 369 193
193 369 181
14 391 373
745 391 14
373 384 14
14 384 145
385 366 145
145 366 109
15 379 367
109 379 15
LABEL RudderBase
MATERIAL 2
TEXTURE 2
FLAG 0
GEOM 66 33
4.4127 -0.2727 -9.6457 0.9619 0.2735 -0.0039 0.5788 0.4701
4.4163 -0.2817 -9.1776 0.9609 0.2760 0.0202 0.5794 0.4552
4.2291 -0.2818 -9.1818 -0.9743 -0.2249 0.0136 0.3934 0.4542
4.4305 -0.3587 -10.4021 0.0806 -0.9677 -0.2388 0.5510 0.3239
4.3639 -0.1370 -11.3575 0.0613 -0.9355 -0.3480 0.5515 0.3611
4.1946 0.2151 -12.0197 0.0364 -0.8785 -0.4764 0.5560 0.3898
4.2368 -0.2988 -9.6444 -0.9737 -0.2279 0.0017 0.3928 0.4690
4.2474 -0.3827 -10.4011 -0.9741 -0.2262 0.0053 0.3899 0.4931
4.1913 -0.1419 -11.3617 -0.9732 -0.2251 -0.0468 0.3996 0.5236
4.0749 0.3621 -10.4137 -0.9741 -0.2261 0.0050 0.4188 0.4931
4.0733 0.3831 -9.1887 -0.9743 -0.2248 0.0138 0.4192 0.4541
4.0775 0.3778 -9.6573 -0.9737 -0.2279 0.0014 0.4191 0.4690
4.0785 0.3476 -11.3692 -0.9723 -0.2249 -0.0637 0.4186 0.5236
4.1317 0.4318 -7.3599 -0.9747 -0.2209 0.0344 0.4197 0.3957
4.1569 0.3608 -11.9853 -0.9664 -0.2237 -0.1270 0.4186 0.5434
4.2175 0.4000 -10.4007 0.9625 0.2711 -0.0052 0.5519 0.4938
4.2165 0.4149 -9.6578 0.9619 0.2735 -0.0038 0.5518 0.4701
4.2145 0.4231 -9.1854 0.9609 0.2760 0.0202 0.5517 0.4550
4.2174 0.3867 -11.3667 0.9616 0.2691 -0.0541 0.5519 0.5246
4.1313 0.4332 -7.3612 -0.2676 0.9634 -0.0164 0.9902 0.4064
4.3003 -0.2392 -6.7528 -0.9747 -0.2209 0.0344 0.3932 0.3767
4.1913 -0.1419 -11.3617 0.0584 -0.9297 -0.3636 0.5580 0.3616
4.1946 0.2151 -12.0197 -0.9664 -0.2237 -0.1270 0.4129 0.5446
4.1946 0.2151 -12.0197 -0.9664 -0.2237 -0.1270 0.4129 0.5446
4.1913 -0.1419 -11.3617 0.0584 -0.9297 -0.3636 0.5580 0.3616
4.2474 -0.3827 -10.4011 0.0806 -0.9677 -0.2388 0.5580 0.3240
4.2474 -0.3827 -10.4011 0.0806 -0.9677 -0.2388 0.5580 0.3240
4.4305 -0.3587 -10.4021 0.9625 0.2711 -0.0052 0.5817 0.4943
4.4305 -0.3587 -10.4021 0.9625 0.2711 -0.0052 0.5817 0.4943
4.4305 -0.3587 -10.4021 0.9625 0.2711 -0.0052 0.5817 0.4943
4.3639 -0.1370 -11.3575 0.9622 0.2694 -0.0401 0.5725 0.5246
4.3639 -0.1370 -11.3575 0.9622 0.2694 -0.0401 0.5725 0.5246
4.1569 0.3608 -11.9853 0.9580 0.2675 -0.1037 0.5519 0.5444
4.3639 -0.1370 -11.3575 0.9622 0.2694 -0.0401 0.5725 0.5246
4.1569 0.3608 -11.9853 0.9580 0.2675 -0.1037 0.5519 0.5444
4.1946 0.2151 -12.0197 0.9580 0.2675 -0.1037 0.5576 0.5456
4.0775 0.3778 -9.6573 -0.2676 0.9634 -0.0164 0.9880 0.4933
4.0749 0.3621 -10.4137 -0.2676 0.9634 -0.0164 0.9879 0.5219
4.0785 0.3476 -11.3692 -0.2676 0.9634 -0.0164 0.9880 0.5581
4.0785 0.3476 -11.3692 -0.2676 0.9634 -0.0164 0.9880 0.5581
4.1569 0.3608 -11.9853 -0.2676 0.9634 -0.0164 0.9911 0.5814
4.2174 0.3867 -11.3667 -0.2676 0.9634 -0.0164 0.9935 0.5579
4.2175 0.4000 -10.4007 -0.2676 0.9634 -0.0164 0.9935 0.5214
4.2165 0.4149 -9.6578 -0.2676 0.9634 -0.0164 0.9935 0.4933
4.2145 0.4231 -9.1854 -0.2676 0.9634 -0.0164 0.9934 0.4754
4.0785 0.3476 -11.3692 -0.2676 0.9634 -0.0164 0.9880 0.5581
4.2174 0.3867 -11.3667 -0.2676 0.9634 -0.0164 0.9935 0.5579
4.2175 0.4000 -10.4007 -0.2676 0.9634 -0.0164 0.9935 0.5214
4.1317 0.4318 -7.3599 -0.2676 0.9634 -0.0164 0.9901 0.4063
4.0733 0.3831 -9.1887 -0.2676 0.9634 -0.0164 0.9879 0.4755
4.0775 0.3778 -9.6573 -0.2676 0.9634 -0.0164 0.9880 0.4933
4.0775 0.3778 -9.6573 -0.2676 0.9634 -0.0164 0.9880 0.4933
4.0785 0.3476 -11.3692 -0.2676 0.9634 -0.0164 0.9880 0.5581
4.2175 0.4000 -10.4007 -0.2676 0.9634 -0.0164 0.9935 0.5214
4.2175 0.4000 -10.4007 -0.2676 0.9634 -0.0164 0.9935 0.5214
4.2145 0.4231 -9.1854 -0.2676 0.9634 -0.0164 0.9934 0.4754
4.1317 0.4318 -7.3599 -0.2676 0.9634 -0.0164 0.9901 0.4063
4.0775 0.3778 -9.6573 -0.2676 0.9634 -0.0164 0.9880 0.4933
4.0775 0.3778 -9.6573 -0.2676 0.9634 -0.0164 0.9880 0.4933
4.2175 0.4000 -10.4007 -0.2676 0.9634 -0.0164 0.9935 0.5214
4.3003 -0.2392 -6.7528 0.9600 0.2771 0.0416 0.5781 0.3777
4.3003 -0.2392 -6.7528 0.9600 0.2771 0.0416 0.5781 0.3777
4.1313 0.4332 -7.3612 0.9600 0.2771 0.0416 0.5514 0.3968
4.3003 -0.2392 -6.7528 -0.3443 0.1257 -0.9304 0.9891 0.4053
4.1317 0.4318 -7.3599 -0.3443 0.1257 -0.9304 0.9901 0.4063
4.1313 0.4332 -7.3612 -0.3443 0.1257 -0.9304 0.9902 0.4064
13 2 20
13 10 2
10 6 2
10 11 6
11 7 6
11 9 7
9 8 7
9 12 8
5 4 21
12 22 8
12 14 23
4 25 24
4 3 26
16 1 0
16 17 1
0 15 16
0 27 15
28 18 15
29 30 18
31 32 18
33 35 34
36 38 37
39 41 40
42 44 43
45 47 46
48 50 49
51 53 52
54 19 55
19 57 56
58 19 59
17 60 1
17 62 61
63 65 64
LABEL RudderP
MATERIAL 2
TEXTURE 2
FLAG 0
GEOM 75 36
0.2297 0.9889 0.2328 -0.9617 0.2740 0.0000 0.5489 0.3314
0.2830 0.9825 0.7152 0.0119 0.9999 0.0035 0.4146 0.3139
0.2297 1.0010 -1.4768 -0.9605 0.2712 -0.0630 0.5500 0.3859
0.2563 0.9986 -1.6034 -0.9550 0.2705 -0.1219 0.5502 0.3900
0.2830 0.9867 0.2297 0.0300 0.9995 0.0078 0.4146 0.3293
0.2830 0.9905 -0.5229 0.0301 0.9995 0.0073 0.4146 0.3533
-0.1634 -0.9228 0.7348 0.9750 -0.2210 0.0241 0.4819 0.3143
-0.2215 -0.8734 2.5630 -0.9592 0.2789 0.0459 0.4868 0.2579
-0.3045 -0.8829 0.7381 -0.9606 0.2769 0.0236 0.4866 0.3162
0.2297 0.9825 0.7174 -0.9606 0.2769 0.0237 0.5485 0.3160
0.2450 0.9834 0.8830 -0.9592 0.2789 0.0459 0.5485 0.3107
0.2297 0.9924 -0.5252 -0.9623 0.2720 -0.0011 0.5493 0.3556
-0.2469 -0.9451 -2.0618 -0.9550 0.2705 -0.1219 0.4864 0.4056
0.2830 1.0006 -1.4757 0.0153 0.9999 -0.0027 0.4146 0.3837
-0.1676 -0.9281 0.2662 0.9737 -0.2279 -0.0003 0.4820 0.3293
-0.1650 -0.9438 -0.4902 0.9741 -0.2262 0.0011 0.4823 0.3534
-0.1685 -0.9583 -1.4457 0.9721 -0.2235 -0.0705 0.4825 0.3839
-0.3065 -0.8910 0.2657 -0.9617 0.2741 0.0000 0.4865 0.3312
-0.3075 -0.9059 -0.4772 -0.9623 0.2721 -0.0011 0.4864 0.3549
-0.3074 -0.9192 -1.4432 -0.9606 0.2712 -0.0613 0.4864 0.3857
0.2563 0.9986 -1.6034 0.0081 0.9998 -0.0175 0.4137 0.3878
0.2297 1.0010 -1.4768 0.0152 0.9999 -0.0031 0.4129 0.3838
0.2450 0.9834 0.8830 0.0005 1.0000 -0.0057 0.4133 0.3085
0.2297 0.9825 0.7174 0.0109 0.9999 0.0027 0.4129 0.3138
0.2297 0.9825 0.7174 0.0109 0.9999 0.0027 0.4129 0.3138
0.2297 0.9889 0.2328 0.0294 0.9995 0.0080 0.4129 0.3292
0.2297 0.9825 0.7174 0.0109 0.9999 0.0027 0.4129 0.3138
0.2297 0.9889 0.2328 0.0294 0.9995 0.0080 0.4129 0.3292
0.2297 0.9924 -0.5252 0.0297 0.9995 0.0074 0.4129 0.3534
0.2297 0.9889 0.2328 0.0294 0.9995 0.0080 0.4129 0.3292
0.2297 0.9924 -0.5252 0.0297 0.9995 0.0074 0.4129 0.3534
0.2297 1.0010 -1.4768 0.0152 0.9999 -0.0031 0.4129 0.3838
0.2297 0.9924 -0.5252 0.0297 0.9995 0.0074 0.4129 0.3534
0.2830 0.9825 0.7152 0.9750 -0.2211 0.0235 0.4195 0.3145
0.2830 0.9867 0.2297 0.9737 -0.2279 -0.0002 0.4193 0.3299
0.2830 0.9825 0.7152 0.9750 -0.2211 0.0235 0.4195 0.3145
0.2830 0.9905 -0.5229 0.9741 -0.2262 0.0011 0.4189 0.3539
0.2830 1.0006 -1.4757 0.9722 -0.2235 -0.0702 0.4184 0.3843
0.2830 0.9905 -0.5229 0.9741 -0.2262 0.0011 0.4189 0.3539
0.2830 1.0006 -1.4757 0.9722 -0.2235 -0.0702 0.4184 0.3843
0.2563 0.9986 -1.6034 0.9653 -0.2208 -0.1397 0.4186 0.3885
-0.2469 -0.9451 -2.0618 0.9653 -0.2208 -0.1397 0.4825 0.4037
0.2830 1.0006 -1.4757 0.9722 -0.2235 -0.0702 0.4184 0.3843
-0.2469 -0.9451 -2.0618 0.9653 -0.2208 -0.1397 0.4825 0.4037
0.2830 0.9867 0.2297 0.9737 -0.2279 -0.0002 0.4193 0.3299
0.2830 0.9905 -0.5229 0.9741 -0.2262 0.0011 0.4189 0.3539
0.2830 0.9867 0.2297 0.9737 -0.2279 -0.0002 0.4193 0.3299
0.2450 0.9834 0.8830 0.9756 -0.2131 0.0524 0.4198 0.3090
0.2830 0.9825 0.7152 0.9750 -0.2211 0.0235 0.4195 0.3145
0.2450 0.9834 0.8830 0.9756 -0.2131 0.0524 0.4198 0.3090
-0.2215 -0.8734 2.5630 0.9756 -0.2131 0.0524 0.4813 0.2560
-0.1676 -0.9281 0.2662 -0.2649 -0.9641 0.0164 0.9810 0.0748
-0.1650 -0.9438 -0.4902 -0.2649 -0.9641 0.0164 0.9809 0.0989
-0.1685 -0.9583 -1.4457 -0.2649 -0.9641 0.0164 0.9810 0.1294
-0.1685 -0.9583 -1.4457 -0.2649 -0.9641 0.0164 0.9810 0.1294
-0.2469 -0.9451 -2.0618 -0.2649 -0.9641 0.0164 0.9836 0.1490
-0.3074 -0.9192 -1.4432 -0.2649 -0.9641 0.0164 0.9856 0.1293
-0.3075 -0.9059 -0.4772 -0.2649 -0.9641 0.0164 0.9856 0.0985
-0.3065 -0.8910 0.2657 -0.2649 -0.9641 0.0164 0.9856 0.0748
-0.3045 -0.8829 0.7381 -0.2649 -0.9641 0.0164 0.9855 0.0597
-0.1685 -0.9583 -1.4457 -0.2649 -0.9641 0.0164 0.9810 0.1294
-0.3074 -0.9192 -1.4432 -0.2649 -0.9641 0.0164 0.9856 0.1293
-0.3075 -0.9059 -0.4772 -0.2649 -0.9641 0.0164 0.9856 0.0985
-0.2215 -0.8734 2.5630 -0.2649 -0.9641 0.0164 0.9828 0.0015
-0.1634 -0.9228 0.7348 -0.2649 -0.9641 0.0164 0.9808 0.0598
-0.1676 -0.9281 0.2662 -0.2649 -0.9641 0.0164 0.9810 0.0748
-0.1676 -0.9281 0.2662 -0.2649 -0.9641 0.0164 0.9810 0.0748
-0.1685 -0.9583 -1.4457 -0.2649 -0.9641 0.0164 0.9810 0.1294
-0.3075 -0.9059 -0.4772 -0.2649 -0.9641 0.0164 0.9856 0.0985
-0.3075 -0.9059 -0.4772 -0.2649 -0.9641 0.0164 0.9856 0.0985
-0.3045 -0.8829 0.7381 -0.2649 -0.9641 0.0164 0.9855 0.0597
-0.2215 -0.8734 2.5630 -0.2649 -0.9641 0.0164 0.9828 0.0015
-0.1676 -0.9281 0.2662 -0.2649 -0.9641 0.0164 0.9810 0.0748
-0.3075 -0.9059 -0.4772 -0.2649 -0.9641 0.0164 0.9856 0.0985
-0.2215 -0.8734 2.5630 -0.2649 -0.9641 0.0164 0.9828 0.0015
0 8 9
0 17 8
9 7 10
9 8 7
17 11 18
17 0 11
18 2 19
18 11 2
19 3 12
19 2 3
20 21 13
22 1 23
24 4 25
26 1 4
27 5 28
29 4 5
30 13 31
32 5 13
33 14 34
35 6 14
36 16 37
38 15 16
39 41 40
42 16 43
44 15 45
46 14 15
47 6 48
49 50 6
51 53 52
54 56 55
57 59 58
60 62 61
63 65 64
66 68 67
69 71 70
72 74 73
LABEL RudderS
MATERIAL 2
TEXTURE 2
FLAG 0
GEOM 81 38
-0.2297 0.9825 0.7174 0.9606 0.2769 0.0237 0.4898 0.4549
-0.2830 0.9825 0.7152 -0.0119 0.9999 0.0035 0.4845 0.4544
-0.2297 0.9924 -0.5252 0.9623 0.2720 -0.0010 0.4890 0.4945
-0.2830 0.9867 0.2297 -0.0300 0.9995 0.0078 0.4845 0.4699
-0.2830 0.9905 -0.5229 -0.0358 0.9993 0.0076 0.4845 0.4939
0.1650 -0.9438 -0.4902 -0.9741 -0.2262 0.0011 0.4188 0.4931
0.3075 -0.9059 -0.4772 0.9623 0.2720 -0.0011 0.5519 0.4938
0.3065 -0.8910 0.2657 0.9617 0.2741 0.0000 0.5518 0.4701
0.3045 -0.8829 0.7381 0.9606 0.2769 0.0236 0.5517 0.4550
0.3074 -0.9192 -1.4432 0.9606 0.2712 -0.0613 0.5519 0.5246
0.2214 -0.8727 2.5623 0.9592 0.2789 0.0459 0.5514 0.3968
-0.2297 0.9889 0.2328 0.9617 0.2740 0.0000 0.4894 0.4703
0.2217 -0.8742 2.5636 -0.9756 -0.2131 0.0523 0.4197 0.3957
-0.2450 0.9834 0.8830 0.9592 0.2789 0.0459 0.4897 0.4495
-0.2300 1.0022 -1.4758 0.9605 0.2712 -0.0629 0.4883 0.5248
0.2469 -0.9451 -2.0618 0.9550 0.2705 -0.1219 0.5519 0.5444
-0.2566 0.9998 -1.6024 0.9550 0.2705 -0.1219 0.4880 0.5289
-0.2830 1.0006 -1.4757 -0.0322 0.9995 -0.0003 0.4845 0.5243
0.1634 -0.9228 0.7348 -0.9750 -0.2210 0.0241 0.4192 0.4541
0.1676 -0.9281 0.2662 -0.9737 -0.2279 -0.0003 0.4191 0.4690
0.1685 -0.9583 -1.4457 -0.9721 -0.2235 -0.0706 0.4186 0.5236
-0.2566 0.9998 -1.6024 -0.0310 0.9994 -0.0127 0.4854 0.5283
-0.2300 1.0022 -1.4758 -0.0322 0.9995 -0.0003 0.4862 0.5243
-0.2450 0.9834 0.8830 -0.0005 1.0000 -0.0057 0.4857 0.4491
-0.2297 0.9825 0.7174 -0.0109 0.9999 0.0027 0.4862 0.4544
-0.2297 0.9825 0.7174 -0.0109 0.9999 0.0027 0.4862 0.4544
-0.2297 0.9825 0.7174 -0.0109 0.9999 0.0027 0.4862 0.4544
-0.2297 0.9889 0.2328 -0.0294 0.9995 0.0080 0.4862 0.4698
-0.2297 0.9889 0.2328 -0.0294 0.9995 0.0080 0.4862 0.4698
-0.2297 0.9889 0.2328 -0.0294 0.9995 0.0080 0.4862 0.4698
-0.2297 0.9924 -0.5252 -0.0357 0.9993 0.0077 0.4862 0.4940
-0.2297 0.9924 -0.5252 -0.0357 0.9993 0.0077 0.4862 0.4940
-0.2297 0.9924 -0.5252 -0.0357 0.9993 0.0077 0.4862 0.4940
-0.2300 1.0022 -1.4758 -0.0322 0.9995 -0.0003 0.4862 0.5243
-0.2830 0.9825 0.7152 -0.9750 -0.2211 0.0235 0.4816 0.4542
-0.2830 0.9825 0.7152 -0.9750 -0.2211 0.0235 0.4816 0.4542
-0.2830 0.9867 0.2297 -0.9737 -0.2279 -0.0002 0.4819 0.4697
-0.2830 0.9905 -0.5229 -0.9741 -0.2262 0.0011 0.4822 0.4937
-0.2830 0.9905 -0.5229 -0.9741 -0.2262 0.0011 0.4822 0.4937
-0.2830 1.0006 -1.4757 -0.9722 -0.2235 -0.0705 0.4827 0.5241
-0.2830 1.0006 -1.4757 -0.9722 -0.2235 -0.0705 0.4827 0.5241
0.2469 -0.9451 -2.0618 -0.9652 -0.2207 -0.1399 0.4186 0.5434
-0.2830 1.0006 -1.4757 -0.9722 -0.2235 -0.0705 0.4827 0.5241
0.2469 -0.9451 -2.0618 -0.9652 -0.2207 -0.1399 0.4186 0.5434
-0.2566 0.9998 -1.6024 -0.9652 -0.2207 -0.1399 0.4825 0.5282
-0.2830 0.9867 0.2297 -0.9737 -0.2279 -0.0002 0.4819 0.4697
-0.2830 0.9867 0.2297 -0.9737 -0.2279 -0.0002 0.4819 0.4697
-0.2830 0.9905 -0.5229 -0.9741 -0.2262 0.0011 0.4822 0.4937
-0.2450 0.9834 0.8830 -0.9756 -0.2131 0.0523 0.4813 0.4487
-0.2450 0.9834 0.8830 -0.9756 -0.2131 0.0523 0.4813 0.4487
-0.2830 0.9825 0.7152 -0.9750 -0.2211 0.0235 0.4816 0.4542
-0.2450 0.9834 0.8830 0.0204 0.6699 0.7422 0.9829 0.4269
0.2214 -0.8727 2.5623 0.0204 0.6699 0.7422 0.9838 0.4262
0.2217 -0.8742 2.5636 0.0204 0.6699 0.7422 0.9839 0.4262
0.1676 -0.9281 0.2662 0.2676 -0.9634 0.0164 0.9857 0.4994
0.1634 -0.9228 0.7348 0.2676 -0.9634 0.0164 0.9859 0.4845
0.2217 -0.8742 2.5636 0.2676 -0.9634 0.0164 0.9839 0.4262
0.2214 -0.8727 2.5623 0.2676 -0.9634 0.0164 0.9838 0.4262
0.3045 -0.8829 0.7381 0.2676 -0.9634 0.0164 0.9812 0.4844
0.3065 -0.8910 0.2657 0.2676 -0.9634 0.0164 0.9811 0.4994
0.1676 -0.9281 0.2662 0.2676 -0.9634 0.0164 0.9857 0.4994
0.2217 -0.8742 2.5636 0.2676 -0.9634 0.0164 0.9839 0.4262
0.2214 -0.8727 2.5623 0.2676 -0.9634 0.0164 0.9838 0.4262
0.1685 -0.9583 -1.4457 0.2676 -0.9634 0.0164 0.9858 0.5540
0.1650 -0.9438 -0.4902 0.2676 -0.9634 0.0164 0.9859 0.5236
0.1676 -0.9281 0.2662 0.2676 -0.9634 0.0164 0.9857 0.4994
0.3074 -0.9192 -1.4432 0.2676 -0.9634 0.0164 0.9812 0.5539
0.2469 -0.9451 -2.0618 0.2676 -0.9634 0.0164 0.9832 0.5737
0.1685 -0.9583 -1.4457 0.2676 -0.9634 0.0164 0.9858 0.5540
0.2214 -0.8727 2.5623 0.2676 -0.9634 0.0164 0.9838 0.4262
0.3065 -0.8910 0.2657 0.2676 -0.9634 0.0164 0.9811 0.4994
0.3075 -0.9059 -0.4772 0.2676 -0.9634 0.0164 0.9812 0.5231
0.3075 -0.9059 -0.4772 0.2676 -0.9634 0.0164 0.9812 0.5231
0.3074 -0.9192 -1.4432 0.2676 -0.9634 0.0164 0.9812 0.5539
0.1685 -0.9583 -1.4457 0.2676 -0.9634 0.0164 0.9858 0.5540
0.1685 -0.9583 -1.4457 0.2676 -0.9634 0.0164 0.9858 0.5540
0.1676 -0.9281 0.2662 0.2676 -0.9634 0.0164 0.9857 0.4994
0.2214 -0.8727 2.5623 0.2676 -0.9634 0.0164 0.9838 0.4262
0.2214 -0.8727 2.5623 0.2676 -0.9634 0.0164 0.9838 0.4262
0.3075 -0.9059 -0.4772 0.2676 -0.9634 0.0164 0.9812 0.5231
0.1685 -0.9583 -1.4457 0.2676 -0.9634 0.0164 0.9858 0.5540
0 10 8
0 13 10
11 8 7
11 0 8
7 2 11
7 6 2
6 14 2
6 9 14
9 16 14
9 15 16
21 17 22
23 24 1
25 3 1
26 27 3
28 4 3
29 30 4
31 17 4
32 33 17
34 19 18
35 36 19
37 20 5
38 39 20
40 41 20
42 44 43
45 5 19
46 47 5
48 18 12
49 50 18
51 53 52
54 56 55
57 59 58
60 62 61
63 65 64
66 68 67
69 71 70
72 74 73
75 77 76
78 80 79
LABEL EngineExhaust
MATERIAL 2
TEXTURE 2
FLAG 0
GEOM 172 206
4.6320 0.9249 -11.5864 0.0320 -0.9185 -0.3941 0.9552 0.6761
4.3898 0.8743 -11.5821 0.3328 -0.8553 -0.3971 0.9853 0.6647
4.1560 0.7213 -11.5767 0.6299 -0.6678 -0.3966 0.9898 0.6577
3.9985 0.4905 -11.5718 0.8426 -0.3627 -0.3981 0.9931 0.6500
3.9414 0.2170 -11.5681 0.9165 -0.0064 -0.3999 0.9950 0.6419
3.9932 -0.0575 -11.5662 0.8514 0.3365 -0.4023 0.9832 0.6104
4.1462 -0.2914 -11.5664 0.6469 0.6479 -0.4022 0.9764 0.6057
4.3770 -0.4489 -11.5686 0.3838 0.8315 -0.4016 0.9688 0.6021
4.6082 -0.5057 -11.5719 0.0276 0.9153 -0.4018 0.9621 0.6002
4.9250 -0.4543 -11.5776 -0.3222 0.8584 -0.3991 0.9297 0.6113
5.1588 -0.3014 -11.5830 -0.6473 0.6509 -0.3967 0.9247 0.6180
5.3163 -0.0706 -11.5879 -0.8407 0.3705 -0.3949 0.9210 0.6254
5.3735 0.2029 -11.5915 -0.9193 -0.0116 -0.3935 0.9187 0.6334
5.3216 0.4775 -11.5934 -0.8555 -0.3378 -0.3924 0.9311 0.6671
5.1687 0.7113 -11.5932 -0.6516 -0.6501 -0.3909 0.9382 0.6714
4.9379 0.8689 -11.5910 -0.3495 -0.8507 -0.3926 0.9460 0.6744
4.6450 0.6409 -10.9261 0.0353 -0.8318 -0.5540 0.9571 0.6553
4.4948 0.6083 -10.9261 0.3013 -0.7736 -0.5575 0.9691 0.6517
4.3531 0.5194 -10.9261 0.5715 -0.6053 -0.5541 0.9720 0.6479
4.2571 0.3800 -10.9261 0.7635 -0.3267 -0.5570 0.9740 0.6435
4.2221 0.2142 -10.9261 0.8317 -0.0038 -0.5552 0.9749 0.6388
4.2559 0.0489 -10.9261 0.7710 0.3041 -0.5596 0.9702 0.6261
4.3471 -0.0927 -10.9261 0.5858 0.5874 -0.5584 0.9664 0.6231
4.4854 -0.1880 -10.9261 0.3501 0.7510 -0.5598 0.9621 0.6211
4.6267 -0.2212 -10.9261 0.0272 0.8285 -0.5593 0.9581 0.6201
4.8168 -0.1902 -10.9261 -0.2868 0.7782 -0.5587 0.9455 0.6246
4.9591 -0.0986 -10.9261 -0.5843 0.5909 -0.5562 0.9424 0.6284
5.0532 0.0409 -10.9261 -0.7571 0.3388 -0.5587 0.9403 0.6326
5.0875 0.2057 -10.9261 -0.8300 -0.0117 -0.5577 0.9392 0.6373
5.0561 0.3719 -10.9261 -0.7727 -0.3039 -0.5572 0.9436 0.6500
4.9655 0.5141 -10.9261 -0.5877 -0.5888 -0.5550 0.9475 0.6528
4.8228 0.6072 -10.9261 -0.3140 -0.7697 -0.5559 0.9520 0.6546
4.6223 0.2403 -10.5820 0.3354 -0.3545 -0.8728 0.9594 0.6397
4.6220 0.1821 -10.5820 0.3591 0.3381 -0.8699 0.9581 0.6356
4.6813 0.1795 -10.5820 -0.3248 0.3558 -0.8763 0.9549 0.6369
4.6815 0.2389 -10.5820 -0.3444 -0.3416 -0.8745 0.9554 0.6399
4.7279 0.9203 -11.5880 -0.1010 -0.9146 -0.3916 0.9523 0.6757
4.8331 0.9010 -11.5895 -0.2303 -0.8911 -0.3911 0.9492 0.6751
4.6979 0.6411 -10.9261 -0.0842 -0.8295 -0.5521 0.9556 0.6553
4.7610 0.6295 -10.9261 -0.2117 -0.8061 -0.5527 0.9538 0.6550
4.6614 0.2508 -10.5820 -0.1112 -0.4709 -0.8752 0.9560 0.6401
5.0205 0.8263 -11.5918 -0.4649 -0.7938 -0.3921 0.9434 0.6735
5.0974 0.7738 -11.5925 -0.5645 -0.7270 -0.3908 0.9408 0.6725
4.8753 0.5836 -10.9261 -0.4150 -0.7214 -0.5544 0.9505 0.6541
4.9214 0.5521 -10.9261 -0.5082 -0.6582 -0.5555 0.9490 0.6535
4.4635 0.8971 -11.5835 0.2410 -0.8860 -0.3960 0.9839 0.6664
4.5409 0.9145 -11.5850 0.1463 -0.9069 -0.3951 0.9579 0.6762
4.5375 0.6242 -10.9261 0.2264 -0.8008 -0.5545 0.9682 0.6527
4.5839 0.6346 -10.9261 0.1341 -0.8216 -0.5541 0.9588 0.6553
4.6405 0.2493 -10.5820 0.1333 -0.4769 -0.8688 0.9590 0.6401
4.2282 0.7816 -11.5785 0.5453 -0.7391 -0.3955 0.9884 0.6601
4.3061 0.8326 -11.5803 0.4401 -0.8059 -0.3960 0.9869 0.6625
4.3956 0.5565 -10.9261 0.4972 -0.6679 -0.5538 0.9712 0.6492
4.4423 0.5871 -10.9261 0.3941 -0.7333 -0.5540 0.9702 0.6505
5.2291 0.6419 -11.5933 -0.7339 -0.5554 -0.3911 0.9358 0.6701
5.2801 0.5640 -11.5934 -0.8044 -0.4465 -0.3919 0.9335 0.6687
5.0019 0.4724 -10.9261 -0.6628 -0.5020 -0.5555 0.9462 0.6520
5.0325 0.4257 -10.9261 -0.7289 -0.4006 -0.5552 0.9449 0.6511
4.0412 0.5757 -11.5734 0.7906 -0.4657 -0.3975 0.9921 0.6527
4.0937 0.6527 -11.5751 0.7134 -0.5774 -0.3971 0.9910 0.6552
4.2818 0.4326 -10.9261 0.7191 -0.4178 -0.5553 0.9734 0.6451
4.3133 0.4787 -10.9261 0.6467 -0.5245 -0.5538 0.9728 0.6465
3.9484 0.3113 -11.5694 0.9078 -0.1287 -0.3991 0.9945 0.6447
3.9674 0.4025 -11.5706 0.8809 -0.2549 -0.3987 0.9938 0.6474
4.2253 0.2720 -10.9261 0.8239 -0.1138 -0.5552 0.9747 0.6405
4.2367 0.3267 -10.9261 0.7985 -0.2320 -0.5556 0.9744 0.6420
4.6116 0.2213 -10.5820 0.4725 -0.1254 -0.8723 0.9597 0.6391
5.3489 0.3909 -11.5928 -0.8905 -0.2304 -0.3923 0.9290 0.6654
5.3661 0.2994 -11.5922 -0.9121 -0.1181 -0.3926 0.9182 0.6363
5.0739 0.3204 -10.9261 -0.8043 -0.2103 -0.5558 0.9424 0.6490
5.0843 0.2656 -10.9261 -0.8247 -0.1040 -0.5560 0.9391 0.6390
4.6916 0.2214 -10.5820 -0.4680 -0.1345 -0.8735 0.9547 0.6382
5.3674 0.1076 -11.5903 -0.9122 0.1125 -0.3939 0.9193 0.6307
5.3484 0.0165 -11.5891 -0.8822 0.2570 -0.3945 0.9201 0.6280
5.0862 0.1470 -10.9261 -0.8253 0.0988 -0.5560 0.9395 0.6357
5.0748 0.0923 -10.9261 -0.7963 0.2389 -0.5557 0.9398 0.6341
4.6926 0.1986 -10.5820 -0.4695 0.1175 -0.8751 0.9546 0.6375
3.9646 0.0325 -11.5669 0.8862 0.2317 -0.4013 0.9853 0.6122
3.9474 0.1240 -11.5675 0.9098 0.1107 -0.4000 0.9953 0.6392
4.2354 0.1029 -10.9261 0.8023 0.2168 -0.5561 0.9714 0.6273
4.2250 0.1578 -10.9261 0.8252 0.1008 -0.5557 0.9750 0.6372
4.6118 0.2004 -10.5820 0.4726 0.1270 -0.8720 0.9585 0.6361
4.0849 -0.2200 -11.5664 0.7281 0.5555 -0.4017 0.9787 0.6071
4.0340 -0.1420 -11.5663 0.8024 0.4411 -0.4020 0.9810 0.6087
4.3079 -0.0504 -10.9261 0.6581 0.5069 -0.5568 0.9678 0.6240
4.2774 -0.0037 -10.9261 0.7314 0.3943 -0.5563 0.9690 0.6250
5.2711 -0.1575 -11.5862 -0.7930 0.4635 -0.3954 0.9222 0.6228
5.2186 -0.2344 -11.5846 -0.7240 0.5649 -0.3959 0.9234 0.6203
5.0262 -0.0143 -10.9261 -0.7171 0.4187 -0.5573 0.9410 0.6311
4.9947 -0.0605 -10.9261 -0.6529 0.5144 -0.5560 0.9417 0.6297
4.2917 -0.4032 -11.5679 0.4717 0.7853 -0.4009 0.9715 0.6032
4.2148 -0.3507 -11.5672 0.5610 0.7239 -0.4015 0.9740 0.6044
4.4327 -0.1604 -10.9261 0.4272 0.7111 -0.5584 0.9637 0.6217
4.3865 -0.1290 -10.9261 0.5118 0.6538 -0.5573 0.9651 0.6223
4.5256 -0.4962 -11.5708 0.1512 0.9027 -0.4029 0.9644 0.6007
4.4485 -0.4772 -11.5697 0.2773 0.8724 -0.4025 0.9667 0.6014
4.5741 -0.2172 -10.9261 0.1352 0.8181 -0.5590 0.9596 0.6203
4.5279 -0.2058 -10.9261 0.2552 0.7887 -0.5593 0.9609 0.6207
4.6391 0.1710 -10.5820 0.1571 0.4648 -0.8714 0.9576 0.6354
4.8188 -0.4836 -11.5757 -0.2071 0.8938 -0.3979 0.9319 0.6089
4.7132 -0.5007 -11.5738 -0.0926 0.9124 -0.3988 0.9590 0.5996
4.7519 -0.2108 -10.9261 -0.1891 0.8091 -0.5564 0.9469 0.6233
4.6885 -0.2210 -10.9261 -0.0770 0.8274 -0.5563 0.9563 0.6199
4.6602 0.1697 -10.5820 -0.0904 0.4797 -0.8728 0.9554 0.6365
5.0864 -0.3639 -11.5812 -0.5597 0.7272 -0.3973 0.9263 0.6156
5.0085 -0.4148 -11.5794 -0.4454 0.8018 -0.3984 0.9279 0.6134
4.9147 -0.1387 -10.9261 -0.5060 0.6591 -0.5563 0.9433 0.6270
4.8680 -0.1693 -10.9261 -0.3960 0.7300 -0.5570 0.9443 0.6258
4.6467 0.3716 -10.6516 0.0313 -0.6165 -0.7868 0.9569 0.6442
4.8139 0.2114 -10.6516 -0.6120 -0.0185 -0.7907 0.9504 0.6381
4.6422 0.0491 -10.6516 0.0319 0.6147 -0.7881 0.9573 0.6312
4.4896 0.2123 -10.6516 0.6185 -0.0007 -0.7858 0.9638 0.6385
4.5366 0.0986 -10.6517 0.4369 0.4365 -0.7865 0.9605 0.6323
4.5383 0.3271 -10.6517 0.4241 -0.4495 -0.7862 0.9628 0.6420
4.7691 0.3230 -10.6517 -0.4319 -0.4345 -0.7904 0.9531 0.6433
4.7677 0.0918 -10.6517 -0.4312 0.4358 -0.7900 0.9515 0.6345
4.6914 0.3669 -10.6517 -0.1539 -0.5970 -0.7874 0.9555 0.6442
4.7346 0.3486 -10.6516 -0.3049 -0.5338 -0.7887 0.9542 0.6438
4.6091 0.3639 -10.6517 0.1801 -0.5920 -0.7856 0.9580 0.6440
4.5740 0.3495 -10.6516 0.2825 -0.5503 -0.7857 0.9620 0.6429
4.7928 0.2915 -10.6516 -0.5352 -0.2976 -0.7906 0.9522 0.6426
4.5146 0.2938 -10.6516 0.5382 -0.3033 -0.7863 0.9633 0.6410
4.4972 0.2534 -10.6517 0.5920 -0.1795 -0.7857 0.9637 0.6398
4.8081 0.2522 -10.6517 -0.5931 -0.1556 -0.7899 0.9506 0.6393
4.8101 0.1658 -10.6517 -0.5897 0.1664 -0.7903 0.9505 0.6367
4.4971 0.1710 -10.6517 0.5963 0.1684 -0.7849 0.9636 0.6373
4.5129 0.1304 -10.6516 0.5419 0.2986 -0.7856 0.9614 0.6331
4.7896 0.1247 -10.6516 -0.5299 0.3071 -0.7905 0.9510 0.6355
4.5692 0.0742 -10.6516 0.3240 0.5254 -0.7867 0.9594 0.6318
4.6047 0.0565 -10.6517 0.1998 0.5831 -0.7874 0.9584 0.6314
4.6873 0.0532 -10.6517 -0.1297 0.6025 -0.7875 0.9535 0.6328
4.7319 0.0686 -10.6516 -0.2698 0.5520 -0.7890 0.9524 0.6336
4.5639 0.1139 -10.5790 0.0000 0.0031 -1.0000 0.6920 0.4538
4.7519 0.1139 -10.5790 0.0000 0.0031 -1.0000 0.7423 0.4538
4.5639 0.3018 -10.5784 0.0000 0.0031 -1.0000 0.6920 0.4035
4.7519 0.3018 -10.5784 0.0000 0.0031 -1.0000 0.7423 0.4035
4.8081 0.2522 -10.6517 -0.5931 -0.1556 -0.7899 0.9514 0.6417
4.4635 0.8971 -11.5835 0.2410 -0.8860 -0.3960 0.9602 0.6762
4.5375 0.6242 -10.9261 0.2264 -0.8008 -0.5545 0.9602 0.6552
4.5375 0.6242 -10.9261 0.2264 -0.8008 -0.5545 0.9602 0.6552
4.8081 0.2522 -10.6517 -0.5931 -0.1556 -0.7899 0.9514 0.6417
5.3489 0.3909 -11.5928 -0.8905 -0.2304 -0.3923 0.9179 0.6390
5.0739 0.3204 -10.9261 -0.8043 -0.2103 -0.5558 0.9391 0.6407
5.0739 0.3204 -10.9261 -0.8043 -0.2103 -0.5558 0.9391 0.6407
3.9646 0.0325 -11.5669 0.8862 0.2317 -0.4013 0.9955 0.6364
4.2354 0.1029 -10.9261 0.8023 0.2168 -0.5561 0.9750 0.6356
4.2354 0.1029 -10.9261 0.8023 0.2168 -0.5561 0.9750 0.6356
4.8188 -0.4836 -11.5757 -0.2071 0.8938 -0.3979 0.9559 0.5993
4.7519 -0.2108 -10.9261 -0.1891 0.8091 -0.5564 0.9544 0.6199
4.7519 -0.2108 -10.9261 -0.1891 0.8091 -0.5564 0.9544 0.6199
4.6873 0.0532 -10.6517 -0.1297 0.6025 -0.7875 0.9559 0.6313
4.7519 -0.2108 -10.9261 -0.1891 0.8091 -0.5564 0.9544 0.6199
4.6873 0.0532 -10.6517 -0.1297 0.6025 -0.7875 0.9559 0.6313
4.2354 0.1029 -10.9261 0.8023 0.2168 -0.5561 0.9750 0.6356
5.0739 0.3204 -10.9261 -0.8043 -0.2103 -0.5558 0.9391 0.6407
4.5375 0.6242 -10.9261 0.2264 -0.8008 -0.5545 0.9602 0.6552
4.6916 0.2214 -10.5820 -0.4680 -0.1345 -0.8735 0.9549 0.6394
4.8081 0.2522 -10.6517 -0.5931 -0.1556 -0.7899 0.9514 0.6417
4.6916 0.2214 -10.5820 -0.4680 -0.1345 -0.8735 0.9549 0.6394
4.4971 0.1710 -10.6517 0.5963 0.1684 -0.7849 0.9622 0.6341
4.4971 0.1710 -10.6517 0.5963 0.1684 -0.7849 0.9622 0.6341
4.6091 0.3639 -10.6517 0.1801 -0.5920 -0.7856 0.9611 0.6437
4.6091 0.3639 -10.6517 0.1801 -0.5920 -0.7856 0.9611 0.6437
4.6873 0.0532 -10.6517 -0.1297 0.6025 -0.7875 0.9559 0.6313
4.6602 0.1697 -10.5820 -0.0904 0.4797 -0.8728 0.9569 0.6354
4.6602 0.1697 -10.5820 -0.0904 0.4797 -0.8728 0.9569 0.6354
4.4971 0.1710 -10.6517 0.5963 0.1684 -0.7849 0.9622 0.6341
4.6118 0.2004 -10.5820 0.4726 0.1270 -0.8720 0.9596 0.6384
4.6118 0.2004 -10.5820 0.4726 0.1270 -0.8720 0.9596 0.6384
4.6091 0.3639 -10.6517 0.1801 -0.5920 -0.7856 0.9611 0.6437
4.6405 0.2493 -10.5820 0.1333 -0.4769 -0.8688 0.9567 0.6400
4.6405 0.2493 -10.5820 0.1333 -0.4769 -0.8688 0.9567 0.6400
45 17 1
45 47 17
67 29 13
67 69 29
99 25 9
99 101 25
77 21 5
77 79 21
82 22 6
82 84 22
50 18 2
50 52 18
54 30 14
54 56 30
104 26 10
104 106 26
86 27 11
86 88 27
90 23 7
90 92 23
58 19 3
58 60 19
41 31 15
41 43 31
36 16 0
36 38 16
72 28 12
72 74 28
94 24 8
94 96 24
62 20 4
62 64 20
32 121 113
40 108 116
34 127 115
33 128 112
88 127 27
106 131 115
26 115 89
17 119 53
131 34 115
126 33 112
119 32 113
109 71 123
25 130 131
69 136 29
70 109 123
98 110 129
15 39 37
15 31 39
37 38 36
37 39 38
74 124 109
14 44 42
14 30 44
42 43 41
42 44 43
107 131 106
0 48 46
0 16 48
46 138 137
46 48 139
1 53 51
1 17 53
51 52 50
51 53 52
13 57 55
13 29 57
55 56 54
55 57 56
29 140 120
2 61 59
2 18 61
59 60 58
59 61 60
3 65 63
3 19 65
63 64 62
63 65 64
28 109 70
12 70 68
12 28 70
68 142 141
68 70 143
11 75 73
11 27 75
73 74 72
73 75 74
89 115 127
4 80 78
4 20 80
78 145 144
78 80 146
5 85 83
5 21 85
83 84 82
83 85 84
27 127 124
10 89 87
10 26 89
87 88 86
87 89 88
66 111 122
6 93 91
6 22 93
91 92 90
91 93 92
7 97 95
7 23 97
95 96 94
95 97 96
75 124 74
8 102 100
8 24 102
100 148 147
100 102 149
9 107 105
9 25 107
105 106 104
105 107 106
35 117 114
21 126 85
106 115 26
102 110 150
102 152 151
19 122 65
96 110 24
96 129 110
93 128 92
97 129 96
89 127 88
27 124 75
84 112 22
80 125 153
23 129 97
74 109 28
70 123 154
31 116 39
64 111 20
61 121 60
25 131 107
56 114 30
29 120 57
52 113 18
48 118 155
44 117 43
38 108 16
24 110 102
101 130 25
120 35 114
23 128 129
92 128 23
93 112 128
22 112 93
56 120 114
57 120 56
120 156 35
157 158 120
109 76 71
124 76 109
124 127 76
76 127 34
131 103 34
130 103 131
84 126 112
85 126 84
21 159 126
79 160 21
80 111 125
20 111 80
64 122 111
65 122 64
19 121 122
60 121 19
61 113 121
18 113 61
52 119 113
53 119 52
17 161 119
47 162 17
48 108 118
16 108 48
38 116 108
39 116 38
31 117 116
43 117 31
44 114 117
30 114 44
163 110 164
165 110 98
129 128 98
98 128 33
126 81 33
166 81 126
125 111 167
168 111 66
122 121 66
66 121 32
119 49 32
169 49 119
118 108 170
171 108 40
116 117 40
40 117 35
132 135 133
132 134 135
LABEL EngineCone
MATERIAL 2
TEXTURE 2
FLAG 0
GEOM 388 448
4.5206 1.0866 -0.1289 0.1947 -0.9761 0.0962 0.6713 0.6114
4.7191 1.1686 -0.1224 0.5492 -0.8284 0.1104 0.6775 0.6116
4.8711 1.3201 -0.1103 0.8214 -0.5572 0.1219 0.6838 0.6120
4.9534 1.5180 -0.0945 0.9708 -0.2020 0.1294 0.6900 0.6126
4.9534 1.7323 -0.0774 0.9739 0.1849 0.1316 0.6892 0.5858
4.8711 1.9302 -0.0617 0.8286 0.5450 0.1282 0.6830 0.5854
4.7191 2.0818 -0.0496 0.5558 0.8227 0.1192 0.6767 0.5852
4.5206 2.1637 -0.0431 0.1971 0.9746 0.1059 0.6705 0.5851
4.3056 2.1637 -0.0431 -0.1924 0.9772 0.0903 0.6642 0.5853
4.1070 2.0818 -0.0496 -0.5532 0.8297 0.0750 0.6580 0.5857
3.9551 1.9302 -0.0617 -0.8299 0.5543 0.0626 0.6518 0.5863
3.8728 1.7323 -0.0774 -0.9797 0.1930 0.0550 0.6456 0.5870
3.8728 1.5180 -0.0945 -0.9786 -0.1986 0.0535 0.6463 0.6128
3.9551 1.3201 -0.1103 -0.8270 -0.5592 0.0581 0.6526 0.6122
4.1070 1.1686 -0.1224 -0.5496 -0.8327 0.0680 0.6588 0.6117
4.3056 1.0866 -0.1289 -0.1906 -0.9783 0.0814 0.6650 0.6115
4.5206 1.0706 -1.0383 0.1931 -0.9810 0.0172 0.6712 0.5851
4.7191 1.1526 -1.0318 0.5510 -0.8344 0.0146 0.6774 0.5853
4.8711 1.3041 -1.0197 0.8274 -0.5615 0.0098 0.6837 0.5857
4.9534 1.5021 -1.0039 0.9794 -0.2018 0.0035 0.6899 0.5862
4.9534 1.7164 -0.9869 0.9818 0.1901 -0.0033 0.6899 0.6121
4.8711 1.9143 -0.9711 0.8331 0.5531 -0.0097 0.6837 0.6118
4.7191 2.0658 -0.9590 0.5566 0.8307 -0.0146 0.6774 0.6115
4.5206 2.1478 -0.9525 0.1954 0.9806 -0.0172 0.6712 0.6114
4.3056 2.1478 -0.9525 -0.1954 0.9806 -0.0172 0.6649 0.6116
4.1070 2.0658 -0.9590 -0.5566 0.8307 -0.0146 0.6587 0.6120
3.9551 1.9143 -0.9711 -0.8331 0.5531 -0.0097 0.6525 0.6126
3.8728 1.7164 -0.9869 -0.9818 0.1901 -0.0033 0.6463 0.6133
3.8728 1.5021 -1.0039 -0.9794 -0.2018 0.0035 0.6462 0.5865
3.9551 1.3041 -1.0197 -0.8274 -0.5615 0.0098 0.6524 0.5859
4.1070 1.1526 -1.0318 -0.5510 -0.8344 0.0146 0.6587 0.5854
4.3056 1.0706 -1.0383 -0.1931 -0.9810 0.0172 0.6649 0.5852
4.6239 1.1179 -0.1264 0.3792 -0.9195 0.1035 0.6744 0.6115
4.8026 1.2369 -0.1169 0.6984 -0.7061 0.1166 0.6807 0.6118
4.9220 1.4150 -0.1027 0.9134 -0.3871 0.1263 0.6869 0.6123
4.9639 1.6252 -0.0860 0.9913 -0.0089 0.1312 0.6923 0.5860
4.9220 1.8353 -0.0692 0.9190 0.3720 0.1306 0.6861 0.5856
4.8026 2.0134 -0.0550 0.7059 0.6973 0.1243 0.6799 0.5853
4.6239 2.1325 -0.0456 0.3840 0.9164 0.1130 0.6736 0.5851
4.4131 2.1743 -0.0422 0.0025 0.9952 0.0982 0.6674 0.5852
4.2023 2.1325 -0.0456 -0.3801 0.9213 0.0825 0.6611 0.5854
4.0236 2.0134 -0.0550 -0.7051 0.7058 0.0683 0.6549 0.5859
3.9042 1.8353 -0.0692 -0.9227 0.3812 0.0581 0.6487 0.5866
3.8623 1.6252 -0.0860 -0.9986 -0.0029 0.0534 0.6425 0.5874
3.9042 1.4150 -0.1027 -0.9206 -0.3866 0.0550 0.6495 0.6125
4.0236 1.2369 -0.1169 -0.7016 -0.7098 0.0625 0.6557 0.6120
4.4131 1.0761 -0.1297 0.0023 -0.9961 0.0887 0.6682 0.6114
4.2023 1.1179 -0.1264 -0.3770 -0.9232 0.0743 0.6619 0.6116
4.6239 1.1019 -1.0358 0.3790 -0.9252 0.0162 0.6743 0.5852
4.8026 1.2210 -1.0263 0.7024 -0.7116 0.0125 0.6805 0.5855
4.9220 1.3991 -1.0121 0.9211 -0.3893 0.0068 0.6868 0.5860
4.9639 1.6092 -0.9954 1.0000 -0.0061 0.0001 0.6930 0.6124
4.9220 1.8194 -0.9786 0.9254 0.3790 -0.0066 0.6868 0.6119
4.8026 1.9975 -0.9645 0.7085 0.7056 -0.0124 0.6806 0.6116
4.6239 2.1165 -0.9550 0.3833 0.9235 -0.0162 0.6743 0.6114
4.4131 2.1583 -0.9516 0.0000 0.9998 -0.0175 0.6681 0.6115
4.2023 2.1165 -0.9550 -0.3833 0.9235 -0.0162 0.6618 0.6118
4.0236 1.9975 -0.9645 -0.7085 0.7056 -0.0124 0.6556 0.6123
3.9042 1.8194 -0.9786 -0.9254 0.3790 -0.0066 0.6494 0.6129
3.8623 1.6092 -0.9954 -1.0000 -0.0061 0.0001 0.6432 0.6137
3.9042 1.3991 -1.0121 -0.9211 -0.3893 0.0068 0.6493 0.5862
4.0236 1.2210 -1.0263 -0.7024 -0.7116 0.0125 0.6555 0.5856
4.4131 1.0601 -1.0391 0.0000 -0.9998 0.0175 0.6680 0.5851
4.2023 1.1019 -1.0358 -0.3790 -0.9252 0.0162 0.6618 0.5853
4.2016 1.5585 2.4763 -0.1943 -0.9657 0.1725 0.6643 0.6908
4.2002 1.5590 2.4763 -0.5477 -0.8234 0.1487 0.6643 0.6908
4.1991 1.5601 2.4764 -0.8213 -0.5545 0.1344 0.6642 0.6908
4.1985 1.5615 2.4765 -0.9709 -0.1998 0.1319 0.6642 0.6908
4.1985 1.5631 2.4766 -0.9724 0.1851 0.1419 0.6638 0.6904
4.1991 1.5645 2.4768 -0.8255 0.5404 0.1628 0.6638 0.6904
4.2002 1.5656 2.4768 -0.5530 0.8108 0.1917 0.6638 0.6904
4.2016 1.5661 2.4769 -0.1972 0.9545 0.2238 0.6637 0.6903
4.2032 1.5661 2.4769 0.1865 0.9490 0.2541 0.6637 0.6903
4.2046 1.5656 2.4768 0.5378 0.7960 0.2777 0.6636 0.6903
4.2057 1.5645 2.4768 0.8023 0.5212 0.2909 0.6636 0.6903
4.2062 1.5631 2.4766 0.9414 0.1688 0.2920 0.6635 0.6903
4.2062 1.5615 2.4765 0.9371 -0.2071 0.2811 0.6645 0.6908
4.2057 1.5601 2.4764 0.7923 -0.5518 0.2603 0.6644 0.6908
4.2046 1.5590 2.4763 0.5287 -0.8163 0.2326 0.6644 0.6908
4.2032 1.5585 2.4763 0.1834 -0.9621 0.2019 0.6643 0.6908
4.2009 1.5587 2.4763 -0.3777 -0.9121 0.1597 0.6643 0.6908
4.1996 1.5595 2.4764 -0.6976 -0.7026 0.1402 0.6642 0.6908
4.1988 1.5608 2.4765 -0.9136 -0.3846 0.1316 0.6642 0.6908
4.1985 1.5623 2.4766 -0.9908 -0.0074 0.1354 0.6641 0.6908
4.1988 1.5638 2.4767 -0.9166 0.3702 0.1512 0.6638 0.6904
4.1996 1.5651 2.4768 -0.7027 0.6892 0.1766 0.6638 0.6904
4.2009 1.5659 2.4769 -0.3823 0.9004 0.2077 0.6637 0.6903
4.2024 1.5662 2.4769 -0.0051 0.9709 0.2396 0.6637 0.6903
4.2039 1.5659 2.4769 0.3698 0.8899 0.2670 0.6636 0.6903
4.2052 1.5651 2.4768 0.6837 0.6714 0.2858 0.6636 0.6903
4.2060 1.5638 2.4767 0.8892 0.3515 0.2930 0.6636 0.6903
4.2063 1.5623 2.4766 0.9574 -0.0197 0.2880 0.6645 0.6908
4.2060 1.5608 2.4765 0.8813 -0.3866 0.2718 0.6645 0.6908
4.2052 1.5595 2.4764 0.6734 -0.6968 0.2471 0.6644 0.6908
4.2039 1.5587 2.4763 0.3634 -0.9059 0.2174 0.6644 0.6908
4.2024 1.5584 2.4763 -0.0049 -0.9824 0.1868 0.6643 0.6908
4.1188 1.9905 0.4446 -0.5521 0.8146 0.1778 0.6751 0.6311
4.7508 1.3606 0.3944 0.7956 -0.5530 0.2474 0.6802 0.6300
4.2831 1.1675 0.3790 -0.1898 -0.9688 0.1593 0.6649 0.6288
4.1976 2.0325 0.4479 -0.3799 0.9045 0.1940 0.6726 0.6306
4.2831 2.0583 0.4500 -0.1935 0.9583 0.2103 0.6701 0.6301
4.6941 1.2917 0.3889 0.6769 -0.6978 0.2342 0.6777 0.6295
4.6251 1.2353 0.3844 0.5326 -0.8173 0.2197 0.6751 0.6291
4.1976 1.1933 0.3810 -0.3736 -0.9160 0.1463 0.6624 0.6291
4.1188 1.2353 0.3844 -0.5445 -0.8278 0.1352 0.6598 0.6294
4.3719 1.1587 0.3783 -0.0002 -0.9848 0.1737 0.6675 0.6287
4.3719 2.0671 0.4507 -0.0001 0.9741 0.2261 0.6676 0.6297
4.4608 2.0583 0.4500 0.1923 0.9513 0.2408 0.6651 0.6293
4.5463 1.1933 0.3810 0.3677 -0.9072 0.2044 0.6726 0.6288
4.4608 1.1675 0.3790 0.1879 -0.9638 0.1889 0.6700 0.6287
4.0498 1.2917 0.3889 -0.6954 -0.7074 0.1265 0.6573 0.6299
3.9931 1.3606 0.3944 -0.8202 -0.5592 0.1205 0.6548 0.6305
4.5463 2.0325 0.4479 0.3761 0.8911 0.2538 0.6625 0.6291
4.6251 1.9905 0.4446 0.5441 0.7962 0.2646 0.6600 0.6289
3.9510 1.4391 0.4006 -0.9137 -0.3889 0.1176 0.6523 0.6311
3.9251 1.5243 0.4074 -0.9720 -0.2032 0.1178 0.6499 0.6318
4.6941 1.9340 0.4401 0.6899 0.6706 0.2727 0.6574 0.6289
4.7508 1.8652 0.4346 0.8079 0.5197 0.2778 0.6548 0.6289
3.9510 1.7867 0.4283 -0.9186 0.3708 0.1370 0.6826 0.6330
4.8276 1.6129 0.4145 0.9612 -0.0218 0.2749 0.6472 0.6298
3.9163 1.6129 0.4145 -0.9926 -0.0096 0.1212 0.6875 0.6346
3.9251 1.7015 0.4215 -0.9745 0.1843 0.1276 0.6851 0.6338
4.7929 1.7867 0.4283 0.8942 0.3495 0.2799 0.6523 0.6291
4.8188 1.7015 0.4215 0.9457 0.1667 0.2789 0.6497 0.6294
3.9931 1.8652 0.4346 -0.8269 0.5424 0.1487 0.6801 0.6323
4.0498 1.9341 0.4401 -0.7031 0.6923 0.1626 0.6776 0.6317
4.8188 1.5243 0.4074 0.9405 -0.2089 0.2682 0.6851 0.6315
4.7929 1.4391 0.4006 0.8845 -0.3881 0.2589 0.6827 0.6307
4.1335 1.9138 0.8112 -0.5511 0.8121 0.1919 0.6731 0.6417
4.6524 1.3966 0.7700 0.7923 -0.5518 0.2603 0.6774 0.6409
4.2684 1.2380 0.7574 -0.1891 -0.9666 0.1729 0.6648 0.6399
4.2684 1.9695 0.8157 -0.1930 0.9552 0.2242 0.6690 0.6409
4.5492 1.2937 0.7618 0.5305 -0.8151 0.2328 0.6733 0.6401
4.1335 1.2937 0.7618 -0.5428 -0.8265 0.1490 0.6606 0.6404
4.3413 1.2308 0.7568 -0.0002 -0.9823 0.1871 0.6669 0.6398
4.4143 1.9695 0.8157 0.1918 0.9478 0.2545 0.6648 0.6402
4.4143 1.2380 0.7574 0.1872 -0.9613 0.2022 0.6690 0.6398
4.0303 1.3966 0.7700 -0.8182 -0.5590 0.1345 0.6564 0.6413
4.5492 1.9138 0.8112 0.5425 0.7927 0.2780 0.6606 0.6399
3.9744 1.5310 0.7807 -0.9701 -0.2040 0.1319 0.6523 0.6424
4.6524 1.8109 0.8030 0.8052 0.5168 0.2910 0.6563 0.6399
3.9957 1.7465 0.7979 -0.9170 0.3690 0.1511 0.6793 0.6433
4.7155 1.6038 0.7865 0.9574 -0.0228 0.2879 0.6500 0.6407
3.9744 1.6765 0.7923 -0.9729 0.1829 0.1418 0.6813 0.6440
4.7083 1.6765 0.7923 0.9421 0.1649 0.2919 0.6521 0.6403
4.0768 1.8675 0.8075 -0.7019 0.6900 0.1766 0.6752 0.6422
4.6870 1.4610 0.7752 0.8809 -0.3876 0.2718 0.6795 0.6415
4.1982 1.9483 0.8140 -0.3792 0.9016 0.2080 0.6711 0.6412
4.6059 1.3401 0.7655 0.6741 -0.6960 0.2472 0.6754 0.6405
4.1982 1.2592 0.7591 -0.3724 -0.9142 0.1600 0.6627 0.6401
4.3413 1.9767 0.8162 -0.0001 0.9708 0.2400 0.6669 0.6405
4.4845 1.2592 0.7591 0.3662 -0.9047 0.2176 0.6712 0.6399
4.0768 1.3401 0.7655 -0.6935 -0.7066 0.1404 0.6585 0.6408
4.4845 1.9483 0.8140 0.3751 0.8876 0.2674 0.6627 0.6400
3.9957 1.4610 0.7752 -0.9117 -0.3892 0.1316 0.6544 0.6418
4.6059 1.8675 0.8075 0.6877 0.6673 0.2860 0.6584 0.6399
3.9672 1.6038 0.7865 -0.9907 -0.0107 0.1353 0.6834 0.6447
4.6870 1.7465 0.7979 0.8909 0.3471 0.2930 0.6542 0.6401
4.0303 1.8109 0.8030 -0.8255 0.5404 0.1628 0.6773 0.6427
4.7083 1.5310 0.7807 0.9366 -0.2092 0.2810 0.6815 0.6422
4.1466 1.8456 1.1377 -0.5511 0.8121 0.1919 0.6713 0.6512
4.5648 1.4286 1.1045 0.7923 -0.5518 0.2603 0.6749 0.6507
4.2553 1.3008 1.0943 -0.1891 -0.9666 0.1729 0.6647 0.6498
4.2553 1.8905 1.1413 -0.1930 0.9552 0.2242 0.6680 0.6505
4.4816 1.3457 1.0979 0.5305 -0.8151 0.2328 0.6716 0.6500
4.1466 1.3457 1.0979 -0.5428 -0.8265 0.1490 0.6613 0.6503
4.3141 1.2950 1.0938 -0.0002 -0.9823 0.1871 0.6664 0.6497
4.3729 1.8905 1.1413 0.1918 0.9478 0.2545 0.6646 0.6500
4.3729 1.3008 1.0943 0.1872 -0.9613 0.2022 0.6681 0.6497
4.0634 1.4286 1.1045 -0.8182 -0.5590 0.1345 0.6579 0.6510
4.4816 1.8456 1.1377 0.5425 0.7927 0.2780 0.6611 0.6498
4.0184 1.5370 1.1131 -0.9701 -0.2040 0.1319 0.6546 0.6519
4.5648 1.7626 1.1311 0.8052 0.5168 0.2910 0.6577 0.6498
4.0355 1.7107 1.1269 -0.9170 0.3690 0.1511 0.6763 0.6525
4.6157 1.5956 1.1178 0.9574 -0.0228 0.2879 0.6526 0.6504
4.0184 1.6543 1.1224 -0.9729 0.1829 0.1418 0.6779 0.6531
4.6099 1.6543 1.1224 0.9421 0.1649 0.2919 0.6543 0.6501
4.1009 1.8082 1.1347 -0.7019 0.6900 0.1766 0.6730 0.6516
4.5927 1.4806 1.1086 0.8809 -0.3876 0.2718 0.6766 0.6512
4.1987 1.8734 1.1399 -0.3792 0.9016 0.2080 0.6697 0.6508
4.5274 1.3831 1.1008 0.6741 -0.6960 0.2472 0.6732 0.6503
4.1987 1.3179 1.0956 -0.3724 -0.9142 0.1600 0.6630 0.6500
4.3141 1.8963 1.1417 -0.0001 0.9708 0.2400 0.6663 0.6502
4.4295 1.3179 1.0956 0.3662 -0.9047 0.2176 0.6698 0.6498
4.1009 1.3831 1.1008 -0.6935 -0.7066 0.1404 0.6596 0.6506
4.4295 1.8734 1.1399 0.3751 0.8876 0.2674 0.6629 0.6498
4.0355 1.4806 1.1086 -0.9117 -0.3892 0.1316 0.6563 0.6514
4.5274 1.8082 1.1347 0.6877 0.6673 0.2860 0.6594 0.6497
4.0125 1.5956 1.1178 -0.9907 -0.0107 0.1353 0.6796 0.6536
4.5927 1.7107 1.1269 0.8909 0.3471 0.2930 0.6560 0.6499
4.0634 1.7626 1.1311 -0.8255 0.5404 0.1628 0.6747 0.6521
4.6099 1.5370 1.1131 0.9366 -0.2092 0.2810 0.6782 0.6517
4.1633 1.7585 1.5540 -0.5511 0.8121 0.1919 0.6690 0.6634
4.4532 1.4695 1.5310 0.7923 -0.5518 0.2603 0.6717 0.6631
4.2386 1.3809 1.5239 -0.1891 -0.9666 0.1729 0.6646 0.6625
4.2386 1.7896 1.5565 -0.1930 0.9552 0.2242 0.6666 0.6629
4.3955 1.4120 1.5264 0.5305 -0.8151 0.2328 0.6693 0.6627
4.1633 1.4120 1.5264 -0.5428 -0.8265 0.1490 0.6622 0.6628
4.2794 1.3769 1.5236 -0.0002 -0.9823 0.1871 0.6658 0.6625
4.3202 1.7896 1.5565 0.1918 0.9478 0.2545 0.6643 0.6625
4.3202 1.3809 1.5239 0.1872 -0.9613 0.2022 0.6670 0.6625
4.1056 1.4695 1.5310 -0.8182 -0.5590 0.1345 0.6599 0.6633
4.3955 1.7585 1.5540 0.5425 0.7927 0.2780 0.6619 0.6623
4.0744 1.5446 1.5369 -0.9701 -0.2040 0.1319 0.6576 0.6640
4.4532 1.7010 1.5494 0.8052 0.5168 0.2910 0.6595 0.6624
4.0863 1.6650 1.5465 -0.9170 0.3690 0.1511 0.6724 0.6643
4.4884 1.5853 1.5402 0.9574 -0.0228 0.2879 0.6560 0.6628
4.0744 1.6259 1.5434 -0.9729 0.1829 0.1418 0.6736 0.6647
4.4844 1.6259 1.5434 0.9421 0.1649 0.2919 0.6571 0.6626
4.1316 1.7326 1.5519 -0.7019 0.6900 0.1766 0.6701 0.6636
4.4725 1.5055 1.5338 0.8809 -0.3876 0.2718 0.6728 0.6635
4.1994 1.7778 1.5555 -0.3792 0.9016 0.2080 0.6678 0.6631
4.4272 1.4379 1.5284 0.6741 -0.6960 0.2472 0.6705 0.6629
4.1994 1.3928 1.5248 -0.3724 -0.9142 0.1600 0.6634 0.6627
4.2794 1.7937 1.5568 -0.0001 0.9708 0.2400 0.6655 0.6627
4.3594 1.3928 1.5248 0.3662 -0.9047 0.2176 0.6681 0.6625
4.1316 1.4379 1.5284 -0.6935 -0.7066 0.1404 0.6610 0.6631
4.3594 1.7778 1.5555 0.3751 0.8876 0.2674 0.6631 0.6624
4.0863 1.5055 1.5338 -0.9117 -0.3892 0.1316 0.6587 0.6636
4.4272 1.7326 1.5519 0.6877 0.6673 0.2860 0.6607 0.6623
4.0703 1.5853 1.5402 -0.9907 -0.0107 0.1353 0.6747 0.6650
4.4725 1.6650 1.5465 0.8909 0.3471 0.2930 0.6583 0.6625
4.1056 1.7010 1.5494 -0.8255 0.5404 0.1628 0.6713 0.6639
4.4844 1.5446 1.5369 0.9366 -0.2092 0.2810 0.6739 0.6639
4.1817 1.6620 2.0154 -0.5511 0.8121 0.1919 0.6664 0.6768
4.3294 1.5148 2.0037 0.7923 -0.5518 0.2603 0.6681 0.6770
4.2201 1.4697 2.0001 -0.1891 -0.9666 0.1729 0.6644 0.6767
4.2201 1.6779 2.0167 -0.1931 0.9552 0.2242 0.6652 0.6766
4.3000 1.4855 2.0014 0.5305 -0.8151 0.2328 0.6669 0.6767
4.1817 1.4855 2.0014 -0.5428 -0.8265 0.1490 0.6632 0.6768
4.2409 1.4676 1.9999 -0.0002 -0.9823 0.1871 0.6650 0.6766
4.2617 1.6779 2.0167 0.1918 0.9478 0.2545 0.6640 0.6764
4.2617 1.4697 2.0001 0.1872 -0.9613 0.2022 0.6657 0.6766
4.1524 1.5148 2.0037 -0.8182 -0.5590 0.1345 0.6620 0.6771
4.3000 1.6620 2.0154 0.5425 0.7927 0.2780 0.6628 0.6763
4.1365 1.5531 2.0067 -0.9701 -0.2040 0.1319 0.6609 0.6774
4.3294 1.6328 2.0131 0.8052 0.5168 0.2910 0.6615 0.6763
4.1425 1.6144 2.0116 -0.9170 0.3691 0.1511 0.6681 0.6773
4.3474 1.5738 2.0084 0.9574 -0.0228 0.2879 0.6698 0.6776
4.1365 1.5945 2.0100 -0.9729 0.1829 0.1418 0.6687 0.6775
4.3453 1.5945 2.0100 0.9421 0.1649 0.2919 0.6603 0.6765
4.1656 1.6488 2.0144 -0.7019 0.6900 0.1766 0.6670 0.6770
4.3393 1.5332 2.0051 0.8809 -0.3876 0.2718 0.6686 0.6771
4.2001 1.6719 2.0162 -0.3792 0.9016 0.2080 0.6658 0.6767
4.3162 1.4987 2.0024 0.6741 -0.6960 0.2472 0.6675 0.6768
4.2001 1.4757 2.0006 -0.3724 -0.9142 0.1600 0.6638 0.6767
4.2409 1.6799 2.0168 -0.0001 0.9708 0.2400 0.6646 0.6765
4.2816 1.4757 2.0006 0.3662 -0.9047 0.2176 0.6663 0.6767
4.1656 1.4987 2.0024 -0.6935 -0.7066 0.1404 0.6626 0.6769
4.2816 1.6719 2.0162 0.3751 0.8876 0.2674 0.6634 0.6764
4.1425 1.5332 2.0051 -0.9117 -0.3892 0.1316 0.6615 0.6772
4.3162 1.6488 2.0144 0.6877 0.6673 0.2860 0.6622 0.6763
4.1344 1.5738 2.0084 -0.9907 -0.0107 0.1353 0.6603 0.6776
4.3393 1.6144 2.0116 0.8909 0.3471 0.2930 0.6609 0.6764
4.1524 1.6328 2.0131 -0.8255 0.5404 0.1628 0.6676 0.6772
4.3453 1.5531 2.0067 0.9366 -0.2092 0.2810 0.6692 0.6773
3.8623 1.6092 -0.9954 -1.0000 -0.0061 0.0001 0.6431 0.5868
3.8623 1.6252 -0.0860 -0.9986 -0.0029 0.0534 0.6432 0.6131
3.8623 1.6092 -0.9954 -1.0000 -0.0061 0.0001 0.6431 0.5868
4.9639 1.6252 -0.0860 0.9913 -0.0089 0.1312 0.6931 0.6129
4.9639 1.6252 -0.0860 0.9913 -0.0089 0.1312 0.6931 0.6129
4.9639 1.6092 -0.9954 1.0000 -0.0061 0.0001 0.6930 0.5865
4.3474 1.5738 2.0084 0.9574 -0.0228 0.2879 0.6597 0.6766
4.1344 1.5738 2.0084 -0.9907 -0.0107 0.1353 0.6693 0.6777
4.1344 1.5738 2.0084 -0.9907 -0.0107 0.1353 0.6693 0.6777
3.9163 1.6129 0.4145 -0.9926 -0.0096 0.1212 0.6474 0.6326
3.9672 1.6038 0.7865 -0.9907 -0.0107 0.1353 0.6503 0.6431
3.9672 1.6038 0.7865 -0.9907 -0.0107 0.1353 0.6503 0.6431
4.8276 1.6129 0.4145 0.9612 -0.0218 0.2749 0.6875 0.6325
4.8276 1.6129 0.4145 0.9612 -0.0218 0.2749 0.6875 0.6325
4.7155 1.6038 0.7865 0.9574 -0.0228 0.2879 0.6835 0.6430
3.9672 1.6038 0.7865 -0.9907 -0.0107 0.1353 0.6503 0.6431
4.0125 1.5956 1.1178 -0.9907 -0.0107 0.1353 0.6530 0.6524
4.0125 1.5956 1.1178 -0.9907 -0.0107 0.1353 0.6530 0.6524
4.7155 1.6038 0.7865 0.9574 -0.0228 0.2879 0.6835 0.6430
4.7155 1.6038 0.7865 0.9574 -0.0228 0.2879 0.6835 0.6430
4.6157 1.5956 1.1178 0.9574 -0.0228 0.2879 0.6798 0.6524
4.0125 1.5956 1.1178 -0.9907 -0.0107 0.1353 0.6530 0.6524
4.0703 1.5853 1.5402 -0.9907 -0.0107 0.1353 0.6564 0.6644
4.0703 1.5853 1.5402 -0.9907 -0.0107 0.1353 0.6564 0.6644
4.6157 1.5956 1.1178 0.9574 -0.0228 0.2879 0.6798 0.6524
4.6157 1.5956 1.1178 0.9574 -0.0228 0.2879 0.6798 0.6524
4.4884 1.5853 1.5402 0.9574 -0.0228 0.2879 0.6750 0.6643
4.1344 1.5738 2.0084 -0.9907 -0.0107 0.1353 0.6693 0.6777
4.3474 1.5738 2.0084 0.9574 -0.0228 0.2879 0.6597 0.6766
4.3474 1.5738 2.0084 0.9574 -0.0228 0.2879 0.6597 0.6766
4.0703 1.5853 1.5402 -0.9907 -0.0107 0.1353 0.6564 0.6644
4.4884 1.5853 1.5402 0.9574 -0.0228 0.2879 0.6750 0.6643
4.4884 1.5853 1.5402 0.9574 -0.0228 0.2879 0.6750 0.6643
4.8026 1.2369 -0.1169 0.6984 -0.7061 0.1166 0.6807 0.6148
4.8026 1.2369 -0.1169 0.6984 -0.7061 0.1166 0.6807 0.6148
4.7191 1.1686 -0.1224 0.5492 -0.8284 0.1104 0.6776 0.6143
4.8711 1.3201 -0.1103 0.8214 -0.5572 0.1219 0.6837 0.6154
4.8711 1.3201 -0.1103 0.8214 -0.5572 0.1219 0.6837 0.6154
4.8026 1.2369 -0.1169 0.6984 -0.7061 0.1166 0.6807 0.6148
4.9220 1.4150 -0.1027 0.9134 -0.3871 0.1263 0.6868 0.6162
4.9220 1.4150 -0.1027 0.9134 -0.3871 0.1263 0.6868 0.6162
4.8711 1.3201 -0.1103 0.8214 -0.5572 0.1219 0.6837 0.6154
4.9534 1.5180 -0.0945 0.9708 -0.2020 0.1294 0.6897 0.6172
4.9534 1.5180 -0.0945 0.9708 -0.2020 0.1294 0.6897 0.6172
4.9220 1.4150 -0.1027 0.9134 -0.3871 0.1263 0.6868 0.6162
4.8276 1.6129 0.4145 0.9612 -0.0218 0.2749 0.6875 0.6325
4.9639 1.6252 -0.0860 0.9913 -0.0089 0.1312 0.6926 0.6184
4.9639 1.6252 -0.0860 0.9913 -0.0089 0.1312 0.6926 0.6184
4.9534 1.5180 -0.0945 0.9708 -0.2020 0.1294 0.6897 0.6172
4.9534 1.7323 -0.0774 0.9739 0.1849 0.1316 0.6467 0.6147
4.9534 1.7323 -0.0774 0.9739 0.1849 0.1316 0.6467 0.6147
4.9639 1.6252 -0.0860 0.9913 -0.0089 0.1312 0.6436 0.6152
4.9220 1.8353 -0.0692 0.9190 0.3720 0.1306 0.6498 0.6144
4.9220 1.8353 -0.0692 0.9190 0.3720 0.1306 0.6498 0.6144
4.9534 1.7323 -0.0774 0.9739 0.1849 0.1316 0.6467 0.6147
4.8711 1.9302 -0.0617 0.8286 0.5450 0.1282 0.6530 0.6142
4.8711 1.9302 -0.0617 0.8286 0.5450 0.1282 0.6530 0.6142
4.9220 1.8353 -0.0692 0.9190 0.3720 0.1306 0.6498 0.6144
4.8026 2.0134 -0.0550 0.7059 0.6973 0.1243 0.6561 0.6141
4.8026 2.0134 -0.0550 0.7059 0.6973 0.1243 0.6561 0.6141
4.8711 1.9302 -0.0617 0.8286 0.5450 0.1282 0.6530 0.6142
4.7191 2.0818 -0.0496 0.5558 0.8227 0.1192 0.6592 0.6142
4.7191 2.0818 -0.0496 0.5558 0.8227 0.1192 0.6592 0.6142
4.8026 2.0134 -0.0550 0.7059 0.6973 0.1243 0.6561 0.6141
4.6239 2.1325 -0.0456 0.3840 0.9164 0.1130 0.6623 0.6144
4.6239 2.1325 -0.0456 0.3840 0.9164 0.1130 0.6623 0.6144
4.7191 2.0818 -0.0496 0.5558 0.8227 0.1192 0.6592 0.6142
4.5206 2.1637 -0.0431 0.1971 0.9746 0.1059 0.6654 0.6147
4.5206 2.1637 -0.0431 0.1971 0.9746 0.1059 0.6654 0.6147
4.6239 2.1325 -0.0456 0.3840 0.9164 0.1130 0.6623 0.6144
4.4131 2.1743 -0.0422 0.0025 0.9952 0.0982 0.6685 0.6151
4.4131 2.1743 -0.0422 0.0025 0.9952 0.0982 0.6685 0.6151
4.5206 2.1637 -0.0431 0.1971 0.9746 0.1059 0.6654 0.6147
4.3056 2.1637 -0.0431 -0.1924 0.9772 0.0903 0.6716 0.6156
4.3056 2.1637 -0.0431 -0.1924 0.9772 0.0903 0.6716 0.6156
4.4131 2.1743 -0.0422 0.0025 0.9952 0.0982 0.6685 0.6151
4.2023 2.1325 -0.0456 -0.3801 0.9213 0.0825 0.6747 0.6162
4.2023 2.1325 -0.0456 -0.3801 0.9213 0.0825 0.6747 0.6162
4.3056 2.1637 -0.0431 -0.1924 0.9772 0.0903 0.6716 0.6156
4.1070 2.0818 -0.0496 -0.5532 0.8297 0.0750 0.6778 0.6168
4.1070 2.0818 -0.0496 -0.5532 0.8297 0.0750 0.6778 0.6168
4.2023 2.1325 -0.0456 -0.3801 0.9213 0.0825 0.6747 0.6162
4.0236 2.0134 -0.0550 -0.7051 0.7058 0.0683 0.6808 0.6176
4.0236 2.0134 -0.0550 -0.7051 0.7058 0.0683 0.6808 0.6176
4.1070 2.0818 -0.0496 -0.5532 0.8297 0.0750 0.6778 0.6168
3.9551 1.9302 -0.0617 -0.8299 0.5543 0.0626 0.6838 0.6183
3.9551 1.9302 -0.0617 -0.8299 0.5543 0.0626 0.6838 0.6183
4.0236 2.0134 -0.0550 -0.7051 0.7058 0.0683 0.6808 0.6176
3.9042 1.8353 -0.0692 -0.9227 0.3812 0.0581 0.6868 0.6192
3.9042 1.8353 -0.0692 -0.9227 0.3812 0.0581 0.6868 0.6192
3.9551 1.9302 -0.0617 -0.8299 0.5543 0.0626 0.6838 0.6183
3.8728 1.7323 -0.0774 -0.9797 0.1930 0.0550 0.6898 0.6200
3.8728 1.7323 -0.0774 -0.9797 0.1930 0.0550 0.6898 0.6200
3.9042 1.8353 -0.0692 -0.9227 0.3812 0.0581 0.6868 0.6192
3.8623 1.6252 -0.0860 -0.9986 -0.0029 0.0534 0.6928 0.6210
3.8623 1.6252 -0.0860 -0.9986 -0.0029 0.0534 0.6928 0.6210
3.8728 1.7323 -0.0774 -0.9797 0.1930 0.0550 0.6898 0.6200
3.9163 1.6129 0.4145 -0.9926 -0.0096 0.1212 0.6474 0.6326
3.8728 1.5180 -0.0945 -0.9786 -0.1986 0.0535 0.6467 0.6175
3.9163 1.6129 0.4145 -0.9926 -0.0096 0.1212 0.6474 0.6326
3.8728 1.5180 -0.0945 -0.9786 -0.1986 0.0535 0.6467 0.6175
3.8623 1.6252 -0.0860 -0.9986 -0.0029 0.0534 0.6437 0.6185
3.9042 1.4150 -0.1027 -0.9206 -0.3866 0.0550 0.6497 0.6167
3.9042 1.4150 -0.1027 -0.9206 -0.3866 0.0550 0.6497 0.6167
3.8728 1.5180 -0.0945 -0.9786 -0.1986 0.0535 0.6467 0.6175
3.9551 1.3201 -0.1103 -0.8270 -0.5592 0.0581 0.6528 0.6160
3.9551 1.3201 -0.1103 -0.8270 -0.5592 0.0581 0.6528 0.6160
3.9042 1.4150 -0.1027 -0.9206 -0.3866 0.0550 0.6497 0.6167
4.0236 1.2369 -0.1169 -0.7016 -0.7098 0.0625 0.6558 0.6153
4.0236 1.2369 -0.1169 -0.7016 -0.7098 0.0625 0.6558 0.6153
3.9551 1.3201 -0.1103 -0.8270 -0.5592 0.0581 0.6528 0.6160
4.1070 1.1686 -0.1224 -0.5496 -0.8327 0.0680 0.6589 0.6147
4.1070 1.1686 -0.1224 -0.5496 -0.8327 0.0680 0.6589 0.6147
4.0236 1.2369 -0.1169 -0.7016 -0.7098 0.0625 0.6558 0.6153
4.2023 1.1179 -0.1264 -0.3770 -0.9232 0.0743 0.6620 0.6143
4.2023 1.1179 -0.1264 -0.3770 -0.9232 0.0743 0.6620 0.6143
4.1070 1.1686 -0.1224 -0.5496 -0.8327 0.0680 0.6589 0.6147
4.3056 1.0866 -0.1289 -0.1906 -0.9783 0.0814 0.6651 0.6140
4.3056 1.0866 -0.1289 -0.1906 -0.9783 0.0814 0.6651 0.6140
4.2023 1.1179 -0.1264 -0.3770 -0.9232 0.0743 0.6620 0.6143
4.4131 1.0761 -0.1297 0.0023 -0.9961 0.0887 0.6682 0.6138
4.4131 1.0761 -0.1297 0.0023 -0.9961 0.0887 0.6682 0.6138
4.3056 1.0866 -0.1289 -0.1906 -0.9783 0.0814 0.6651 0.6140
4.5206 1.0866 -0.1289 0.1947 -0.9761 0.0962 0.6714 0.6138
4.5206 1.0866 -0.1289 0.1947 -0.9761 0.0962 0.6714 0.6138
4.4131 1.0761 -0.1297 0.0023 -0.9961 0.0887 0.6682 0.6138
4.6239 1.1179 -0.1264 0.3792 -0.9195 0.1035 0.6745 0.6140
4.6239 1.1179 -0.1264 0.3792 -0.9195 0.1035 0.6745 0.6140
4.5206 1.0866 -0.1289 0.1947 -0.9761 0.0962 0.6714 0.6138
4.7191 1.1686 -0.1224 0.5492 -0.8284 0.1104 0.6776 0.6143
4.7191 1.1686 -0.1224 0.5492 -0.8284 0.1104 0.6776 0.6143
4.6239 1.1179 -0.1264 0.3792 -0.9195 0.1035 0.6745 0.6140
51 4 35
51 20 4
28 44 12
28 60 44
60 13 44
60 29 13
16 32 0
16 48 32
48 1 32
48 17 1
25 40 56
25 9 40
40 24 56
40 8 24
30 45 61
30 14 45
45 29 61
45 13 29
21 36 52
21 5 36
36 20 52
36 4 20
26 41 57
26 10 41
41 25 57
41 9 25
18 33 49
18 2 33
33 17 49
33 1 17
22 37 53
22 6 37
37 21 53
37 5 21
23 39 7
23 55 39
55 8 39
55 24 8
19 34 50
19 3 34
34 18 50
34 2 18
31 47 63
31 15 47
47 30 63
47 14 30
27 42 58
27 11 42
42 26 58
42 10 26
23 38 54
23 7 38
38 22 54
38 6 22
16 46 62
16 0 46
46 31 62
46 15 31
27 43 11
27 59 43
256 12 257
258 28 12
19 259 3
19 261 260
237 69 254
237 84 69
238 76 255
238 91 76
224 86 243
224 70 86
225 93 244
225 77 93
241 70 224
241 85 70
226 80 245
226 64 80
242 77 225
242 92 77
227 87 246
227 71 87
230 64 226
230 95 64
228 94 247
228 78 94
243 71 227
243 86 71
229 81 248
229 65 81
244 78 228
244 93 78
231 88 249
231 72 88
245 65 229
245 80 65
232 95 230
232 79 95
246 72 231
246 87 72
233 82 250
233 66 82
247 79 232
247 94 79
234 89 251
234 73 89
248 66 233
248 81 66
249 73 234
249 88 73
235 83 252
235 67 83
236 90 253
236 74 90
250 67 235
250 82 67
251 74 236
251 89 74
239 84 237
239 68 84
240 91 262
240 75 91
263 68 239
264 83 68
255 92 242
255 76 92
253 75 240
253 90 75
254 85 241
254 69 85
124 145 125
124 158 145
122 144 123
122 157 144
126 146 127
126 159 146
120 143 121
120 156 143
123 142 119
123 144 142
121 141 118
121 143 141
116 140 117
116 155 140
114 139 115
114 154 139
117 157 122
117 140 157
115 266 265
115 139 267
112 138 113
112 153 138
110 137 111
110 152 137
113 155 116
113 138 155
108 136 109
108 151 136
111 154 114
111 137 154
106 135 107
106 150 135
109 134 105
109 136 134
103 133 104
103 149 133
107 153 112
107 135 153
101 132 102
101 148 132
104 152 110
104 133 152
99 131 100
99 147 131
102 151 108
102 132 151
105 130 98
105 134 130
100 150 106
100 131 150
127 129 97
127 146 129
98 149 103
98 130 149
125 128 96
125 145 128
97 148 101
97 129 148
96 147 99
96 128 147
268 159 126
269 270 159
118 158 124
118 141 158
158 177 145
158 190 177
157 176 144
157 189 176
159 178 146
159 191 178
156 175 143
156 188 175
144 174 142
144 176 174
143 173 141
143 175 173
155 172 140
155 187 172
154 171 139
154 186 171
140 189 157
140 172 189
139 272 271
139 171 273
153 170 138
153 185 170
152 169 137
152 184 169
138 187 155
138 170 187
151 168 136
151 183 168
137 186 154
137 169 186
150 167 135
150 182 167
136 166 134
136 168 166
149 165 133
149 181 165
135 185 153
135 167 185
148 164 132
148 180 164
133 184 152
133 165 184
147 163 131
147 179 163
132 183 151
132 164 183
134 162 130
134 166 162
131 182 150
131 163 182
146 161 129
146 178 161
130 181 149
130 162 181
145 160 128
145 177 160
129 180 148
129 161 180
128 179 147
128 160 179
274 191 159
275 276 191
141 190 158
141 173 190
190 209 177
190 222 209
189 208 176
189 221 208
191 210 178
191 223 210
188 207 175
188 220 207
176 206 174
176 208 206
175 205 173
175 207 205
187 204 172
187 219 204
186 203 171
186 218 203
172 221 189
172 204 221
171 278 277
171 203 279
185 202 170
185 217 202
184 201 169
184 216 201
170 219 187
170 202 219
183 200 168
183 215 200
169 218 186
169 201 218
182 199 167
182 214 199
168 198 166
168 200 198
181 197 165
181 213 197
167 217 185
167 199 217
180 196 164
180 212 196
165 216 184
165 197 216
179 195 163
179 211 195
164 215 183
164 196 215
166 194 162
166 198 194
163 214 182
163 195 214
178 193 161
178 210 193
162 213 181
162 194 213
177 192 160
177 209 192
161 212 180
161 193 212
160 211 179
160 192 211
280 223 191
281 282 223
173 222 190
173 205 222
222 241 209
222 254 241
221 240 208
221 253 240
223 242 210
223 255 242
220 239 207
220 283 239
208 284 206
208 240 285
207 237 205
207 239 237
219 236 204
219 251 236
218 235 203
218 250 235
204 253 221
204 236 253
203 252 286
203 235 252
217 234 202
217 249 234
216 233 201
216 248 233
202 251 219
202 234 251
215 232 200
215 247 232
201 250 218
201 233 250
214 231 199
214 246 231
200 230 198
200 232 230
213 229 197
213 245 229
199 249 217
199 231 249
212 228 196
212 244 228
197 248 216
197 229 248
211 227 195
211 243 227
196 247 215
196 228 247
198 226 194
198 230 226
195 246 214
195 227 246
210 225 193
210 242 225
194 245 213
194 226 245
209 224 192
209 241 224
193 244 212
193 225 244
192 243 211
192 224 243
287 255 223
288 238 255
205 254 222
205 237 254
102 289 101
102 291 290
101 292 97
101 294 293
97 295 127
97 297 296
127 298 126
127 300 299
126 302 301
126 304 303
119 305 123
119 307 306
123 308 122
123 310 309
122 311 117
122 313 312
117 314 116
117 316 315
116 317 113
116 319 318
113 320 112
113 322 321
112 323 107
112 325 324
107 326 106
107 328 327
106 329 100
106 331 330
100 332 99
100 334 333
99 335 96
99 337 336
96 338 125
96 340 339
125 341 124
125 343 342
124 344 118
124 346 345
118 347 121
118 349 348
121 350 120
121 352 351
353 354 115
355 357 356
115 358 114
115 360 359
114 361 111
114 363 362
111 364 110
111 366 365
110 367 104
110 369 368
104 370 103
104 372 371
103 373 98
103 375 374
98 376 105
98 378 377
105 379 109
105 381 380
109 382 108
109 384 383
108 385 102
108 387 386
LABEL BayDoorSA
MATERIAL 2
TEXTURE 2
FLAG 0
GEOM 208 100
0.0000 1.0370 -1.8551 0.0128 0.9999 -0.0005 0.4188 0.0265
0.0000 1.0404 4.7947 0.0042 1.0000 -0.0005 0.4183 0.2169
0.0000 1.0002 -1.8551 -0.1315 -0.9913 0.0005 0.9363 0.2162
0.0000 1.0035 4.7948 -0.1315 -0.9913 0.0005 0.9358 0.0284
0.8605 0.4952 4.7980 0.7102 0.7040 0.0021 0.3883 0.2169
0.2606 0.9862 -1.8551 0.3571 0.9341 0.0001 0.4112 0.0264
0.4707 0.8661 -1.8551 0.5935 0.8049 0.0010 0.4042 0.0264
0.6784 0.6937 -1.8551 0.6794 0.7337 0.0018 0.3965 0.0264
0.8828 0.4952 -1.8551 0.7102 0.7040 0.0021 0.3883 0.0264
0.3323 0.9537 -1.8551 0.4727 0.8812 0.0004 0.4089 0.0264
0.8146 0.5614 -1.8551 0.7003 0.7139 0.0020 0.3910 0.0264
0.7465 0.6275 -1.8551 0.6962 0.7178 0.0019 0.3938 0.0264
0.1753 1.0120 -1.8551 0.2498 0.9683 -0.0002 0.4137 0.0264
0.6095 0.7535 -1.8551 0.6512 0.7589 0.0016 0.3991 0.0264
0.0885 1.0290 -1.8551 0.1449 0.9894 -0.0004 0.4163 0.0264
0.5404 0.8104 -1.8551 0.6388 0.7694 0.0013 0.4017 0.0264
0.4009 0.9118 -1.8551 0.5429 0.8398 0.0007 0.4066 0.0264
0.7949 0.5639 4.7977 0.7003 0.7139 0.0020 0.3910 0.2169
0.6603 0.6942 4.7972 0.6794 0.7338 0.0018 0.3964 0.2169
0.5929 0.7529 4.7970 0.6512 0.7589 0.0016 0.3990 0.2169
0.5255 0.8116 4.7967 0.6388 0.7694 0.0013 0.4015 0.2169
0.4585 0.8671 4.7964 0.5935 0.8049 0.0010 0.4040 0.2169
0.3914 0.9125 4.7962 0.5429 0.8398 0.0007 0.4063 0.2169
0.3238 0.9561 4.7959 0.4728 0.8812 0.0004 0.4086 0.2169
0.2541 0.9876 4.7956 0.3571 0.9341 0.0001 0.4108 0.2169
0.1720 1.0145 4.7953 0.2498 0.9683 -0.0002 0.4133 0.2169
0.0865 1.0324 4.7950 0.1450 0.9894 -0.0004 0.4158 0.2169
0.7264 0.6280 4.7975 0.6962 0.7178 0.0019 0.3937 0.2169
0.8321 0.4670 4.7979 -0.7102 -0.7040 -0.0021 0.9072 0.0284
0.2463 0.9487 -1.8551 -0.3571 -0.9341 -0.0001 0.9292 0.2162
0.4469 0.8339 -1.8551 -0.5935 -0.8049 -0.0010 0.9227 0.2162
0.6512 0.6644 -1.8552 -0.6794 -0.7337 -0.0018 0.9152 0.2162
0.8544 0.4670 -1.8552 -0.7102 -0.7040 -0.0021 0.9072 0.2163
0.3133 0.9184 -1.8551 -0.4727 -0.8812 -0.0004 0.9271 0.2162
0.7866 0.5328 -1.8552 -0.7003 -0.7139 -0.0020 0.9098 0.2163
0.7186 0.5988 -1.8552 -0.6962 -0.7178 -0.0019 0.9125 0.2162
0.1653 0.9732 -1.8551 -0.2498 -0.9683 0.0002 0.9316 0.2162
0.5835 0.7231 -1.8551 -0.6512 -0.7589 -0.0016 0.9177 0.2162
0.0826 0.9893 -1.8551 -0.1649 -0.9863 0.0004 0.9340 0.2162
0.5148 0.7796 -1.8551 -0.6388 -0.7694 -0.0013 0.9202 0.2162
0.3792 0.8782 -1.8551 -0.5429 -0.8398 -0.0007 0.9250 0.2162
0.7668 0.5353 4.7976 -0.7003 -0.7139 -0.0020 0.9098 0.0284
0.6331 0.6648 4.7972 -0.6794 -0.7338 -0.0018 0.9151 0.0284
0.5668 0.7225 4.7969 -0.6512 -0.7589 -0.0016 0.9176 0.0284
0.5000 0.7809 4.7967 -0.6388 -0.7694 -0.0013 0.9201 0.0284
0.4347 0.8349 4.7964 -0.5935 -0.8049 -0.0010 0.9225 0.0284
0.3697 0.8790 4.7961 -0.5429 -0.8398 -0.0007 0.9247 0.0284
0.3048 0.9208 4.7959 -0.4728 -0.8812 -0.0004 0.9269 0.0284
0.2398 0.9501 4.7956 -0.3571 -0.9341 -0.0001 0.9289 0.0284
0.1620 0.9757 4.7953 -0.2498 -0.9683 0.0002 0.9312 0.0284
0.0807 0.9928 4.7950 -0.1649 -0.9863 0.0004 0.9335 0.0284
0.6986 0.5993 4.7974 -0.6962 -0.7178 -0.0019 0.9125 0.0284
0.1753 1.0120 -1.8551 -0.0001 -0.0002 -1.0000 0.9340 0.5555
0.1653 0.9732 -1.8551 -0.0001 -0.0002 -1.0000 0.9328 0.5559
0.2463 0.9487 -1.8551 -0.0000 0.0001 -1.0000 0.9335 0.5583
0.1753 1.0120 -1.8551 -0.0001 -0.0002 -1.0000 0.9340 0.5555
0.2463 0.9487 -1.8551 -0.0000 0.0001 -1.0000 0.9335 0.5583
0.2606 0.9862 -1.8551 -0.0000 0.0001 -1.0000 0.9347 0.5581
0.4009 0.9118 -1.8551 0.0003 0.0006 -1.0000 0.9350 0.5629
0.3792 0.8782 -1.8551 0.0003 0.0006 -1.0000 0.9338 0.5628
0.4469 0.8339 -1.8551 0.0005 0.0008 -1.0000 0.9338 0.5653
0.4009 0.9118 -1.8551 0.0003 0.0006 -1.0000 0.9350 0.5629
0.4469 0.8339 -1.8551 0.0005 0.0008 -1.0000 0.9338 0.5653
0.4707 0.8661 -1.8551 0.0005 0.0008 -1.0000 0.9350 0.5654
0.6095 0.7535 -1.8551 0.0010 0.0013 -1.0000 0.9343 0.5707
0.5835 0.7231 -1.8551 0.0010 0.0013 -1.0000 0.9331 0.5705
0.6512 0.6644 -1.8552 0.0012 0.0013 -1.0000 0.9327 0.5731
0.6095 0.7535 -1.8551 0.0010 0.0013 -1.0000 0.9343 0.5707
0.6512 0.6644 -1.8552 0.0012 0.0013 -1.0000 0.9327 0.5731
0.6784 0.6937 -1.8551 0.0012 0.0013 -1.0000 0.9339 0.5734
0.8146 0.5614 -1.8551 0.0014 0.0015 -1.0000 0.9327 0.5789
0.7866 0.5328 -1.8552 0.0014 0.0015 -1.0000 0.9315 0.5787
0.8544 0.4670 -1.8552 0.0014 0.0015 -1.0000 0.9309 0.5814
0.8146 0.5614 -1.8551 0.0014 0.0015 -1.0000 0.9327 0.5789
0.8544 0.4670 -1.8552 0.0014 0.0015 -1.0000 0.9309 0.5814
0.8828 0.4952 -1.8551 0.0014 0.0015 -1.0000 0.9321 0.5817
0.8828 0.4952 -1.8551 0.7040 -0.7102 0.0024 0.9229 0.5817
0.8544 0.4670 -1.8552 0.7040 -0.7102 0.0024 0.9241 0.5817
0.8321 0.4670 4.7979 0.7040 -0.7102 0.0024 0.9241 0.3825
0.8828 0.4952 -1.8551 0.7040 -0.7102 0.0024 0.9229 0.5817
0.8321 0.4670 4.7979 0.7040 -0.7102 0.0024 0.9241 0.3825
0.8605 0.4952 4.7980 0.7040 -0.7102 0.0024 0.9229 0.3825
0.0000 1.0370 -1.8551 -0.0001 -0.0005 -1.0000 0.9318 0.5507
0.0000 1.0002 -1.8551 -0.0001 -0.0005 -1.0000 0.9309 0.5513
0.0826 0.9893 -1.8551 -0.0001 -0.0004 -1.0000 0.9319 0.5535
0.0000 1.0370 -1.8551 -0.0001 -0.0005 -1.0000 0.9318 0.5507
0.0826 0.9893 -1.8551 -0.0001 -0.0004 -1.0000 0.9319 0.5535
0.0885 1.0290 -1.8551 -0.0001 -0.0004 -1.0000 0.9330 0.5531
0.6784 0.6937 -1.8551 0.0012 0.0013 -1.0000 0.9339 0.5734
0.6512 0.6644 -1.8552 0.0012 0.0013 -1.0000 0.9327 0.5731
0.7186 0.5988 -1.8552 0.0013 0.0014 -1.0000 0.9321 0.5759
0.6784 0.6937 -1.8551 0.0012 0.0013 -1.0000 0.9339 0.5734
0.7186 0.5988 -1.8552 0.0013 0.0014 -1.0000 0.9321 0.5759
0.7465 0.6275 -1.8551 0.0013 0.0014 -1.0000 0.9333 0.5761
0.7465 0.6275 -1.8551 0.0013 0.0014 -1.0000 0.9333 0.5761
0.7186 0.5988 -1.8552 0.0013 0.0014 -1.0000 0.9321 0.5759
0.7866 0.5328 -1.8552 0.0014 0.0015 -1.0000 0.9315 0.5787
0.7465 0.6275 -1.8551 0.0013 0.0014 -1.0000 0.9333 0.5761
0.7866 0.5328 -1.8552 0.0014 0.0015 -1.0000 0.9315 0.5787
0.8146 0.5614 -1.8551 0.0014 0.0015 -1.0000 0.9327 0.5789
0.0885 1.0290 -1.8551 -0.0001 -0.0004 -1.0000 0.9330 0.5531
0.0826 0.9893 -1.8551 -0.0001 -0.0004 -1.0000 0.9319 0.5535
0.1653 0.9732 -1.8551 -0.0001 -0.0002 -1.0000 0.9328 0.5559
0.0885 1.0290 -1.8551 -0.0001 -0.0004 -1.0000 0.9330 0.5531
0.1653 0.9732 -1.8551 -0.0001 -0.0002 -1.0000 0.9328 0.5559
0.1753 1.0120 -1.8551 -0.0001 -0.0002 -1.0000 0.9340 0.5555
0.5404 0.8104 -1.8551 0.0008 0.0011 -1.0000 0.9347 0.5680
0.5148 0.7796 -1.8551 0.0008 0.0011 -1.0000 0.9335 0.5678
0.5835 0.7231 -1.8551 0.0010 0.0013 -1.0000 0.9331 0.5705
0.5404 0.8104 -1.8551 0.0008 0.0011 -1.0000 0.9347 0.5680
0.5835 0.7231 -1.8551 0.0010 0.0013 -1.0000 0.9331 0.5705
0.6095 0.7535 -1.8551 0.0010 0.0013 -1.0000 0.9343 0.5707
0.4707 0.8661 -1.8551 0.0005 0.0008 -1.0000 0.9350 0.5654
0.4469 0.8339 -1.8551 0.0005 0.0008 -1.0000 0.9338 0.5653
0.5148 0.7796 -1.8551 0.0008 0.0011 -1.0000 0.9335 0.5678
0.4707 0.8661 -1.8551 0.0005 0.0008 -1.0000 0.9350 0.5654
0.5148 0.7796 -1.8551 0.0008 0.0011 -1.0000 0.9335 0.5678
0.5404 0.8104 -1.8551 0.0008 0.0011 -1.0000 0.9347 0.5680
0.3323 0.9537 -1.8551 0.0001 0.0004 -1.0000 0.9350 0.5604
0.3133 0.9184 -1.8551 0.0001 0.0004 -1.0000 0.9338 0.5605
0.3792 0.8782 -1.8551 0.0003 0.0006 -1.0000 0.9338 0.5628
0.3323 0.9537 -1.8551 0.0001 0.0004 -1.0000 0.9350 0.5604
0.3792 0.8782 -1.8551 0.0003 0.0006 -1.0000 0.9338 0.5628
0.4009 0.9118 -1.8551 0.0003 0.0006 -1.0000 0.9350 0.5629
0.2606 0.9862 -1.8551 -0.0000 0.0001 -1.0000 0.9347 0.5581
0.2463 0.9487 -1.8551 -0.0000 0.0001 -1.0000 0.9335 0.5583
0.3133 0.9184 -1.8551 0.0001 0.0004 -1.0000 0.9338 0.5605
0.2606 0.9862 -1.8551 -0.0000 0.0001 -1.0000 0.9347 0.5581
0.3133 0.9184 -1.8551 0.0001 0.0004 -1.0000 0.9338 0.5605
0.3323 0.9537 -1.8551 0.0001 0.0004 -1.0000 0.9350 0.5604
0.0865 1.0324 4.7950 -0.0032 0.0008 1.0000 0.9330 0.5157
0.0807 0.9928 4.7950 -0.0032 0.0008 1.0000 0.9320 0.5152
0.0000 1.0035 4.7948 -0.0031 0.0007 1.0000 0.9309 0.5174
0.0865 1.0324 4.7950 -0.0032 0.0008 1.0000 0.9330 0.5157
0.0000 1.0035 4.7948 -0.0031 0.0007 1.0000 0.9309 0.5174
0.0000 1.0404 4.7947 -0.0031 0.0002 1.0000 0.9318 0.5180
0.8605 0.4952 4.7980 -0.0034 0.0005 1.0000 0.9321 0.4875
0.8321 0.4670 4.7979 -0.0034 0.0005 1.0000 0.9309 0.4877
0.7668 0.5353 4.7976 -0.0033 0.0004 1.0000 0.9316 0.4905
0.8605 0.4952 4.7980 -0.0034 0.0005 1.0000 0.9321 0.4875
0.7668 0.5353 4.7976 -0.0033 0.0004 1.0000 0.9316 0.4905
0.7949 0.5639 4.7977 -0.0033 0.0004 1.0000 0.9327 0.4902
0.7264 0.6280 4.7975 -0.0031 0.0003 1.0000 0.9333 0.4930
0.6986 0.5993 4.7974 -0.0031 0.0003 1.0000 0.9321 0.4932
0.6331 0.6648 4.7972 -0.0032 0.0005 1.0000 0.9327 0.4960
0.7264 0.6280 4.7975 -0.0031 0.0003 1.0000 0.9333 0.4930
0.6331 0.6648 4.7972 -0.0032 0.0005 1.0000 0.9327 0.4960
0.6603 0.6942 4.7972 -0.0032 0.0005 1.0000 0.9338 0.4957
0.6603 0.6942 4.7972 -0.0032 0.0005 1.0000 0.9338 0.4957
0.6331 0.6648 4.7972 -0.0032 0.0005 1.0000 0.9327 0.4960
0.5668 0.7225 4.7969 -0.0033 0.0007 1.0000 0.9330 0.4986
0.6603 0.6942 4.7972 -0.0032 0.0005 1.0000 0.9338 0.4957
0.5668 0.7225 4.7969 -0.0033 0.0007 1.0000 0.9330 0.4986
0.5929 0.7529 4.7970 -0.0033 0.0007 1.0000 0.9342 0.4984
0.5929 0.7529 4.7970 -0.0033 0.0007 1.0000 0.9342 0.4984
0.5668 0.7225 4.7969 -0.0033 0.0007 1.0000 0.9330 0.4986
0.5000 0.7809 4.7967 -0.0032 0.0009 1.0000 0.9334 0.5012
0.5929 0.7529 4.7970 -0.0033 0.0007 1.0000 0.9342 0.4984
0.5000 0.7809 4.7967 -0.0032 0.0009 1.0000 0.9334 0.5012
0.5255 0.8116 4.7967 -0.0032 0.0009 1.0000 0.9346 0.5010
0.5255 0.8116 4.7967 -0.0032 0.0009 1.0000 0.9346 0.5010
0.5000 0.7809 4.7967 -0.0032 0.0009 1.0000 0.9334 0.5012
0.4347 0.8349 4.7964 -0.0032 0.0012 1.0000 0.9337 0.5037
0.5255 0.8116 4.7967 -0.0032 0.0009 1.0000 0.9346 0.5010
0.4347 0.8349 4.7964 -0.0032 0.0012 1.0000 0.9337 0.5037
0.4585 0.8671 4.7964 -0.0032 0.0012 1.0000 0.9349 0.5036
0.4585 0.8671 4.7964 -0.0032 0.0012 1.0000 0.9349 0.5036
0.4347 0.8349 4.7964 -0.0032 0.0012 1.0000 0.9337 0.5037
0.3697 0.8790 4.7961 -0.0033 0.0013 1.0000 0.9338 0.5061
0.4585 0.8671 4.7964 -0.0032 0.0012 1.0000 0.9349 0.5036
0.3697 0.8790 4.7961 -0.0033 0.0013 1.0000 0.9338 0.5061
0.3914 0.9125 4.7962 -0.0033 0.0013 1.0000 0.9350 0.5061
0.3914 0.9125 4.7962 -0.0033 0.0013 1.0000 0.9350 0.5061
0.3697 0.8790 4.7961 -0.0033 0.0013 1.0000 0.9338 0.5061
0.3048 0.9208 4.7959 -0.0035 0.0014 1.0000 0.9338 0.5084
0.3914 0.9125 4.7962 -0.0033 0.0013 1.0000 0.9350 0.5061
0.3048 0.9208 4.7959 -0.0035 0.0014 1.0000 0.9338 0.5084
0.3238 0.9561 4.7959 -0.0035 0.0014 1.0000 0.9350 0.5085
0.3238 0.9561 4.7959 -0.0035 0.0014 1.0000 0.9350 0.5085
0.3048 0.9208 4.7959 -0.0035 0.0014 1.0000 0.9338 0.5084
0.2398 0.9501 4.7956 -0.0034 0.0013 1.0000 0.9335 0.5105
0.3238 0.9561 4.7959 -0.0035 0.0014 1.0000 0.9350 0.5085
0.2398 0.9501 4.7956 -0.0034 0.0013 1.0000 0.9335 0.5105
0.2541 0.9876 4.7956 -0.0034 0.0013 1.0000 0.9346 0.5107
0.2541 0.9876 4.7956 -0.0034 0.0013 1.0000 0.9346 0.5107
0.2398 0.9501 4.7956 -0.0034 0.0013 1.0000 0.9335 0.5105
0.1620 0.9757 4.7953 -0.0032 0.0010 1.0000 0.9328 0.5129
0.2541 0.9876 4.7956 -0.0034 0.0013 1.0000 0.9346 0.5107
0.1620 0.9757 4.7953 -0.0032 0.0010 1.0000 0.9328 0.5129
0.1720 1.0145 4.7953 -0.0032 0.0010 1.0000 0.9340 0.5132
0.1720 1.0145 4.7953 -0.0032 0.0010 1.0000 0.9340 0.5132
0.1620 0.9757 4.7953 -0.0032 0.0010 1.0000 0.9328 0.5129
0.0807 0.9928 4.7950 -0.0032 0.0008 1.0000 0.9320 0.5152
0.1720 1.0145 4.7953 -0.0032 0.0010 1.0000 0.9340 0.5132
0.0807 0.9928 4.7950 -0.0032 0.0008 1.0000 0.9320 0.5152
0.0865 1.0324 4.7950 -0.0032 0.0008 1.0000 0.9330 0.5157
0.7949 0.5639 4.7977 -0.0033 0.0004 1.0000 0.9327 0.4902
0.7668 0.5353 4.7976 -0.0033 0.0004 1.0000 0.9316 0.4905
0.6986 0.5993 4.7974 -0.0031 0.0003 1.0000 0.9321 0.4932
0.7949 0.5639 4.7977 -0.0033 0.0004 1.0000 0.9327 0.4902
0.6986 0.5993 4.7974 -0.0031 0.0003 1.0000 0.9321 0.4932
0.7264 0.6280 4.7975 -0.0031 0.0003 1.0000 0.9333 0.4930
0.0000 1.0404 4.7947 -0.9962 -0.0872 0.0000 0.9270 0.5817
0.0000 1.0035 4.7948 -1.0000 0.0000 0.0000 0.9281 0.5817
0.0000 1.0002 -1.8551 -1.0000 0.0000 0.0000 0.9281 0.3826
0.0000 1.0404 4.7947 -0.9962 -0.0872 0.0000 0.9270 0.5817
0.0000 1.0002 -1.8551 -1.0000 0.0000 0.0000 0.9281 0.3826
0.0000 1.0370 -1.8551 -0.9969 -0.0786 0.0000 0.9270 0.3826
26 0 1
26 14 0
4 10 17
4 8 10
27 7 18
27 11 7
18 13 19
18 7 13
19 15 20
19 13 15
20 6 21
20 15 6
21 16 22
21 6 16
22 9 23
22 16 9
23 5 24
23 9 5
24 12 25
24 5 12
25 14 26
25 12 14
17 11 27
17 10 11
50 2 38
50 3 2
28 34 32
28 41 34
51 31 35
51 42 31
42 37 31
42 43 37
43 39 37
43 44 39
44 30 39
44 45 30
45 40 30
45 46 40
46 33 40
46 47 33
47 29 33
47 48 29
48 36 29
48 49 36
49 38 36
49 50 38
41 35 34
41 51 35
52 54 53
55 57 56
58 60 59
61 63 62
64 66 65
67 69 68
70 72 71
73 75 74
76 78 77
79 81 80
82 84 83
85 87 86
88 90 89
91 93 92
94 96 95
97 99 98
100 102 101
103 105 104
106 108 107
109 111 110
112 114 113
115 117 116
118 120 119
121 123 122
124 126 125
127 129 128
130 132 131
133 135 134
136 138 137
139 141 140
142 144 143
145 147 146
148 150 149
151 153 152
154 156 155
157 159 158
160 162 161
163 165 164
166 168 167
169 171 170
172 174 173
175 177 176
178 180 179
181 183 182
184 186 185
187 189 188
190 192 191
193 195 194
196 198 197
199 201 200
202 204 203
205 207 206
LABEL BayDoorSF
MATERIAL 2
TEXTURE 2
FLAG 0
GEOM 208 100
0.0000 1.0414 6.7411 0.0048 1.0000 -0.0003 0.4176 0.2788
0.0000 1.0404 4.7947 0.0076 1.0000 -0.0003 0.4182 0.2187
0.0000 1.0039 6.7411 -0.1272 -0.9919 0.0004 0.9358 0.1094
0.0000 1.0029 4.7947 -0.1272 -0.9919 0.0004 0.9354 0.0597
0.8605 0.4952 4.7980 0.6977 0.7121 0.0778 0.3858 0.2186
0.2594 0.9576 6.7406 0.6433 0.7655 0.0124 0.4091 0.2787
0.4474 0.7572 6.7402 0.7688 0.6377 0.0482 0.4006 0.2787
0.6529 0.4950 6.7474 0.7348 0.6738 0.0778 0.3903 0.2790
0.5249 0.6600 6.7406 0.8122 0.5800 0.0622 0.3967 0.2788
0.5701 0.6017 6.7430 0.8277 0.5570 0.0685 0.3944 0.2789
0.3978 0.8125 6.7403 0.7384 0.6731 0.0410 0.4029 0.2787
0.3539 0.8614 6.7403 0.7305 0.6821 0.0327 0.4049 0.2787
0.3055 0.9106 6.7405 0.7325 0.6804 0.0231 0.4070 0.2787
0.1819 1.0075 6.7408 0.4211 0.9070 0.0038 0.4119 0.2788
0.0963 1.0318 6.7410 0.1983 0.9801 0.0002 0.4147 0.2788
0.7949 0.5639 4.7977 0.7003 0.7099 0.0745 0.3888 0.2186
0.6603 0.6942 4.7972 0.6709 0.7390 0.0623 0.3946 0.2186
0.5929 0.7529 4.7970 0.6543 0.7542 0.0550 0.3973 0.2186
0.5255 0.8116 4.7967 0.6505 0.7579 0.0483 0.4001 0.2186
0.4585 0.8671 4.7964 0.5993 0.7995 0.0410 0.4028 0.2186
0.3914 0.9125 4.7962 0.5490 0.8352 0.0327 0.4053 0.2186
0.3238 0.9561 4.7959 0.4781 0.8780 0.0231 0.4078 0.2186
0.2541 0.9876 4.7956 0.3615 0.9323 0.0124 0.4101 0.2187
0.1720 1.0145 4.7953 0.2544 0.9671 0.0038 0.4128 0.2187
0.0865 1.0324 4.7950 0.1675 0.9859 0.0002 0.4155 0.2187
0.7264 0.6280 4.7975 0.6952 0.7155 0.0696 0.3917 0.2186
0.4862 0.7086 6.7404 0.7953 0.6038 0.0550 0.3986 0.2787
0.6115 0.5484 6.7452 0.8219 0.5647 0.0742 0.3924 0.2789
0.8305 0.4689 4.7949 -0.7491 -0.6580 -0.0769 0.9613 0.0596
0.2394 0.9228 6.7401 -0.4987 -0.8667 -0.0124 0.9423 0.1094
0.4195 0.7286 6.7382 -0.6991 -0.7134 -0.0482 0.9491 0.1093
0.6229 0.4687 6.7443 -0.7490 -0.6580 -0.0778 0.9575 0.1096
0.4958 0.6326 6.7382 -0.7263 -0.6845 -0.0622 0.9522 0.1093
0.5407 0.5748 6.7403 -0.7356 -0.6740 -0.0685 0.9541 0.1094
0.3711 0.7827 6.7386 -0.6678 -0.7432 -0.0410 0.9472 0.1093
0.3285 0.8305 6.7390 -0.6359 -0.7711 -0.0327 0.9456 0.1093
0.2818 0.8784 6.7395 -0.5930 -0.8049 -0.0232 0.9439 0.1093
0.1683 0.9697 6.7406 -0.3384 -0.9410 -0.0038 0.9402 0.1094
0.0895 0.9923 6.7409 -0.1836 -0.9830 -0.0001 0.9381 0.1094
0.7653 0.5371 4.7947 -0.7389 -0.6696 -0.0745 0.9589 0.0596
0.6312 0.6668 4.7948 -0.7269 -0.6839 -0.0624 0.9541 0.0596
0.5645 0.7248 4.7948 -0.7098 -0.7022 -0.0551 0.9519 0.0596
0.4975 0.7831 4.7948 -0.6993 -0.7132 -0.0483 0.9496 0.0596
0.4318 0.8374 4.7948 -0.6680 -0.7431 -0.0410 0.9474 0.0596
0.3660 0.8817 4.7948 -0.6359 -0.7711 -0.0327 0.9454 0.0596
0.3001 0.9239 4.7950 -0.5929 -0.8049 -0.0232 0.9434 0.0597
0.2341 0.9528 4.7951 -0.4983 -0.8669 -0.0124 0.9416 0.0597
0.1584 0.9767 4.7951 -0.3380 -0.9411 -0.0038 0.9396 0.0597
0.0798 0.9929 4.7950 -0.1833 -0.9831 -0.0001 0.9375 0.0597
0.6970 0.6010 4.7947 -0.7361 -0.6735 -0.0675 0.9565 0.0596
0.4578 0.6805 6.7382 -0.7098 -0.7022 -0.0550 0.9507 0.1093
0.5820 0.5215 6.7422 -0.7384 -0.6703 -0.0743 0.9558 0.1095
0.4474 0.7572 6.7402 -0.0392 -0.0278 0.9988 0.9702 0.4375
0.4195 0.7286 6.7382 -0.0368 -0.0316 0.9988 0.9692 0.4376
0.3711 0.7827 6.7386 -0.0281 -0.0299 0.9992 0.9694 0.4394
0.4474 0.7572 6.7402 -0.0392 -0.0278 0.9988 0.9702 0.4375
0.3711 0.7827 6.7386 -0.0281 -0.0299 0.9992 0.9694 0.4394
0.3978 0.8125 6.7403 -0.0304 -0.0267 0.9992 0.9704 0.4394
0.6529 0.4950 6.7474 -0.0805 -0.0250 0.9964 0.9685 0.4293
0.6229 0.4687 6.7443 -0.0810 -0.0233 0.9964 0.9675 0.4294
0.5820 0.5215 6.7422 -0.0792 -0.0224 0.9966 0.9679 0.4311
0.6529 0.4950 6.7474 -0.0805 -0.0250 0.9964 0.9685 0.4293
0.5820 0.5215 6.7422 -0.0792 -0.0224 0.9966 0.9679 0.4311
0.6115 0.5484 6.7452 -0.0813 -0.0114 0.9966 0.9689 0.4309
0.2594 0.9576 6.7406 -0.0064 -0.0108 0.9999 0.9709 0.4444
0.2394 0.9228 6.7401 -0.0051 -0.0125 0.9999 0.9699 0.4442
0.1683 0.9697 6.7406 0.0007 -0.0058 1.0000 0.9696 0.4463
0.2594 0.9576 6.7406 -0.0064 -0.0108 0.9999 0.9709 0.4444
0.1683 0.9697 6.7406 0.0007 -0.0058 1.0000 0.9696 0.4463
0.1819 1.0075 6.7408 0.0005 -0.0056 1.0000 0.9706 0.4467
0.5249 0.6600 6.7406 -0.0623 -0.0189 0.9979 0.9696 0.4344
0.4958 0.6326 6.7382 -0.0607 -0.0261 0.9978 0.9686 0.4345
0.4578 0.6805 6.7382 -0.0447 -0.0335 0.9984 0.9689 0.4360
0.5249 0.6600 6.7406 -0.0623 -0.0189 0.9979 0.9696 0.4344
0.4578 0.6805 6.7382 -0.0447 -0.0335 0.9984 0.9689 0.4360
0.4862 0.7086 6.7404 -0.0483 -0.0271 0.9985 0.9699 0.4360
0.5701 0.6017 6.7430 -0.0769 -0.0081 0.9970 0.9692 0.4326
0.5407 0.5748 6.7403 -0.0750 -0.0196 0.9970 0.9682 0.4327
0.4958 0.6326 6.7382 -0.0607 -0.0261 0.9978 0.9686 0.4345
0.5701 0.6017 6.7430 -0.0769 -0.0081 0.9970 0.9692 0.4326
0.4958 0.6326 6.7382 -0.0607 -0.0261 0.9978 0.9686 0.4345
0.5249 0.6600 6.7406 -0.0623 -0.0189 0.9979 0.9696 0.4344
0.3539 0.8614 6.7403 -0.0233 -0.0220 0.9995 0.9706 0.4410
0.3285 0.8305 6.7390 -0.0210 -0.0252 0.9995 0.9696 0.4410
0.2818 0.8784 6.7395 -0.0130 -0.0195 0.9997 0.9698 0.4427
0.3539 0.8614 6.7403 -0.0233 -0.0220 0.9995 0.9706 0.4410
0.2818 0.8784 6.7395 -0.0130 -0.0195 0.9997 0.9698 0.4427
0.3055 0.9106 6.7405 -0.0155 -0.0162 0.9997 0.9708 0.4427
0.0963 1.0318 6.7410 0.0022 -0.0014 1.0000 0.9696 0.4487
0.0895 0.9923 6.7409 0.0022 -0.0014 1.0000 0.9688 0.4482
0.0000 1.0039 6.7411 0.0020 -0.0001 1.0000 0.9675 0.4501
0.0963 1.0318 6.7410 0.0022 -0.0014 1.0000 0.9696 0.4487
0.0000 1.0039 6.7411 0.0020 -0.0001 1.0000 0.9675 0.4501
0.0000 1.0414 6.7411 0.0020 0.0002 1.0000 0.9682 0.4507
0.3055 0.9106 6.7405 -0.0155 -0.0162 0.9997 0.9708 0.4427
0.2818 0.8784 6.7395 -0.0130 -0.0195 0.9997 0.9698 0.4427
0.2394 0.9228 6.7401 -0.0051 -0.0125 0.9999 0.9699 0.4442
0.3055 0.9106 6.7405 -0.0155 -0.0162 0.9997 0.9708 0.4427
0.2394 0.9228 6.7401 -0.0051 -0.0125 0.9999 0.9699 0.4442
0.2594 0.9576 6.7406 -0.0064 -0.0108 0.9999 0.9709 0.4444
0.3978 0.8125 6.7403 -0.0304 -0.0267 0.9992 0.9704 0.4394
0.3711 0.7827 6.7386 -0.0281 -0.0299 0.9992 0.9694 0.4394
0.3285 0.8305 6.7390 -0.0210 -0.0252 0.9995 0.9696 0.4410
0.3978 0.8125 6.7403 -0.0304 -0.0267 0.9992 0.9704 0.4394
0.3285 0.8305 6.7390 -0.0210 -0.0252 0.9995 0.9696 0.4410
0.3539 0.8614 6.7403 -0.0233 -0.0220 0.9995 0.9706 0.4410
0.1819 1.0075 6.7408 0.0005 -0.0056 1.0000 0.9706 0.4467
0.1683 0.9697 6.7406 0.0007 -0.0058 1.0000 0.9696 0.4463
0.0895 0.9923 6.7409 0.0022 -0.0014 1.0000 0.9688 0.4482
0.1819 1.0075 6.7408 0.0005 -0.0056 1.0000 0.9706 0.4467
0.0895 0.9923 6.7409 0.0022 -0.0014 1.0000 0.9688 0.4482
0.0963 1.0318 6.7410 0.0022 -0.0014 1.0000 0.9696 0.4487
0.0000 1.0404 4.7947 -0.7243 -0.0642 -0.6864 0.9587 0.4507
0.0000 1.0029 4.7947 -0.6782 -0.0002 -0.7349 0.9595 0.4502
0.0798 0.9929 4.7950 0.0030 0.0005 -1.0000 0.9586 0.4484
0.0000 1.0404 4.7947 -0.7243 -0.0642 -0.6864 0.9587 0.4507
0.0798 0.9929 4.7950 0.0030 0.0005 -1.0000 0.9586 0.4484
0.0865 1.0324 4.7950 0.0030 0.0005 -1.0000 0.9577 0.4488
0.7949 0.5639 4.7977 0.0503 0.0542 -0.9973 0.9579 0.4274
0.7653 0.5371 4.7947 0.0530 0.0513 -0.9973 0.9589 0.4276
0.8305 0.4689 4.7949 0.0559 0.0517 -0.9971 0.9595 0.4253
0.7949 0.5639 4.7977 0.0503 0.0542 -0.9973 0.9579 0.4274
0.8305 0.4689 4.7949 0.0559 0.0517 -0.9971 0.9595 0.4253
0.8605 0.4952 4.7980 0.0519 0.0545 -0.9972 0.9585 0.4250
0.6603 0.6942 4.7972 0.0399 0.0478 -0.9981 0.9570 0.4320
0.6312 0.6668 4.7948 0.0432 0.0445 -0.9981 0.9580 0.4322
0.6970 0.6010 4.7947 0.0499 0.0483 -0.9976 0.9585 0.4300
0.6603 0.6942 4.7972 0.0399 0.0478 -0.9981 0.9570 0.4320
0.6970 0.6010 4.7947 0.0499 0.0483 -0.9976 0.9585 0.4300
0.7264 0.6280 4.7975 0.0440 0.0513 -0.9977 0.9575 0.4297
0.5929 0.7529 4.7970 0.0343 0.0436 -0.9985 0.9567 0.4342
0.5645 0.7248 4.7948 0.0372 0.0406 -0.9985 0.9577 0.4345
0.6312 0.6668 4.7948 0.0432 0.0445 -0.9981 0.9580 0.4322
0.5929 0.7529 4.7970 0.0343 0.0436 -0.9985 0.9567 0.4342
0.6312 0.6668 4.7948 0.0432 0.0445 -0.9981 0.9580 0.4322
0.6603 0.6942 4.7972 0.0399 0.0478 -0.9981 0.9570 0.4320
0.5255 0.8116 4.7967 0.0299 0.0379 -0.9988 0.9564 0.4365
0.4975 0.7831 4.7948 0.0322 0.0356 -0.9988 0.9574 0.4367
0.5645 0.7248 4.7948 0.0372 0.0406 -0.9985 0.9577 0.4345
0.5255 0.8116 4.7967 0.0299 0.0379 -0.9988 0.9564 0.4365
0.5645 0.7248 4.7948 0.0372 0.0406 -0.9985 0.9577 0.4345
0.5929 0.7529 4.7970 0.0343 0.0436 -0.9985 0.9567 0.4342
0.4585 0.8671 4.7964 0.0231 0.0339 -0.9992 0.9561 0.4386
0.4318 0.8374 4.7948 0.0255 0.0315 -0.9992 0.9571 0.4388
0.4975 0.7831 4.7948 0.0322 0.0356 -0.9988 0.9574 0.4367
0.4585 0.8671 4.7964 0.0231 0.0339 -0.9992 0.9561 0.4386
0.4975 0.7831 4.7948 0.0322 0.0356 -0.9988 0.9574 0.4367
0.5255 0.8116 4.7967 0.0299 0.0379 -0.9988 0.9564 0.4365
0.3914 0.9125 4.7962 0.0162 0.0285 -0.9995 0.9561 0.4407
0.3660 0.8817 4.7948 0.0188 0.0261 -0.9995 0.9571 0.4408
0.4318 0.8374 4.7948 0.0255 0.0315 -0.9992 0.9571 0.4388
0.3914 0.9125 4.7962 0.0162 0.0285 -0.9995 0.9561 0.4407
0.4318 0.8374 4.7948 0.0255 0.0315 -0.9992 0.9571 0.4388
0.4585 0.8671 4.7964 0.0231 0.0339 -0.9992 0.9561 0.4386
0.3238 0.9561 4.7959 0.0097 0.0212 -0.9997 0.9561 0.4427
0.3001 0.9239 4.7950 0.0118 0.0191 -0.9997 0.9571 0.4428
0.3660 0.8817 4.7948 0.0188 0.0261 -0.9995 0.9571 0.4408
0.3238 0.9561 4.7959 0.0097 0.0212 -0.9997 0.9561 0.4427
0.3660 0.8817 4.7948 0.0188 0.0261 -0.9995 0.9571 0.4408
0.3914 0.9125 4.7962 0.0162 0.0285 -0.9995 0.9561 0.4407
0.2541 0.9876 4.7956 0.0044 0.0128 -0.9999 0.9563 0.4446
0.2341 0.9528 4.7951 0.0058 0.0111 -0.9999 0.9574 0.4446
0.3001 0.9239 4.7950 0.0118 0.0191 -0.9997 0.9571 0.4428
0.2541 0.9876 4.7956 0.0044 0.0128 -0.9999 0.9563 0.4446
0.3001 0.9239 4.7950 0.0118 0.0191 -0.9997 0.9571 0.4428
0.3238 0.9561 4.7959 0.0097 0.0212 -0.9997 0.9561 0.4427
0.1720 1.0145 4.7953 0.0031 0.0046 -1.0000 0.9569 0.4467
0.1584 0.9767 4.7951 0.0034 0.0041 -1.0000 0.9579 0.4465
0.2341 0.9528 4.7951 0.0058 0.0111 -0.9999 0.9574 0.4446
0.1720 1.0145 4.7953 0.0031 0.0046 -1.0000 0.9569 0.4467
0.2341 0.9528 4.7951 0.0058 0.0111 -0.9999 0.9574 0.4446
0.2541 0.9876 4.7956 0.0044 0.0128 -0.9999 0.9563 0.4446
0.0865 1.0324 4.7950 0.0030 0.0005 -1.0000 0.9577 0.4488
0.0798 0.9929 4.7950 0.0030 0.0005 -1.0000 0.9586 0.4484
0.1584 0.9767 4.7951 0.0034 0.0041 -1.0000 0.9579 0.4465
0.0865 1.0324 4.7950 0.0030 0.0005 -1.0000 0.9577 0.4488
0.1584 0.9767 4.7951 0.0034 0.0041 -1.0000 0.9579 0.4465
0.1720 1.0145 4.7953 0.0031 0.0046 -1.0000 0.9569 0.4467
0.7264 0.6280 4.7975 0.0440 0.0513 -0.9977 0.9575 0.4297
0.6970 0.6010 4.7947 0.0499 0.0483 -0.9976 0.9585 0.4300
0.7653 0.5371 4.7947 0.0530 0.0513 -0.9973 0.9589 0.4276
0.7264 0.6280 4.7975 0.0440 0.0513 -0.9977 0.9575 0.4297
0.7653 0.5371 4.7947 0.0530 0.0513 -0.9973 0.9589 0.4276
0.7949 0.5639 4.7977 0.0503 0.0542 -0.9973 0.9579 0.4274
0.4862 0.7086 6.7404 -0.0483 -0.0271 0.9985 0.9699 0.4360
0.4578 0.6805 6.7382 -0.0447 -0.0335 0.9984 0.9689 0.4360
0.4195 0.7286 6.7382 -0.0368 -0.0316 0.9988 0.9692 0.4376
0.4862 0.7086 6.7404 -0.0483 -0.0271 0.9985 0.9699 0.4360
0.4195 0.7286 6.7382 -0.0368 -0.0316 0.9988 0.9692 0.4376
0.4474 0.7572 6.7402 -0.0392 -0.0278 0.9988 0.9702 0.4375
0.6115 0.5484 6.7452 -0.0813 -0.0114 0.9966 0.9689 0.4309
0.5820 0.5215 6.7422 -0.0792 -0.0224 0.9966 0.9679 0.4311
0.5407 0.5748 6.7403 -0.0750 -0.0196 0.9970 0.9682 0.4327
0.6115 0.5484 6.7452 -0.0813 -0.0114 0.9966 0.9689 0.4309
0.5407 0.5748 6.7403 -0.0750 -0.0196 0.9970 0.9682 0.4327
0.5701 0.6017 6.7430 -0.0769 -0.0081 0.9970 0.9692 0.4326
0.8605 0.4952 4.7980 0.7080 -0.7027 0.0705 0.9685 0.3639
0.8305 0.4689 4.7949 0.6549 -0.7525 0.0697 0.9675 0.3640
0.6229 0.4687 6.7443 0.6543 -0.7530 0.0696 0.9675 0.4134
0.8605 0.4952 4.7980 0.7080 -0.7027 0.0705 0.9685 0.3639
0.6229 0.4687 6.7443 0.6543 -0.7530 0.0696 0.9675 0.4134
0.6529 0.4950 6.7474 0.6702 -0.7389 0.0696 0.9685 0.4134
0.0000 1.0414 6.7411 -0.9959 -0.0908 0.0000 0.9712 0.3643
0.0000 1.0039 6.7411 -1.0000 0.0000 0.0000 0.9703 0.3643
0.0000 1.0029 4.7947 -0.6782 -0.0002 -0.7349 0.9703 0.4134
0.0000 1.0414 6.7411 -0.9959 -0.0908 0.0000 0.9712 0.3643
0.0000 1.0029 4.7947 -0.6782 -0.0002 -0.7349 0.9703 0.4134
0.0000 1.0404 4.7947 -0.7243 -0.0642 -0.6864 0.9712 0.4134
0 24 1
0 14 24
14 23 24
14 13 23
13 22 23
13 5 22
5 21 22
5 12 21
12 20 21
12 11 20
11 19 20
11 10 19
10 18 19
10 6 18
17 6 26
17 18 6
26 16 17
26 8 16
8 25 16
8 9 25
15 9 27
15 25 9
27 4 15
27 7 4
2 48 38
2 3 48
38 47 37
38 48 47
37 46 29
37 47 46
29 45 36
29 46 45
36 44 35
36 45 44
35 43 34
35 44 43
34 42 30
34 43 42
41 30 42
41 50 30
50 40 32
50 41 40
32 49 33
32 40 49
39 33 49
39 51 33
51 28 31
51 39 28
52 54 53
55 57 56
58 60 59
61 63 62
64 66 65
67 69 68
70 72 71
73 75 74
76 78 77
79 81 80
82 84 83
85 87 86
88 90 89
91 93 92
94 96 95
97 99 98
100 102 101
103 105 104
106 108 107
109 111 110
112 114 113
115 117 116
118 120 119
121 123 122
124 126 125
127 129 128
130 132 131
133 135 134
136 138 137
139 141 140
142 144 143
145 147 146
148 150 149
151 153 152
154 156 155
157 159 158
160 162 161
163 165 164
166 168 167
169 171 170
172 174 173
175 177 176
178 180 179
181 183 182
184 186 185
187 189 188
190 192 191
193 195 194
196 198 197
199 201 200
202 204 203
205 207 206
LABEL BayDoorPA
MATERIAL 2
TEXTURE 2
FLAG 0
GEOM 208 100
-0.8605 0.4952 4.7980 -0.7099 0.7043 0.0015 0.4492 0.2167
-0.2606 0.9862 -1.8551 -0.3571 0.9341 0.0001 0.4264 0.0262
-0.4707 0.8661 -1.8551 -0.5935 0.8049 0.0010 0.4333 0.0262
-0.6784 0.6937 -1.8551 -0.6794 0.7337 0.0018 0.4410 0.0262
-0.8828 0.4952 -1.8551 -0.7097 0.7045 0.0024 0.4492 0.0261
-0.3323 0.9537 -1.8551 -0.4727 0.8812 0.0004 0.4286 0.0262
-0.8146 0.5614 -1.8551 -0.7003 0.7139 0.0020 0.4465 0.0261
-0.7465 0.6275 -1.8551 -0.6958 0.7183 0.0025 0.4438 0.0261
-0.1753 1.0120 -1.8551 -0.2498 0.9683 -0.0002 0.4238 0.0262
-0.6095 0.7535 -1.8551 -0.6512 0.7589 0.0016 0.4384 0.0262
-0.0885 1.0290 -1.8551 -0.1449 0.9894 -0.0004 0.4213 0.0262
0.0000 1.0370 -1.8551 -0.0052 1.0000 -0.0005 0.4187 0.0262
-0.5404 0.8104 -1.8551 -0.6388 0.7694 0.0013 0.4359 0.0262
-0.4009 0.9118 -1.8551 -0.5429 0.8398 0.0007 0.4309 0.0262
-0.7949 0.5639 4.7977 -0.7003 0.7139 0.0020 0.4465 0.2167
0.0000 1.0404 4.7947 0.0005 1.0000 -0.0005 0.4192 0.2167
-0.6603 0.6942 4.7972 -0.6794 0.7338 0.0018 0.4411 0.2167
-0.5929 0.7529 4.7970 -0.6512 0.7589 0.0016 0.4385 0.2167
-0.5255 0.8116 4.7967 -0.6388 0.7694 0.0013 0.4360 0.2167
-0.4585 0.8671 4.7964 -0.5935 0.8049 0.0010 0.4335 0.2167
-0.3914 0.9125 4.7962 -0.5429 0.8398 0.0007 0.4312 0.2167
-0.3238 0.9561 4.7959 -0.4728 0.8812 0.0004 0.4289 0.2167
-0.2541 0.9876 4.7956 -0.3571 0.9341 0.0001 0.4267 0.2167
-0.1720 1.0145 4.7953 -0.2498 0.9683 -0.0002 0.4242 0.2167
-0.0865 1.0324 4.7950 -0.1450 0.9894 -0.0004 0.4217 0.2167
-0.7264 0.6280 4.7975 -0.6952 0.7189 0.0019 0.4438 0.2167
-0.8321 0.4670 4.7979 0.7106 -0.7036 -0.0025 0.9619 0.1962
-0.2463 0.9487 -1.8551 0.3571 -0.9341 -0.0001 0.9840 0.0084
-0.4469 0.8339 -1.8551 0.5935 -0.8049 -0.0010 0.9774 0.0083
-0.6512 0.6644 -1.8552 0.6794 -0.7337 -0.0018 0.9699 0.0083
-0.8544 0.4670 -1.8552 0.7103 -0.7039 -0.0015 0.9619 0.0083
-0.3133 0.9184 -1.8551 0.4727 -0.8812 -0.0004 0.9819 0.0083
-0.7866 0.5328 -1.8552 0.7003 -0.7139 -0.0020 0.9646 0.0083
-0.7186 0.5988 -1.8552 0.6958 -0.7183 -0.0013 0.9673 0.0083
-0.1653 0.9732 -1.8551 0.2498 -0.9683 0.0002 0.9863 0.0084
-0.5835 0.7231 -1.8551 0.6512 -0.7589 -0.0016 0.9724 0.0083
-0.0826 0.9893 -1.8551 0.1649 -0.9863 0.0004 0.9887 0.0084
0.0000 1.0002 -1.8551 0.1315 -0.9913 0.0005 0.9911 0.0084
-0.5148 0.7796 -1.8551 0.6388 -0.7694 -0.0013 0.9750 0.0083
-0.3792 0.8782 -1.8551 0.5429 -0.8398 -0.0007 0.9797 0.0083
-0.7668 0.5353 4.7976 0.7003 -0.7139 -0.0020 0.9646 0.1962
0.0000 1.0035 4.7948 0.1315 -0.9913 0.0005 0.9906 0.1962
-0.6331 0.6648 4.7972 0.6794 -0.7338 -0.0018 0.9698 0.1962
-0.5668 0.7225 4.7969 0.6512 -0.7589 -0.0016 0.9723 0.1962
-0.5000 0.7809 4.7967 0.6388 -0.7694 -0.0013 0.9748 0.1962
-0.4347 0.8349 4.7964 0.5935 -0.8049 -0.0010 0.9772 0.1962
-0.3697 0.8790 4.7961 0.5429 -0.8398 -0.0007 0.9794 0.1962
-0.3048 0.9208 4.7959 0.4728 -0.8812 -0.0004 0.9816 0.1962
-0.2398 0.9501 4.7956 0.3571 -0.9341 -0.0001 0.9836 0.1962
-0.1620 0.9757 4.7953 0.2498 -0.9683 0.0002 0.9860 0.1962
-0.0807 0.9928 4.7950 0.1649 -0.9863 0.0004 0.9883 0.1962
-0.6986 0.5993 4.7974 0.6951 -0.7189 -0.0019 0.9672 0.1962
-0.1753 1.0120 -1.8551 0.0001 -0.0002 -1.0000 0.9844 0.5024
-0.2606 0.9862 -1.8551 0.0000 0.0001 -1.0000 0.9837 0.5049
-0.2463 0.9487 -1.8551 0.0000 0.0001 -1.0000 0.9849 0.5052
-0.1753 1.0120 -1.8551 0.0001 -0.0002 -1.0000 0.9844 0.5024
-0.2463 0.9487 -1.8551 0.0000 0.0001 -1.0000 0.9849 0.5052
-0.1653 0.9732 -1.8551 0.0001 -0.0002 -1.0000 0.9855 0.5027
-0.4009 0.9118 -1.8551 -0.0003 0.0006 -1.0000 0.9834 0.5097
-0.4707 0.8661 -1.8551 -0.0005 0.0008 -1.0000 0.9834 0.5122
-0.4469 0.8339 -1.8551 -0.0005 0.0008 -1.0000 0.9846 0.5121
-0.4009 0.9118 -1.8551 -0.0003 0.0006 -1.0000 0.9834 0.5097
-0.4469 0.8339 -1.8551 -0.0005 0.0008 -1.0000 0.9846 0.5121
-0.3792 0.8782 -1.8551 -0.0003 0.0006 -1.0000 0.9846 0.5097
-0.6095 0.7535 -1.8551 -0.0010 0.0013 -1.0000 0.9841 0.5175
-0.6784 0.6937 -1.8551 -0.0012 0.0013 -1.0000 0.9845 0.5202
-0.6512 0.6644 -1.8552 -0.0012 0.0013 -1.0000 0.9857 0.5200
-0.6095 0.7535 -1.8551 -0.0010 0.0013 -1.0000 0.9841 0.5175
-0.6512 0.6644 -1.8552 -0.0012 0.0013 -1.0000 0.9857 0.5200
-0.5835 0.7231 -1.8551 -0.0010 0.0012 -1.0000 0.9853 0.5173
-0.8146 0.5614 -1.8551 -0.0014 0.0015 -1.0000 0.9857 0.5257
-0.8828 0.4952 -1.8551 -0.0008 0.0012 -1.0000 0.9863 0.5285
-0.8544 0.4670 -1.8552 -0.0012 0.0021 -1.0000 0.9875 0.5282
-0.8146 0.5614 -1.8551 -0.0014 0.0015 -1.0000 0.9857 0.5257
-0.8544 0.4670 -1.8552 -0.0012 0.0021 -1.0000 0.9875 0.5282
-0.7866 0.5328 -1.8552 -0.0014 0.0015 -1.0000 0.9869 0.5255
-0.8828 0.4952 -1.8551 -0.7038 -0.7104 0.0032 0.9786 0.5604
-0.8605 0.4952 4.7980 -0.7036 -0.7106 0.0020 0.9786 0.3612
-0.8321 0.4670 4.7979 -0.7043 -0.7099 0.0017 0.9774 0.3611
-0.8828 0.4952 -1.8551 -0.7038 -0.7104 0.0032 0.9786 0.5604
-0.8321 0.4670 4.7979 -0.7043 -0.7099 0.0017 0.9774 0.3611
-0.8544 0.4670 -1.8552 -0.7046 -0.7096 0.0027 0.9774 0.5604
0.0000 1.0370 -1.8551 0.0001 -0.0005 -1.0000 0.9865 0.4975
-0.0885 1.0290 -1.8551 0.0001 -0.0004 -1.0000 0.9853 0.4999
-0.0826 0.9893 -1.8551 0.0001 -0.0004 -1.0000 0.9864 0.5004
0.0000 1.0370 -1.8551 0.0001 -0.0005 -1.0000 0.9865 0.4975
-0.0826 0.9893 -1.8551 0.0001 -0.0004 -1.0000 0.9864 0.5004
0.0000 1.0002 -1.8551 0.0001 -0.0005 -1.0000 0.9875 0.4981
-0.6784 0.6937 -1.8551 -0.0012 0.0013 -1.0000 0.9845 0.5202
-0.7465 0.6275 -1.8551 -0.0013 0.0005 -1.0000 0.9851 0.5230
-0.7186 0.5988 -1.8552 -0.0013 0.0023 -1.0000 0.9863 0.5227
-0.6784 0.6937 -1.8551 -0.0012 0.0013 -1.0000 0.9845 0.5202
-0.7186 0.5988 -1.8552 -0.0013 0.0023 -1.0000 0.9863 0.5227
-0.6512 0.6644 -1.8552 -0.0012 0.0013 -1.0000 0.9857 0.5200
-0.7465 0.6275 -1.8551 -0.0013 0.0005 -1.0000 0.9851 0.5230
-0.8146 0.5614 -1.8551 -0.0014 0.0015 -1.0000 0.9857 0.5257
-0.7866 0.5328 -1.8552 -0.0014 0.0015 -1.0000 0.9869 0.5255
-0.7465 0.6275 -1.8551 -0.0013 0.0005 -1.0000 0.9851 0.5230
-0.7866 0.5328 -1.8552 -0.0014 0.0015 -1.0000 0.9869 0.5255
-0.7186 0.5988 -1.8552 -0.0013 0.0023 -1.0000 0.9863 0.5227
-0.0885 1.0290 -1.8551 0.0001 -0.0004 -1.0000 0.9853 0.4999
-0.1753 1.0120 -1.8551 0.0001 -0.0002 -1.0000 0.9844 0.5024
-0.1653 0.9732 -1.8551 0.0001 -0.0002 -1.0000 0.9855 0.5027
-0.0885 1.0290 -1.8551 0.0001 -0.0004 -1.0000 0.9853 0.4999
-0.1653 0.9732 -1.8551 0.0001 -0.0002 -1.0000 0.9855 0.5027
-0.0826 0.9893 -1.8551 0.0001 -0.0004 -1.0000 0.9864 0.5004
-0.5404 0.8104 -1.8551 -0.0008 0.0011 -1.0000 0.9837 0.5148
-0.6095 0.7535 -1.8551 -0.0010 0.0013 -1.0000 0.9841 0.5175
-0.5835 0.7231 -1.8551 -0.0010 0.0012 -1.0000 0.9853 0.5173
-0.5404 0.8104 -1.8551 -0.0008 0.0011 -1.0000 0.9837 0.5148
-0.5835 0.7231 -1.8551 -0.0010 0.0012 -1.0000 0.9853 0.5173
-0.5148 0.7796 -1.8551 -0.0008 0.0011 -1.0000 0.9849 0.5147
-0.4707 0.8661 -1.8551 -0.0005 0.0008 -1.0000 0.9834 0.5122
-0.5404 0.8104 -1.8551 -0.0008 0.0011 -1.0000 0.9837 0.5148
-0.5148 0.7796 -1.8551 -0.0008 0.0011 -1.0000 0.9849 0.5147
-0.4707 0.8661 -1.8551 -0.0005 0.0008 -1.0000 0.9834 0.5122
-0.5148 0.7796 -1.8551 -0.0008 0.0011 -1.0000 0.9849 0.5147
-0.4469 0.8339 -1.8551 -0.0005 0.0008 -1.0000 0.9846 0.5121
-0.3323 0.9537 -1.8551 -0.0001 0.0004 -1.0000 0.9834 0.5073
-0.4009 0.9118 -1.8551 -0.0003 0.0006 -1.0000 0.9834 0.5097
-0.3792 0.8782 -1.8551 -0.0003 0.0006 -1.0000 0.9846 0.5097
-0.3323 0.9537 -1.8551 -0.0001 0.0004 -1.0000 0.9834 0.5073
-0.3792 0.8782 -1.8551 -0.0003 0.0006 -1.0000 0.9846 0.5097
-0.3133 0.9184 -1.8551 -0.0001 0.0004 -1.0000 0.9846 0.5073
-0.2606 0.9862 -1.8551 0.0000 0.0001 -1.0000 0.9837 0.5049
-0.3323 0.9537 -1.8551 -0.0001 0.0004 -1.0000 0.9834 0.5073
-0.3133 0.9184 -1.8551 -0.0001 0.0004 -1.0000 0.9846 0.5073
-0.2606 0.9862 -1.8551 0.0000 0.0001 -1.0000 0.9837 0.5049
-0.3133 0.9184 -1.8551 -0.0001 0.0004 -1.0000 0.9846 0.5073
-0.2463 0.9487 -1.8551 0.0000 0.0001 -1.0000 0.9849 0.5052
-0.0865 1.0324 4.7950 0.0032 0.0008 1.0000 0.9855 0.4371
0.0000 1.0404 4.7947 0.0031 0.0002 1.0000 0.9843 0.4348
0.0000 1.0035 4.7948 0.0031 0.0007 1.0000 0.9834 0.4354
-0.0865 1.0324 4.7950 0.0032 0.0008 1.0000 0.9855 0.4371
0.0000 1.0035 4.7948 0.0031 0.0007 1.0000 0.9834 0.4354
-0.0807 0.9928 4.7950 0.0032 0.0008 1.0000 0.9844 0.4376
0.0000 1.0404 4.7947 0.9958 -0.0919 -0.0000 0.9825 0.5604
0.0000 1.0370 -1.8551 0.9963 -0.0862 0.0000 0.9825 0.3612
0.0000 1.0002 -1.8551 1.0000 0.0000 0.0000 0.9814 0.3612
0.0000 1.0404 4.7947 0.9958 -0.0919 -0.0000 0.9825 0.5604
0.0000 1.0002 -1.8551 1.0000 0.0000 0.0000 0.9814 0.3612
0.0000 1.0035 4.7948 1.0000 0.0000 0.0000 0.9814 0.5604
-0.8605 0.4952 4.7980 0.0042 0.0007 1.0000 0.9845 0.4653
-0.7949 0.5639 4.7977 0.0033 0.0004 1.0000 0.9852 0.4625
-0.7668 0.5353 4.7976 0.0033 0.0004 1.0000 0.9840 0.4623
-0.8605 0.4952 4.7980 0.0042 0.0007 1.0000 0.9845 0.4653
-0.7668 0.5353 4.7976 0.0033 0.0004 1.0000 0.9840 0.4623
-0.8321 0.4670 4.7979 0.0033 0.0011 1.0000 0.9834 0.4651
-0.7264 0.6280 4.7975 0.0020 -0.0007 1.0000 0.9857 0.4598
-0.6603 0.6942 4.7972 0.0032 0.0005 1.0000 0.9863 0.4570
-0.6331 0.6648 4.7972 0.0032 0.0005 1.0000 0.9851 0.4568
-0.7264 0.6280 4.7975 0.0020 -0.0007 1.0000 0.9857 0.4598
-0.6331 0.6648 4.7972 0.0032 0.0005 1.0000 0.9851 0.4568
-0.6986 0.5993 4.7974 0.0042 0.0013 1.0000 0.9845 0.4595
-0.6603 0.6942 4.7972 0.0032 0.0005 1.0000 0.9863 0.4570
-0.5929 0.7529 4.7970 0.0033 0.0007 1.0000 0.9867 0.4544
-0.5668 0.7225 4.7969 0.0033 0.0007 1.0000 0.9855 0.4542
-0.6603 0.6942 4.7972 0.0032 0.0005 1.0000 0.9863 0.4570
-0.5668 0.7225 4.7969 0.0033 0.0007 1.0000 0.9855 0.4542
-0.6331 0.6648 4.7972 0.0032 0.0005 1.0000 0.9851 0.4568
-0.5929 0.7529 4.7970 0.0033 0.0007 1.0000 0.9867 0.4544
-0.5255 0.8116 4.7967 0.0032 0.0009 1.0000 0.9871 0.4517
-0.5000 0.7809 4.7967 0.0032 0.0009 1.0000 0.9859 0.4516
-0.5929 0.7529 4.7970 0.0033 0.0007 1.0000 0.9867 0.4544
-0.5000 0.7809 4.7967 0.0032 0.0009 1.0000 0.9859 0.4516
-0.5668 0.7225 4.7969 0.0033 0.0007 1.0000 0.9855 0.4542
-0.5255 0.8116 4.7967 0.0032 0.0009 1.0000 0.9871 0.4517
-0.4585 0.8671 4.7964 0.0032 0.0012 1.0000 0.9874 0.4492
-0.4347 0.8349 4.7964 0.0032 0.0012 1.0000 0.9862 0.4491
-0.5255 0.8116 4.7967 0.0032 0.0009 1.0000 0.9871 0.4517
-0.4347 0.8349 4.7964 0.0032 0.0012 1.0000 0.9862 0.4491
-0.5000 0.7809 4.7967 0.0032 0.0009 1.0000 0.9859 0.4516
-0.4585 0.8671 4.7964 0.0032 0.0012 1.0000 0.9874 0.4492
-0.3914 0.9125 4.7962 0.0033 0.0013 1.0000 0.9874 0.4467
-0.3697 0.8790 4.7961 0.0033 0.0013 1.0000 0.9862 0.4467
-0.4585 0.8671 4.7964 0.0032 0.0012 1.0000 0.9874 0.4492
-0.3697 0.8790 4.7961 0.0033 0.0013 1.0000 0.9862 0.4467
-0.4347 0.8349 4.7964 0.0032 0.0012 1.0000 0.9862 0.4491
-0.3914 0.9125 4.7962 0.0033 0.0013 1.0000 0.9874 0.4467
-0.3238 0.9561 4.7959 0.0035 0.0014 1.0000 0.9874 0.4443
-0.3048 0.9208 4.7959 0.0035 0.0014 1.0000 0.9862 0.4444
-0.3914 0.9125 4.7962 0.0033 0.0013 1.0000 0.9874 0.4467
-0.3048 0.9208 4.7959 0.0035 0.0014 1.0000 0.9862 0.4444
-0.3697 0.8790 4.7961 0.0033 0.0013 1.0000 0.9862 0.4467
-0.3238 0.9561 4.7959 0.0035 0.0014 1.0000 0.9874 0.4443
-0.2541 0.9876 4.7956 0.0034 0.0013 1.0000 0.9871 0.4421
-0.2398 0.9501 4.7956 0.0034 0.0013 1.0000 0.9859 0.4423
-0.3238 0.9561 4.7959 0.0035 0.0014 1.0000 0.9874 0.4443
-0.2398 0.9501 4.7956 0.0034 0.0013 1.0000 0.9859 0.4423
-0.3048 0.9208 4.7959 0.0035 0.0014 1.0000 0.9862 0.4444
-0.2541 0.9876 4.7956 0.0034 0.0013 1.0000 0.9871 0.4421
-0.1720 1.0145 4.7953 0.0032 0.0010 1.0000 0.9864 0.4396
-0.1620 0.9757 4.7953 0.0032 0.0010 1.0000 0.9853 0.4399
-0.2541 0.9876 4.7956 0.0034 0.0013 1.0000 0.9871 0.4421
-0.1620 0.9757 4.7953 0.0032 0.0010 1.0000 0.9853 0.4399
-0.2398 0.9501 4.7956 0.0034 0.0013 1.0000 0.9859 0.4423
-0.1720 1.0145 4.7953 0.0032 0.0010 1.0000 0.9864 0.4396
-0.0865 1.0324 4.7950 0.0032 0.0008 1.0000 0.9855 0.4371
-0.0807 0.9928 4.7950 0.0032 0.0008 1.0000 0.9844 0.4376
-0.1720 1.0145 4.7953 0.0032 0.0010 1.0000 0.9864 0.4396
-0.0807 0.9928 4.7950 0.0032 0.0008 1.0000 0.9844 0.4376
-0.1620 0.9757 4.7953 0.0032 0.0010 1.0000 0.9853 0.4399
-0.7949 0.5639 4.7977 0.0033 0.0004 1.0000 0.9852 0.4625
-0.7264 0.6280 4.7975 0.0020 -0.0007 1.0000 0.9857 0.4598
-0.6986 0.5993 4.7974 0.0042 0.0013 1.0000 0.9845 0.4595
-0.7949 0.5639 4.7977 0.0033 0.0004 1.0000 0.9852 0.4625
-0.6986 0.5993 4.7974 0.0042 0.0013 1.0000 0.9845 0.4595
-0.7668 0.5353 4.7976 0.0033 0.0004 1.0000 0.9840 0.4623
24 11 10
24 15 11
0 6 4
0 14 6
25 3 7
25 16 3
16 9 3
16 17 9
17 12 9
17 18 12
18 2 12
18 19 2
19 13 2
19 20 13
20 5 13
20 21 5
21 1 5
21 22 1
22 8 1
22 23 8
23 10 8
23 24 10
14 7 6
14 25 7
50 37 41
50 36 37
26 32 40
26 30 32
51 29 42
51 33 29
42 35 43
42 29 35
43 38 44
43 35 38
44 28 45
44 38 28
45 39 46
45 28 39
46 31 47
46 39 31
47 27 48
47 31 27
48 34 49
48 27 34
49 36 50
49 34 36
40 33 51
40 32 33
52 54 53
55 57 56
58 60 59
61 63 62
64 66 65
67 69 68
70 72 71
73 75 74
76 78 77
79 81 80
82 84 83
85 87 86
88 90 89
91 93 92
94 96 95
97 99 98
100 102 101
103 105 104
106 108 107
109 111 110
112 114 113
115 117 116
118 120 119
121 123 122
124 126 125
127 129 128
130 132 131
133 135 134
136 138 137
139 141 140
142 144 143
145 147 146
148 150 149
151 153 152
154 156 155
157 159 158
160 162 161
163 165 164
166 168 167
169 171 170
172 174 173
175 177 176
178 180 179
181 183 182
184 186 185
187 189 188
190 192 191
193 195 194
196 198 197
199 201 200
202 204 203
205 207 206
LABEL BayDoorPF
MATERIAL 2
TEXTURE 2
FLAG 0
GEOM 208 100
-0.8605 0.4952 4.7980 -0.7485 0.6585 0.0782 0.4517 0.2188
-0.2594 0.9576 6.7406 -0.6530 0.7572 0.0125 0.4285 0.2790
-0.4474 0.7572 6.7402 -0.7647 0.6425 0.0490 0.4370 0.2790
-0.6529 0.4950 6.7474 -0.7302 0.6788 0.0778 0.4472 0.2793
-0.5249 0.6600 6.7406 -0.8153 0.5747 0.0705 0.4408 0.2790
-0.5701 0.6017 6.7430 -0.8162 0.5737 0.0685 0.4431 0.2791
-0.3978 0.8125 6.7403 -0.7333 0.6787 0.0411 0.4347 0.2790
-0.3539 0.8614 6.7403 -0.7350 0.6772 0.0329 0.4326 0.2790
-0.3055 0.9106 6.7405 -0.7326 0.6803 0.0231 0.4305 0.2790
-0.1819 1.0075 6.7408 -0.4249 0.9052 0.0037 0.4256 0.2790
-0.0963 1.0318 6.7410 -0.1942 0.9810 0.0001 0.4229 0.2790
0.0000 1.0414 6.7411 0.0029 1.0000 -0.0003 0.4199 0.2791
-0.7949 0.5639 4.7977 -0.6923 0.7177 0.0745 0.4487 0.2188
0.0000 1.0404 4.7947 0.0002 1.0000 -0.0003 0.4193 0.2189
-0.6603 0.6942 4.7972 -0.6705 0.7393 0.0624 0.4430 0.2188
-0.5929 0.7529 4.7970 -0.6563 0.7525 0.0550 0.4402 0.2188
-0.5255 0.8116 4.7967 -0.6413 0.7658 0.0482 0.4374 0.2188
-0.4585 0.8671 4.7964 -0.6044 0.7956 0.0410 0.4347 0.2189
-0.3914 0.9125 4.7962 -0.5395 0.8414 0.0325 0.4322 0.2189
-0.3238 0.9561 4.7959 -0.4721 0.8812 0.0230 0.4298 0.2189
-0.2541 0.9876 4.7956 -0.3673 0.9300 0.0121 0.4274 0.2189
-0.1720 1.0145 4.7953 -0.2499 0.9683 0.0035 0.4247 0.2189
-0.0865 1.0324 4.7950 -0.1675 0.9859 0.0002 0.4220 0.2189
-0.7264 0.6280 4.7975 -0.6929 0.7179 0.0669 0.4458 0.2188
-0.4862 0.7086 6.7404 -0.7887 0.6122 0.0557 0.4389 0.2790
-0.6115 0.5484 6.7452 -0.8100 0.5818 0.0743 0.4452 0.2792
-0.8305 0.4689 4.7949 0.7493 -0.6577 -0.0772 0.9611 0.0574
-0.2394 0.9228 6.7401 0.4987 -0.8667 -0.0124 0.9421 0.0077
-0.4195 0.7286 6.7382 0.6991 -0.7134 -0.0482 0.9488 0.0077
-0.6229 0.4687 6.7443 0.7490 -0.6580 -0.0778 0.9573 0.0075
-0.4958 0.6326 6.7382 0.7263 -0.6845 -0.0622 0.9520 0.0077
-0.5407 0.5748 6.7403 0.7356 -0.6740 -0.0685 0.9539 0.0076
-0.3711 0.7827 6.7386 0.6678 -0.7432 -0.0410 0.9470 0.0077
-0.3285 0.8305 6.7390 0.6359 -0.7711 -0.0327 0.9454 0.0077
-0.2818 0.8784 6.7395 0.5930 -0.8049 -0.0232 0.9437 0.0077
-0.1683 0.9697 6.7406 0.3384 -0.9410 -0.0038 0.9399 0.0077
-0.0895 0.9923 6.7409 0.1836 -0.9830 -0.0001 0.9378 0.0077
0.0000 1.0039 6.7411 0.1272 -0.9919 0.0004 0.9355 0.0076
-0.7653 0.5371 4.7947 0.7389 -0.6696 -0.0745 0.9587 0.0574
0.0000 1.0029 4.7947 0.1272 -0.9919 0.0004 0.9352 0.0574
-0.6312 0.6668 4.7948 0.7269 -0.6839 -0.0624 0.9539 0.0574
-0.5645 0.7248 4.7948 0.7098 -0.7022 -0.0551 0.9516 0.0574
-0.4975 0.7831 4.7948 0.6993 -0.7132 -0.0483 0.9494 0.0574
-0.4318 0.8374 4.7948 0.6680 -0.7431 -0.0410 0.9472 0.0574
-0.3660 0.8817 4.7948 0.6359 -0.7711 -0.0327 0.9452 0.0574
-0.3001 0.9239 4.7950 0.5929 -0.8049 -0.0232 0.9432 0.0574
-0.2341 0.9528 4.7951 0.4983 -0.8669 -0.0124 0.9413 0.0574
-0.1584 0.9767 4.7951 0.3380 -0.9411 -0.0038 0.9393 0.0574
-0.0798 0.9929 4.7950 0.1833 -0.9831 -0.0001 0.9372 0.0574
-0.6970 0.6010 4.7947 0.7363 -0.6731 -0.0686 0.9563 0.0574
-0.4578 0.6805 6.7382 0.7098 -0.7022 -0.0550 0.9504 0.0077
-0.5820 0.5215 6.7422 0.7384 -0.6703 -0.0743 0.9556 0.0076
-0.4474 0.7572 6.7402 0.0390 -0.0280 0.9988 0.9664 0.4425
-0.3978 0.8125 6.7403 0.0302 -0.0270 0.9992 0.9666 0.4406
-0.3711 0.7827 6.7386 0.0281 -0.0299 0.9992 0.9656 0.4406
-0.4474 0.7572 6.7402 0.0390 -0.0280 0.9988 0.9664 0.4425
-0.3711 0.7827 6.7386 0.0281 -0.0299 0.9992 0.9656 0.4406
-0.4195 0.7286 6.7382 0.0368 -0.0316 0.9988 0.9654 0.4424
-0.6529 0.4950 6.7474 0.0804 -0.0255 0.9964 0.9647 0.4507
-0.6115 0.5484 6.7452 0.0810 -0.0131 0.9966 0.9651 0.4491
-0.5820 0.5215 6.7422 0.0792 -0.0224 0.9966 0.9641 0.4489
-0.6529 0.4950 6.7474 0.0804 -0.0255 0.9964 0.9647 0.4507
-0.5820 0.5215 6.7422 0.0792 -0.0224 0.9966 0.9641 0.4489
-0.6229 0.4687 6.7443 0.0810 -0.0233 0.9964 0.9637 0.4506
-0.2594 0.9576 6.7406 0.0065 -0.0107 0.9999 0.9671 0.4356
-0.1819 1.0075 6.7408 -0.0003 -0.0056 1.0000 0.9668 0.4333
-0.1683 0.9697 6.7406 -0.0007 -0.0058 1.0000 0.9659 0.4337
-0.2594 0.9576 6.7406 0.0065 -0.0107 0.9999 0.9671 0.4356
-0.1683 0.9697 6.7406 -0.0007 -0.0058 1.0000 0.9659 0.4337
-0.2394 0.9228 6.7401 0.0051 -0.0125 0.9999 0.9661 0.4358
-0.5249 0.6600 6.7406 0.0495 -0.0512 0.9975 0.9658 0.4456
-0.4862 0.7086 6.7404 0.0480 -0.0276 0.9985 0.9661 0.4440
-0.4578 0.6805 6.7382 0.0447 -0.0335 0.9984 0.9651 0.4439
-0.5249 0.6600 6.7406 0.0495 -0.0512 0.9975 0.9658 0.4456
-0.4578 0.6805 6.7382 0.0447 -0.0335 0.9984 0.9651 0.4439
-0.4958 0.6326 6.7382 0.0607 -0.0261 0.9978 0.9648 0.4455
-0.5701 0.6017 6.7430 0.0767 -0.0096 0.9970 0.9654 0.4474
-0.5249 0.6600 6.7406 0.0495 -0.0512 0.9975 0.9658 0.4456
-0.4958 0.6326 6.7382 0.0607 -0.0261 0.9978 0.9648 0.4455
-0.5701 0.6017 6.7430 0.0767 -0.0096 0.9970 0.9654 0.4474
-0.4958 0.6326 6.7382 0.0607 -0.0261 0.9978 0.9648 0.4455
-0.5407 0.5748 6.7403 0.0750 -0.0196 0.9970 0.9644 0.4473
-0.3539 0.8614 6.7403 0.0235 -0.0218 0.9995 0.9668 0.4390
-0.3055 0.9106 6.7405 0.0155 -0.0162 0.9997 0.9670 0.4373
-0.2818 0.8784 6.7395 0.0130 -0.0195 0.9997 0.9660 0.4373
-0.3539 0.8614 6.7403 0.0235 -0.0218 0.9995 0.9668 0.4390
-0.2818 0.8784 6.7395 0.0130 -0.0195 0.9997 0.9660 0.4373
-0.3285 0.8305 6.7390 0.0210 -0.0252 0.9995 0.9658 0.4390
-0.0963 1.0318 6.7410 -0.0022 -0.0014 1.0000 0.9659 0.4313
0.0000 1.0414 6.7411 -0.0020 0.0002 1.0000 0.9645 0.4293
0.0000 1.0039 6.7411 -0.0020 -0.0001 1.0000 0.9637 0.4299
-0.0963 1.0318 6.7410 -0.0022 -0.0014 1.0000 0.9659 0.4313
0.0000 1.0039 6.7411 -0.0020 -0.0001 1.0000 0.9637 0.4299
-0.0895 0.9923 6.7409 -0.0022 -0.0014 1.0000 0.9650 0.4318
-0.3055 0.9106 6.7405 0.0155 -0.0162 0.9997 0.9670 0.4373
-0.2594 0.9576 6.7406 0.0065 -0.0107 0.9999 0.9671 0.4356
-0.2394 0.9228 6.7401 0.0051 -0.0125 0.9999 0.9661 0.4358
-0.3055 0.9106 6.7405 0.0155 -0.0162 0.9997 0.9670 0.4373
-0.2394 0.9228 6.7401 0.0051 -0.0125 0.9999 0.9661 0.4358
-0.2818 0.8784 6.7395 0.0130 -0.0195 0.9997 0.9660 0.4373
-0.3978 0.8125 6.7403 0.0302 -0.0270 0.9992 0.9666 0.4406
-0.3539 0.8614 6.7403 0.0235 -0.0218 0.9995 0.9668 0.4390
-0.3285 0.8305 6.7390 0.0210 -0.0252 0.9995 0.9658 0.4390
-0.3978 0.8125 6.7403 0.0302 -0.0270 0.9992 0.9666 0.4406
-0.3285 0.8305 6.7390 0.0210 -0.0252 0.9995 0.9658 0.4390
-0.3711 0.7827 6.7386 0.0281 -0.0299 0.9992 0.9656 0.4406
-0.1819 1.0075 6.7408 -0.0003 -0.0056 1.0000 0.9668 0.4333
-0.0963 1.0318 6.7410 -0.0022 -0.0014 1.0000 0.9659 0.4313
-0.0895 0.9923 6.7409 -0.0022 -0.0014 1.0000 0.9650 0.4318
-0.1819 1.0075 6.7408 -0.0003 -0.0056 1.0000 0.9668 0.4333
-0.0895 0.9923 6.7409 -0.0022 -0.0014 1.0000 0.9650 0.4318
-0.1683 0.9697 6.7406 -0.0007 -0.0058 1.0000 0.9659 0.4337
0.0000 1.0414 6.7411 0.9951 -0.0984 -0.0000 0.9699 0.4134
0.0000 1.0404 4.7947 0.9954 -0.0957 0.0000 0.9699 0.3643
0.0000 1.0029 4.7947 1.0000 0.0000 0.0000 0.9689 0.3643
0.0000 1.0414 6.7411 0.9951 -0.0984 -0.0000 0.9699 0.4134
0.0000 1.0029 4.7947 1.0000 0.0000 0.0000 0.9689 0.3643
0.0000 1.0039 6.7411 1.0000 0.0000 0.0000 0.9689 0.4134
0.0000 1.0404 4.7947 -0.0030 -0.0003 -1.0000 0.9607 0.4507
-0.0865 1.0324 4.7950 -0.0030 0.0005 -1.0000 0.9617 0.4488
-0.0798 0.9929 4.7950 -0.0030 0.0005 -1.0000 0.9608 0.4484
0.0000 1.0404 4.7947 -0.0030 -0.0003 -1.0000 0.9607 0.4507
-0.0798 0.9929 4.7950 -0.0030 0.0005 -1.0000 0.9608 0.4484
0.0000 1.0029 4.7947 -0.0030 -0.0003 -1.0000 0.9599 0.4502
-0.7949 0.5639 4.7977 -0.0497 0.0547 -0.9973 0.9614 0.4274
-0.8605 0.4952 4.7980 -0.0557 0.0509 -0.9971 0.9609 0.4250
-0.8305 0.4689 4.7949 -0.0563 0.0518 -0.9971 0.9599 0.4253
-0.7949 0.5639 4.7977 -0.0497 0.0547 -0.9973 0.9614 0.4274
-0.8305 0.4689 4.7949 -0.0563 0.0518 -0.9971 0.9599 0.4253
-0.7653 0.5371 4.7947 -0.0530 0.0513 -0.9973 0.9605 0.4276
-0.6603 0.6942 4.7972 -0.0399 0.0478 -0.9981 0.9624 0.4320
-0.7264 0.6280 4.7975 -0.0356 0.0586 -0.9976 0.9619 0.4297
-0.6970 0.6010 4.7947 -0.0495 0.0473 -0.9977 0.9609 0.4300
-0.6603 0.6942 4.7972 -0.0399 0.0478 -0.9981 0.9624 0.4320
-0.6970 0.6010 4.7947 -0.0495 0.0473 -0.9977 0.9609 0.4300
-0.6312 0.6668 4.7948 -0.0432 0.0445 -0.9981 0.9614 0.4322
-0.5929 0.7529 4.7970 -0.0343 0.0435 -0.9985 0.9627 0.4342
-0.6603 0.6942 4.7972 -0.0399 0.0478 -0.9981 0.9624 0.4320
-0.6312 0.6668 4.7948 -0.0432 0.0445 -0.9981 0.9614 0.4322
-0.5929 0.7529 4.7970 -0.0343 0.0435 -0.9985 0.9627 0.4342
-0.6312 0.6668 4.7948 -0.0432 0.0445 -0.9981 0.9614 0.4322
-0.5645 0.7248 4.7948 -0.0372 0.0406 -0.9985 0.9617 0.4345
-0.5255 0.8116 4.7967 -0.0295 0.0383 -0.9988 0.9630 0.4365
-0.5929 0.7529 4.7970 -0.0343 0.0435 -0.9985 0.9627 0.4342
-0.5645 0.7248 4.7948 -0.0372 0.0406 -0.9985 0.9617 0.4345
-0.5255 0.8116 4.7967 -0.0295 0.0383 -0.9988 0.9630 0.4365
-0.5645 0.7248 4.7948 -0.0372 0.0406 -0.9985 0.9617 0.4345
-0.4975 0.7831 4.7948 -0.0322 0.0356 -0.9988 0.9620 0.4367
-0.4585 0.8671 4.7964 -0.0233 0.0337 -0.9992 0.9633 0.4386
-0.5255 0.8116 4.7967 -0.0295 0.0383 -0.9988 0.9630 0.4365
-0.4975 0.7831 4.7948 -0.0322 0.0356 -0.9988 0.9620 0.4367
-0.4585 0.8671 4.7964 -0.0233 0.0337 -0.9992 0.9633 0.4386
-0.4975 0.7831 4.7948 -0.0322 0.0356 -0.9988 0.9620 0.4367
-0.4318 0.8374 4.7948 -0.0255 0.0315 -0.9992 0.9623 0.4388
-0.3914 0.9125 4.7962 -0.0159 0.0287 -0.9995 0.9633 0.4407
-0.4585 0.8671 4.7964 -0.0233 0.0337 -0.9992 0.9633 0.4386
-0.4318 0.8374 4.7948 -0.0255 0.0315 -0.9992 0.9623 0.4388
-0.3914 0.9125 4.7962 -0.0159 0.0287 -0.9995 0.9633 0.4407
-0.4318 0.8374 4.7948 -0.0255 0.0315 -0.9992 0.9623 0.4388
-0.3660 0.8817 4.7948 -0.0188 0.0261 -0.9995 0.9623 0.4408
-0.3238 0.9561 4.7959 -0.0096 0.0213 -0.9997 0.9633 0.4427
-0.3914 0.9125 4.7962 -0.0159 0.0287 -0.9995 0.9633 0.4407
-0.3660 0.8817 4.7948 -0.0188 0.0261 -0.9995 0.9623 0.4408
-0.3238 0.9561 4.7959 -0.0096 0.0213 -0.9997 0.9633 0.4427
-0.3660 0.8817 4.7948 -0.0188 0.0261 -0.9995 0.9623 0.4408
-0.3001 0.9239 4.7950 -0.0118 0.0191 -0.9997 0.9623 0.4428
-0.2541 0.9876 4.7956 -0.0045 0.0127 -0.9999 0.9630 0.4446
-0.3238 0.9561 4.7959 -0.0096 0.0213 -0.9997 0.9633 0.4427
-0.3001 0.9239 4.7950 -0.0118 0.0191 -0.9997 0.9623 0.4428
-0.2541 0.9876 4.7956 -0.0045 0.0127 -0.9999 0.9630 0.4446
-0.3001 0.9239 4.7950 -0.0118 0.0191 -0.9997 0.9623 0.4428
-0.2341 0.9528 4.7951 -0.0058 0.0111 -0.9999 0.9620 0.4446
-0.1720 1.0145 4.7953 -0.0030 0.0047 -1.0000 0.9625 0.4467
-0.2541 0.9876 4.7956 -0.0045 0.0127 -0.9999 0.9630 0.4446
-0.2341 0.9528 4.7951 -0.0058 0.0111 -0.9999 0.9620 0.4446
-0.1720 1.0145 4.7953 -0.0030 0.0047 -1.0000 0.9625 0.4467
-0.2341 0.9528 4.7951 -0.0058 0.0111 -0.9999 0.9620 0.4446
-0.1584 0.9767 4.7951 -0.0034 0.0041 -1.0000 0.9615 0.4465
-0.0865 1.0324 4.7950 -0.0030 0.0005 -1.0000 0.9617 0.4488
-0.1720 1.0145 4.7953 -0.0030 0.0047 -1.0000 0.9625 0.4467
-0.1584 0.9767 4.7951 -0.0034 0.0041 -1.0000 0.9615 0.4465
-0.0865 1.0324 4.7950 -0.0030 0.0005 -1.0000 0.9617 0.4488
-0.1584 0.9767 4.7951 -0.0034 0.0041 -1.0000 0.9615 0.4465
-0.0798 0.9929 4.7950 -0.0030 0.0005 -1.0000 0.9608 0.4484
-0.7264 0.6280 4.7975 -0.0356 0.0586 -0.9976 0.9619 0.4297
-0.7949 0.5639 4.7977 -0.0497 0.0547 -0.9973 0.9614 0.4274
-0.7653 0.5371 4.7947 -0.0530 0.0513 -0.9973 0.9605 0.4276
-0.7264 0.6280 4.7975 -0.0356 0.0586 -0.9976 0.9619 0.4297
-0.7653 0.5371 4.7947 -0.0530 0.0513 -0.9973 0.9605 0.4276
-0.6970 0.6010 4.7947 -0.0495 0.0473 -0.9977 0.9609 0.4300
-0.4862 0.7086 6.7404 0.0480 -0.0276 0.9985 0.9661 0.4440
-0.4474 0.7572 6.7402 0.0390 -0.0280 0.9988 0.9664 0.4425
-0.4195 0.7286 6.7382 0.0368 -0.0316 0.9988 0.9654 0.4424
-0.4862 0.7086 6.7404 0.0480 -0.0276 0.9985 0.9661 0.4440
-0.4195 0.7286 6.7382 0.0368 -0.0316 0.9988 0.9654 0.4424
-0.4578 0.6805 6.7382 0.0447 -0.0335 0.9984 0.9651 0.4439
-0.6115 0.5484 6.7452 0.0810 -0.0131 0.9966 0.9651 0.4491
-0.5701 0.6017 6.7430 0.0767 -0.0096 0.9970 0.9654 0.4474
-0.5407 0.5748 6.7403 0.0750 -0.0196 0.9970 0.9644 0.4473
-0.6115 0.5484 6.7452 0.0810 -0.0131 0.9966 0.9651 0.4491
-0.5407 0.5748 6.7403 0.0750 -0.0196 0.9970 0.9644 0.4473
-0.5820 0.5215 6.7422 0.0792 -0.0224 0.9966 0.9641 0.4489
-0.8605 0.4952 4.7980 -0.6539 -0.7533 0.0702 0.9661 0.3639
-0.6529 0.4950 6.7474 -0.6752 -0.7343 0.0696 0.9661 0.4134
-0.6229 0.4687 6.7443 -0.6543 -0.7530 0.0696 0.9671 0.4134
-0.8605 0.4952 4.7980 -0.6539 -0.7533 0.0702 0.9661 0.3639
-0.6229 0.4687 6.7443 -0.6543 -0.7530 0.0696 0.9671 0.4134
-0.8305 0.4689 4.7949 -0.6548 -0.7526 0.0700 0.9671 0.3640
11 22 10
11 13 22
10 21 9
10 22 21
9 20 1
9 21 20
1 19 8
1 20 19
8 18 7
8 19 18
7 17 6
7 18 17
6 16 2
6 17 16
15 2 16
15 24 2
24 14 4
24 15 14
4 23 5
4 14 23
12 5 23
12 25 5
25 0 3
25 12 0
37 48 39
37 36 48
36 47 48
36 35 47
35 46 47
35 27 46
27 45 46
27 34 45
34 44 45
34 33 44
33 43 44
33 32 43
32 42 43
32 28 42
41 28 50
41 42 28
50 40 41
50 30 40
30 49 40
30 31 49
38 31 51
38 49 31
51 26 38
51 29 26
52 54 53
55 57 56
58 60 59
61 63 62
64 66 65
67 69 68
70 72 71
73 75 74
76 78 77
79 81 80
82 84 83
85 87 86
88 90 89
91 93 92
94 96 95
97 99 98
100 102 101
103 105 104
106 108 107
109 111 110
112 114 113
115 117 116
118 120 119
121 123 122
124 126 125
127 129 128
130 132 131
133 135 134
136 138 137
139 141 140
142 144 143
145 147 146
148 150 149
151 153 152
154 156 155
157 159 158
160 162 161
163 165 164
166 168 167
169 171 170
172 174 173
175 177 176
178 180 179
181 183 182
184 186 185
187 189 188
190 192 191
193 195 194
196 198 197
199 201 200
202 204 203
205 207 206
LABEL Canopy
MATERIAL 2
TEXTURE 2
FLAG 0
GEOM 485 348
-0.4617 0.7065 14.4405 -0.8874 0.4574 0.0571 0.1485 0.5446
-0.4381 0.7490 14.4864 -0.5857 0.7070 0.3963 0.1468 0.5460
-0.2675 0.9829 14.5001 -0.8208 0.4608 0.3376 0.1378 0.5457
-0.5168 0.5855 14.3828 -0.9012 -0.3587 -0.2432 0.1531 0.5431
-0.4164 0.5699 15.1676 -0.7659 0.6075 0.2105 0.1489 0.5692
-0.3759 0.6211 15.1668 -0.4965 0.8678 -0.0209 0.1467 0.5689
-0.0633 0.9286 15.2037 -0.8944 0.4197 0.1546 0.1317 0.5683
-0.3641 0.6115 15.2154 -0.3911 0.3192 0.8632 0.1465 0.5706
-0.0446 0.9251 15.2387 -0.3962 0.2618 0.8801 0.1311 0.5695
-0.4146 0.5624 15.2118 -0.5058 0.2239 0.8331 0.1489 0.5707
-0.4246 0.7808 14.1063 -0.8943 -0.0123 -0.4473 0.1464 0.5334
-0.4652 0.7114 14.2046 -0.9008 -0.1355 -0.4125 0.1489 0.5368
-0.2468 1.0017 13.7952 -0.6468 0.2852 -0.7073 0.1373 0.5229
-0.1915 0.9585 14.9488 -0.9497 0.0581 0.3076 0.1354 0.5596
-0.4959 0.5055 14.9875 -0.9606 -0.2779 0.0020 0.1530 0.5634
-0.4103 0.6576 14.9687 -0.1802 0.9650 0.1906 0.1472 0.5621
-0.4496 0.6042 14.9850 -0.8371 0.5174 0.1775 0.1494 0.5628
-0.4898 0.4820 15.1653 -0.8397 -0.2780 0.4666 0.1528 0.5695
-0.0981 1.0876 14.4810 -0.3709 0.9278 0.0411 0.1316 0.5449
-0.1872 1.0430 14.4906 -0.5103 0.8580 0.0592 0.1347 0.5453
-0.0935 1.0708 13.7981 -0.1722 0.6895 -0.7036 0.1316 0.5230
-0.1764 1.0462 13.7967 -0.3359 0.6497 -0.6819 0.1345 0.5230
-0.0727 1.0503 14.8972 -0.4482 0.8787 0.1645 0.1309 0.5576
-0.1365 1.0122 14.9230 -0.5493 0.8095 0.2074 0.1331 0.5586
-0.3528 0.8659 14.4933 -0.5762 0.4013 0.7120 0.1423 0.5458
-0.3954 0.8075 14.4899 -0.5725 0.3943 0.7189 0.1445 0.5459
-0.3382 0.8876 13.9552 -0.8855 0.0298 -0.4637 0.1421 0.5283
-0.3788 0.8375 14.0261 -0.8822 0.0194 -0.4705 0.1441 0.5307
-0.4801 0.6662 14.4212 -0.9138 0.4021 0.0564 0.1500 0.5441
-0.4984 0.6258 14.4020 -0.9138 0.4024 0.0547 0.1515 0.5436
-0.4650 0.5713 14.9858 -0.8726 0.4657 0.1470 0.1505 0.5630
-0.4805 0.5384 14.9867 -0.8754 0.4680 0.1206 0.1518 0.5632
-0.4408 0.5406 15.1668 -0.7953 0.5821 0.1694 0.1502 0.5693
-0.4653 0.5113 15.1661 -0.7986 0.5842 0.1446 0.1515 0.5694
-0.4888 0.6537 14.2862 -0.8873 -0.2188 -0.4060 0.1508 0.5397
-0.5028 0.6196 14.3344 -0.8830 -0.2207 -0.4141 0.1520 0.5414
-0.1310 0.9444 15.0690 -0.8987 -0.0400 0.4367 0.1338 0.5637
0.0000 1.0240 15.1469 -0.0000 0.9335 0.3585 0.1285 0.5654
-0.0448 1.0312 15.0316 -0.4949 0.8308 0.2547 0.1301 0.5619
-0.0447 0.9763 15.1690 -0.6563 0.6617 0.3625 0.1304 0.5666
-0.0989 0.9937 15.0491 -0.5908 0.7367 0.3291 0.1321 0.5626
0.0000 1.1078 14.4712 -0.0023 0.9999 0.0150 0.1285 0.5446
0.0000 0.9835 15.2446 -0.0000 0.6280 0.7782 0.1285 0.5690
0.0000 1.0455 13.7992 0.0000 -0.6810 -0.7323 0.9626 0.3526
0.0000 1.0796 14.8721 -0.0031 0.9937 0.1122 0.1285 0.5568
0.0000 1.0615 14.9840 -0.0010 0.9831 0.1828 0.1285 0.5602
-0.4261 0.6882 14.4382 0.8882 -0.4560 -0.0564 0.9280 0.0226
-0.4046 0.7270 14.4836 0.9238 -0.2544 0.2861 0.9287 0.0217
-0.2403 0.9529 14.4982 0.3428 -0.8780 0.3341 0.9285 0.0168
-0.4802 0.5693 14.3806 0.2777 -0.9052 -0.3217 0.9272 0.0250
-0.3857 0.5455 15.1592 0.7657 -0.6076 -0.2110 0.9411 0.0230
-0.3471 0.5955 15.1559 0.8179 -0.2593 -0.5137 0.9409 0.0219
-0.0356 0.9035 15.1892 0.4078 -0.7894 -0.4589 0.9410 0.0140
-0.3360 0.5854 15.2037 0.6045 -0.6103 0.5120 0.9418 0.0218
0.0000 0.9253 15.2387 -0.0000 -0.5973 0.8020 0.9418 0.0132
-0.3849 0.5366 15.2043 0.4888 -0.6364 0.5967 0.9419 0.0230
-0.3923 0.7569 14.1056 0.2262 -0.8502 -0.4754 0.9219 0.0218
-0.4300 0.6920 14.2039 0.3215 -0.8325 -0.4513 0.9238 0.0229
-0.2205 0.9706 13.7952 0.1534 -0.6707 -0.7257 0.9160 0.0173
-0.1680 0.9276 14.9381 -0.1661 -0.9855 -0.0334 0.9362 0.0157
-0.4608 0.4864 14.9832 0.2752 -0.9495 -0.1508 0.9380 0.0250
-0.3777 0.6353 14.9615 0.9824 0.1757 -0.0632 0.9373 0.0220
-0.4159 0.5834 14.9778 0.8376 -0.5169 -0.1769 0.9377 0.0231
-0.4568 0.4597 15.1601 0.1467 -0.9307 0.3352 0.9412 0.0250
-0.0845 1.0497 14.4794 0.2227 -0.9740 -0.0410 0.9280 0.0136
-0.1666 1.0084 14.4882 0.5106 -0.8578 -0.0589 0.9282 0.0152
-0.0819 1.0324 13.7992 0.1624 -0.6833 -0.7119 0.9159 0.0145
-0.1573 1.0108 13.7969 0.3358 -0.5904 -0.7339 0.9159 0.0159
-0.0559 1.0144 14.8902 0.2546 -0.9531 -0.1636 0.9353 0.0133
-0.1152 0.9792 14.9136 0.5214 -0.8207 -0.2337 0.9357 0.0145
-0.3210 0.8416 14.4932 0.5452 -0.4578 0.7023 0.9286 0.0192
-0.3639 0.7829 14.4894 0.5417 -0.4712 0.6961 0.9286 0.0205
-0.3065 0.8633 13.9553 0.2299 -0.8465 -0.4802 0.9190 0.0195
-0.3471 0.8130 14.0258 0.2366 -0.8439 -0.4814 0.9204 0.0206
-0.4435 0.6501 14.4190 0.9141 -0.4016 -0.0561 0.9277 0.0233
-0.4618 0.6097 14.3998 0.9138 -0.4025 -0.0547 0.9274 0.0242
-0.4300 0.5526 14.9799 0.8723 -0.4662 -0.1474 0.9378 0.0237
-0.4453 0.5196 14.9818 0.8751 -0.4685 -0.1212 0.9379 0.0243
-0.4089 0.5173 15.1600 0.7947 -0.5833 -0.1681 0.9411 0.0236
-0.4333 0.4879 15.1603 0.7986 -0.5845 -0.1436 0.9412 0.0243
-0.4523 0.6375 14.2853 0.4048 -0.8003 -0.4424 0.9254 0.0239
-0.4662 0.6034 14.3336 0.4101 -0.7955 -0.4461 0.9263 0.0244
-0.1074 0.9154 15.0547 -0.0733 -0.9952 -0.0644 0.9384 0.0149
-0.0000 0.9992 15.0132 0.0002 -0.9521 -0.3059 0.9376 0.0125
-0.0001 0.9505 15.1557 0.0005 -0.9245 -0.3811 0.9403 0.0129
-0.0521 0.9634 15.0366 0.4983 -0.8015 -0.3307 0.9380 0.0136
0.4617 0.7065 14.4405 0.8874 0.4574 0.0571 0.1085 0.5446
0.4381 0.7490 14.4864 0.5857 0.7070 0.3963 0.1102 0.5460
0.2675 0.9829 14.5001 0.8208 0.4608 0.3376 0.1193 0.5457
0.5168 0.5855 14.3828 0.9012 -0.3587 -0.2432 0.1040 0.5431
0.4164 0.5699 15.1676 0.7659 0.6075 0.2105 0.1081 0.5692
0.3759 0.6211 15.1668 0.4965 0.8678 -0.0209 0.1103 0.5689
0.0633 0.9286 15.2037 0.8944 0.4197 0.1546 0.1253 0.5683
0.3641 0.6115 15.2154 0.3911 0.3192 0.8632 0.1106 0.5706
0.0446 0.9251 15.2387 0.3962 0.2618 0.8801 0.1259 0.5695
0.4146 0.5624 15.2118 0.5058 0.2239 0.8331 0.1081 0.5707
0.4246 0.7808 14.1063 0.8943 -0.0123 -0.4473 0.1106 0.5334
0.4652 0.7114 14.2046 0.9008 -0.1355 -0.4125 0.1081 0.5368
0.2468 1.0017 13.7952 0.6468 0.2852 -0.7073 0.1198 0.5229
0.1915 0.9585 14.9488 0.9497 0.0581 0.3076 0.1216 0.5596
0.4959 0.5055 14.9875 0.9606 -0.2779 0.0020 0.1041 0.5634
0.4103 0.6576 14.9687 0.1802 0.9650 0.1906 0.1098 0.5621
0.4496 0.6042 14.9850 0.8371 0.5174 0.1775 0.1077 0.5628
0.4898 0.4820 15.1653 0.8397 -0.2780 0.4666 0.1042 0.5695
0.0981 1.0876 14.4810 0.3694 0.9284 0.0411 0.1254 0.5449
0.1872 1.0430 14.4906 0.5103 0.8580 0.0592 0.1224 0.5453
0.0935 1.0708 13.7981 0.1722 0.6894 -0.7036 0.1254 0.5230
0.1764 1.0462 13.7967 0.3359 0.6497 -0.6819 0.1225 0.5230
0.0727 1.0503 14.8972 0.4466 0.8797 0.1632 0.1261 0.5576
0.1365 1.0122 14.9230 0.5493 0.8095 0.2074 0.1239 0.5586
0.3528 0.8659 14.4933 0.5762 0.4013 0.7120 0.1148 0.5458
0.3954 0.8075 14.4899 0.5725 0.3942 0.7189 0.1125 0.5459
0.3382 0.8876 13.9552 0.8855 0.0298 -0.4637 0.1150 0.5283
0.3788 0.8375 14.0261 0.8822 0.0194 -0.4705 0.1129 0.5307
0.4801 0.6662 14.4212 0.9138 0.4021 0.0564 0.1070 0.5441
0.4984 0.6258 14.4020 0.9138 0.4024 0.0547 0.1055 0.5436
0.4650 0.5713 14.9858 0.8726 0.4657 0.1470 0.1065 0.5630
0.4805 0.5384 14.9867 0.8754 0.4680 0.1206 0.1053 0.5632
0.4408 0.5406 15.1668 0.7952 0.5821 0.1694 0.1068 0.5693
0.4653 0.5113 15.1661 0.7986 0.5842 0.1446 0.1055 0.5694
0.4888 0.6537 14.2862 0.8873 -0.2188 -0.4060 0.1062 0.5397
0.5028 0.6196 14.3344 0.8830 -0.2207 -0.4141 0.1051 0.5414
0.1310 0.9444 15.0690 0.8987 -0.0400 0.4367 0.1232 0.5637
0.0448 1.0312 15.0316 0.4976 0.8291 0.2550 0.1270 0.5619
0.0447 0.9763 15.1690 0.6563 0.6617 0.3625 0.1266 0.5666
0.0989 0.9937 15.0491 0.5908 0.7367 0.3291 0.1249 0.5626
0.4261 0.6882 14.4382 -0.8882 -0.4560 -0.0564 0.9280 0.0276
0.4046 0.7270 14.4836 -0.9238 -0.2544 0.2861 0.9287 0.0285
0.2403 0.9529 14.4982 -0.3428 -0.8780 0.3341 0.9285 0.0334
0.4802 0.5693 14.3806 -0.2777 -0.9052 -0.3217 0.9272 0.0252
0.3857 0.5455 15.1592 -0.7657 -0.6076 -0.2110 0.9411 0.0272
0.3471 0.5955 15.1559 -0.8179 -0.2593 -0.5137 0.9409 0.0283
0.0356 0.9035 15.1892 -0.4075 -0.7897 -0.4587 0.9410 0.0362
0.3360 0.5854 15.2037 -0.6045 -0.6103 0.5120 0.9418 0.0284
0.3849 0.5366 15.2043 -0.4888 -0.6364 0.5967 0.9419 0.0272
0.3923 0.7569 14.1056 -0.2262 -0.8502 -0.4754 0.9219 0.0284
0.4300 0.6920 14.2039 -0.3215 -0.8325 -0.4513 0.9238 0.0273
0.2205 0.9706 13.7952 -0.1534 -0.6707 -0.7257 0.9160 0.0329
0.1680 0.9276 14.9381 0.1661 -0.9855 -0.0334 0.9362 0.0345
0.4608 0.4864 14.9832 -0.2752 -0.9495 -0.1508 0.9380 0.0253
0.3777 0.6353 14.9615 -0.9824 0.1757 -0.0632 0.9373 0.0282
0.4159 0.5834 14.9778 -0.8376 -0.5169 -0.1769 0.9377 0.0271
0.4568 0.4597 15.1601 -0.1467 -0.9307 0.3352 0.9412 0.0252
0.0845 1.0497 14.4794 -0.2227 -0.9740 -0.0410 0.9280 0.0366
0.1666 1.0084 14.4882 -0.5106 -0.8578 -0.0589 0.9282 0.0350
0.0819 1.0324 13.7992 -0.1624 -0.6833 -0.7119 0.9159 0.0357
0.1573 1.0108 13.7969 -0.3358 -0.5904 -0.7339 0.9159 0.0343
0.0559 1.0144 14.8902 -0.2546 -0.9531 -0.1636 0.9353 0.0369
0.1152 0.9792 14.9136 -0.5214 -0.8207 -0.2337 0.9357 0.0357
0.3210 0.8416 14.4932 -0.5452 -0.4578 0.7023 0.9286 0.0310
0.3639 0.7829 14.4894 -0.5417 -0.4712 0.6961 0.9286 0.0297
0.3065 0.8633 13.9553 -0.2299 -0.8465 -0.4802 0.9190 0.0307
0.3471 0.8130 14.0258 -0.2366 -0.8439 -0.4814 0.9204 0.0296
0.4435 0.6501 14.4190 -0.9141 -0.4016 -0.0561 0.9277 0.0269
0.4618 0.6097 14.3998 -0.9138 -0.4025 -0.0547 0.9274 0.0260
0.4300 0.5526 14.9799 -0.8723 -0.4662 -0.1474 0.9378 0.0265
0.4453 0.5196 14.9818 -0.8751 -0.4685 -0.1212 0.9379 0.0259
0.4089 0.5173 15.1600 -0.7947 -0.5833 -0.1681 0.9411 0.0266
0.4333 0.4879 15.1603 -0.7986 -0.5845 -0.1436 0.9412 0.0259
0.4523 0.6375 14.2853 -0.4048 -0.8003 -0.4424 0.9254 0.0264
0.4662 0.6034 14.3336 -0.4101 -0.7955 -0.4461 0.9263 0.0258
0.1074 0.9154 15.0547 0.0735 -0.9952 -0.0645 0.9384 0.0353
0.0521 0.9634 15.0366 -0.4979 -0.8017 -0.3308 0.9380 0.0366
0.0000 1.0825 13.7992 -0.0000 0.7183 -0.6957 0.9628 0.3532
0.0000 1.0455 14.4681 0.0000 -0.9996 -0.0275 0.9278 0.0121
0.0000 1.0182 14.8825 -0.0000 -0.9943 -0.1063 0.9352 0.0123
-0.0494 1.1016 14.4763 -0.2332 0.9721 0.0260 0.1301 0.5447
-0.0206 1.0515 15.0097 -0.3422 0.9140 0.2180 0.1292 0.5610
-0.0430 1.0692 14.8878 -0.3104 0.9403 0.1392 0.1299 0.5573
0.0396 1.0705 14.8867 0.3038 0.9426 0.1384 0.1273 0.5572
0.0482 1.1018 14.4761 0.2294 0.9730 0.0258 0.1270 0.5447
0.0221 1.0506 15.0115 0.3471 0.9123 0.2176 0.1278 0.5611
-0.4381 0.7490 14.4864 -0.5857 0.7070 0.3963 0.9582 0.3514
-0.3954 0.8075 14.4899 -0.5725 0.3943 0.7189 0.9595 0.3514
-0.3639 0.7829 14.4894 0.5417 -0.4712 0.6961 0.9595 0.3507
-0.4381 0.7490 14.4864 -0.5857 0.7070 0.3963 0.9582 0.3514
-0.3639 0.7829 14.4894 0.5417 -0.4712 0.6961 0.9595 0.3507
-0.4046 0.7270 14.4836 0.9238 -0.2544 0.2861 0.9582 0.3507
-0.0633 0.9286 15.2037 -0.8944 0.4197 0.1546 0.9660 0.3489
-0.3759 0.6211 15.1668 -0.4965 0.8678 -0.0209 0.9582 0.3489
-0.3471 0.5955 15.1559 0.8179 -0.2593 -0.5137 0.9582 0.3496
-0.0633 0.9286 15.2037 -0.8944 0.4197 0.1546 0.9660 0.3489
-0.3471 0.5955 15.1559 0.8179 -0.2593 -0.5137 0.9582 0.3496
-0.0356 0.9035 15.1892 0.4078 -0.7894 -0.4589 0.9660 0.3496
-0.5168 0.5855 14.3828 -0.9012 -0.3587 -0.2432 0.9713 0.3753
-0.4959 0.5055 14.9875 -0.9606 -0.2779 0.0020 0.9605 0.3754
-0.4608 0.4864 14.9832 0.2752 -0.9495 -0.1508 0.9605 0.3761
-0.5168 0.5855 14.3828 -0.9012 -0.3587 -0.2432 0.9713 0.3753
-0.4608 0.4864 14.9832 0.2752 -0.9495 -0.1508 0.9605 0.3761
-0.4802 0.5693 14.3806 0.2777 -0.9052 -0.3217 0.9713 0.3761
-0.4103 0.6576 14.9687 -0.1802 0.9650 0.1906 0.9609 0.3876
-0.4381 0.7490 14.4864 -0.5857 0.7070 0.3963 0.9697 0.3874
-0.4046 0.7270 14.4836 0.9238 -0.2544 0.2861 0.9696 0.3867
-0.4103 0.6576 14.9687 -0.1802 0.9650 0.1906 0.9609 0.3876
-0.4046 0.7270 14.4836 0.9238 -0.2544 0.2861 0.9696 0.3867
-0.3777 0.6353 14.9615 0.9824 0.1757 -0.0632 0.9609 0.3869
-0.2675 0.9829 14.5001 -0.8208 0.4608 0.3376 0.9573 0.3808
-0.1915 0.9585 14.9488 -0.9497 0.0581 0.3076 0.9654 0.3815
-0.1680 0.9276 14.9381 -0.1661 -0.9855 -0.0334 0.9653 0.3808
-0.2675 0.9829 14.5001 -0.8208 0.4608 0.3376 0.9573 0.3808
-0.1680 0.9276 14.9381 -0.1661 -0.9855 -0.0334 0.9653 0.3808
-0.2403 0.9529 14.4982 0.3428 -0.8780 0.3341 0.9575 0.3801
-0.3641 0.6115 15.2154 -0.3911 0.3192 0.8632 0.9607 0.3842
-0.0446 0.9251 15.2387 -0.3962 0.2618 0.8801 0.9686 0.3839
0.0000 0.9253 15.2387 -0.0000 -0.5973 0.8020 0.9692 0.3834
-0.3641 0.6115 15.2154 -0.3911 0.3192 0.8632 0.9607 0.3842
0.0000 0.9253 15.2387 -0.0000 -0.5973 0.8020 0.9692 0.3834
-0.3360 0.5854 15.2037 0.6045 -0.6103 0.5120 0.9607 0.3835
-0.4146 0.5624 15.2118 -0.5058 0.2239 0.8331 0.9594 0.3842
-0.3641 0.6115 15.2154 -0.3911 0.3192 0.8632 0.9607 0.3842
-0.3360 0.5854 15.2037 0.6045 -0.6103 0.5120 0.9607 0.3835
-0.4146 0.5624 15.2118 -0.5058 0.2239 0.8331 0.9594 0.3842
-0.3360 0.5854 15.2037 0.6045 -0.6103 0.5120 0.9607 0.3835
-0.3849 0.5366 15.2043 0.4888 -0.6364 0.5967 0.9595 0.3835
-0.4246 0.7808 14.1063 -0.8943 -0.0123 -0.4473 0.9648 0.3784
-0.4652 0.7114 14.2046 -0.9008 -0.1355 -0.4125 0.9670 0.3784
-0.4300 0.6920 14.2039 0.3215 -0.8325 -0.4513 0.9670 0.3777
-0.4246 0.7808 14.1063 -0.8943 -0.0123 -0.4473 0.9648 0.3784
-0.4300 0.6920 14.2039 0.3215 -0.8325 -0.4513 0.9670 0.3777
-0.3923 0.7569 14.1056 0.2262 -0.8502 -0.4754 0.9648 0.3777
-0.5028 0.6196 14.3344 -0.8830 -0.2207 -0.4141 0.9699 0.3781
-0.5168 0.5855 14.3828 -0.9012 -0.3587 -0.2432 0.9710 0.3779
-0.4802 0.5693 14.3806 0.2777 -0.9052 -0.3217 0.9709 0.3772
-0.5028 0.6196 14.3344 -0.8830 -0.2207 -0.4141 0.9699 0.3781
-0.4802 0.5693 14.3806 0.2777 -0.9052 -0.3217 0.9709 0.3772
-0.4662 0.6034 14.3336 0.4101 -0.7955 -0.4461 0.9698 0.3773
-0.3788 0.8375 14.0261 -0.8822 0.0194 -0.4705 0.9629 0.3783
-0.4246 0.7808 14.1063 -0.8943 -0.0123 -0.4473 0.9648 0.3784
-0.3923 0.7569 14.1056 0.2262 -0.8502 -0.4754 0.9648 0.3777
-0.3788 0.8375 14.0261 -0.8822 0.0194 -0.4705 0.9629 0.3783
-0.3923 0.7569 14.1056 0.2262 -0.8502 -0.4754 0.9648 0.3777
-0.3471 0.8130 14.0258 0.2366 -0.8439 -0.4814 0.9629 0.3776
-0.1764 1.0462 13.7967 -0.3359 0.6497 -0.6819 0.9596 0.3538
-0.2468 1.0017 13.7952 -0.6468 0.2852 -0.7073 0.9582 0.3542
-0.2205 0.9706 13.7952 0.1534 -0.6707 -0.7257 0.9585 0.3549
-0.1764 1.0462 13.7967 -0.3359 0.6497 -0.6819 0.9596 0.3538
-0.2205 0.9706 13.7952 0.1534 -0.6707 -0.7257 0.9585 0.3549
-0.1573 1.0108 13.7969 0.3358 -0.5904 -0.7339 0.9598 0.3545
-0.3759 0.6211 15.1668 -0.4965 0.8678 -0.0209 0.9573 0.3874
-0.4103 0.6576 14.9687 -0.1802 0.9650 0.1906 0.9609 0.3876
-0.3777 0.6353 14.9615 0.9824 0.1757 -0.0632 0.9609 0.3869
-0.3759 0.6211 15.1668 -0.4965 0.8678 -0.0209 0.9573 0.3874
-0.3777 0.6353 14.9615 0.9824 0.1757 -0.0632 0.9609 0.3869
-0.3471 0.5955 15.1559 0.8179 -0.2593 -0.5137 0.9574 0.3867
-0.1915 0.9585 14.9488 -0.9497 0.0581 0.3076 0.9654 0.3815
-0.1310 0.9444 15.0690 -0.8987 -0.0400 0.4367 0.9678 0.3812
-0.1074 0.9154 15.0547 -0.0733 -0.9952 -0.0644 0.9677 0.3805
-0.1915 0.9585 14.9488 -0.9497 0.0581 0.3076 0.9654 0.3815
-0.1074 0.9154 15.0547 -0.0733 -0.9952 -0.0644 0.9677 0.3805
-0.1680 0.9276 14.9381 -0.1661 -0.9855 -0.0334 0.9653 0.3808
-0.4898 0.4820 15.1653 -0.8397 -0.2780 0.4666 0.9573 0.3841
-0.4146 0.5624 15.2118 -0.5058 0.2239 0.8331 0.9594 0.3842
-0.3849 0.5366 15.2043 0.4888 -0.6364 0.5967 0.9595 0.3835
-0.4898 0.4820 15.1653 -0.8397 -0.2780 0.4666 0.9573 0.3841
-0.3849 0.5366 15.2043 0.4888 -0.6364 0.5967 0.9595 0.3835
-0.4568 0.4597 15.1601 0.1467 -0.9307 0.3352 0.9574 0.3834
-0.4959 0.5055 14.9875 -0.9606 -0.2779 0.0020 0.9605 0.3754
-0.4898 0.4820 15.1653 -0.8397 -0.2780 0.4666 0.9573 0.3753
-0.4568 0.4597 15.1601 0.1467 -0.9307 0.3352 0.9573 0.3761
-0.4959 0.5055 14.9875 -0.9606 -0.2779 0.0020 0.9605 0.3754
-0.4568 0.4597 15.1601 0.1467 -0.9307 0.3352 0.9573 0.3761
-0.4608 0.4864 14.9832 0.2752 -0.9495 -0.1508 0.9605 0.3761
-0.0935 1.0708 13.7981 -0.1722 0.6895 -0.7036 0.9612 0.3539
-0.1764 1.0462 13.7967 -0.3359 0.6497 -0.6819 0.9596 0.3538
-0.1573 1.0108 13.7969 0.3358 -0.5904 -0.7339 0.9598 0.3545
-0.0935 1.0708 13.7981 -0.1722 0.6895 -0.7036 0.9612 0.3539
-0.1573 1.0108 13.7969 0.3358 -0.5904 -0.7339 0.9598 0.3545
-0.0819 1.0324 13.7992 0.1624 -0.6833 -0.7119 0.9611 0.3546
-0.3954 0.8075 14.4899 -0.5725 0.3943 0.7189 0.9595 0.3514
-0.3528 0.8659 14.4933 -0.5762 0.4013 0.7120 0.9608 0.3514
-0.3210 0.8416 14.4932 0.5452 -0.4578 0.7023 0.9608 0.3507
-0.3954 0.8075 14.4899 -0.5725 0.3943 0.7189 0.9595 0.3514
-0.3210 0.8416 14.4932 0.5452 -0.4578 0.7023 0.9608 0.3507
-0.3639 0.7829 14.4894 0.5417 -0.4712 0.6961 0.9595 0.3507
-0.3382 0.8876 13.9552 -0.8855 0.0298 -0.4637 0.9612 0.3782
-0.3788 0.8375 14.0261 -0.8822 0.0194 -0.4705 0.9629 0.3783
-0.3471 0.8130 14.0258 0.2366 -0.8439 -0.4814 0.9629 0.3776
-0.3382 0.8876 13.9552 -0.8855 0.0298 -0.4637 0.9612 0.3782
-0.3471 0.8130 14.0258 0.2366 -0.8439 -0.4814 0.9629 0.3776
-0.3065 0.8633 13.9553 0.2299 -0.8465 -0.4802 0.9612 0.3775
-0.4652 0.7114 14.2046 -0.9008 -0.1355 -0.4125 0.9670 0.3784
-0.4888 0.6537 14.2862 -0.8873 -0.2188 -0.4060 0.9688 0.3782
-0.4523 0.6375 14.2853 0.4048 -0.8003 -0.4424 0.9688 0.3775
-0.4652 0.7114 14.2046 -0.9008 -0.1355 -0.4125 0.9670 0.3784
-0.4523 0.6375 14.2853 0.4048 -0.8003 -0.4424 0.9688 0.3775
-0.4300 0.6920 14.2039 0.3215 -0.8325 -0.4513 0.9670 0.3777
-0.4888 0.6537 14.2862 -0.8873 -0.2188 -0.4060 0.9688 0.3782
-0.5028 0.6196 14.3344 -0.8830 -0.2207 -0.4141 0.9699 0.3781
-0.4662 0.6034 14.3336 0.4101 -0.7955 -0.4461 0.9698 0.3773
-0.4888 0.6537 14.2862 -0.8873 -0.2188 -0.4060 0.9688 0.3782
-0.4662 0.6034 14.3336 0.4101 -0.7955 -0.4461 0.9698 0.3773
-0.4523 0.6375 14.2853 0.4048 -0.8003 -0.4424 0.9688 0.3775
-0.1310 0.9444 15.0690 -0.8987 -0.0400 0.4367 0.9678 0.3812
-0.0633 0.9286 15.2037 -0.8944 0.4197 0.1546 0.9704 0.3808
-0.0356 0.9035 15.1892 0.4078 -0.7894 -0.4589 0.9704 0.3801
-0.1310 0.9444 15.0690 -0.8987 -0.0400 0.4367 0.9678 0.3812
-0.0356 0.9035 15.1892 0.4078 -0.7894 -0.4589 0.9704 0.3801
-0.1074 0.9154 15.0547 -0.0733 -0.9952 -0.0644 0.9677 0.3805
-0.3528 0.8659 14.4933 -0.5762 0.4013 0.7120 0.9608 0.3514
-0.2675 0.9829 14.5001 -0.8208 0.4608 0.3376 0.9633 0.3514
-0.2403 0.9529 14.4982 0.3428 -0.8780 0.3341 0.9632 0.3507
-0.3528 0.8659 14.4933 -0.5762 0.4013 0.7120 0.9608 0.3514
-0.2403 0.9529 14.4982 0.3428 -0.8780 0.3341 0.9632 0.3507
-0.3210 0.8416 14.4932 0.5452 -0.4578 0.7023 0.9608 0.3507
-0.2468 1.0017 13.7952 -0.6468 0.2852 -0.7073 0.9573 0.3779
-0.3382 0.8876 13.9552 -0.8855 0.0298 -0.4637 0.9612 0.3782
-0.3065 0.8633 13.9553 0.2299 -0.8465 -0.4802 0.9612 0.3775
-0.2468 1.0017 13.7952 -0.6468 0.2852 -0.7073 0.9573 0.3779
-0.3065 0.8633 13.9553 0.2299 -0.8465 -0.4802 0.9612 0.3775
-0.2205 0.9706 13.7952 0.1534 -0.6707 -0.7257 0.9575 0.3772
0.0000 0.9253 15.2387 -0.0000 -0.5973 0.8020 0.9418 0.0370
-0.0001 0.9505 15.1557 0.0005 -0.9245 -0.3811 0.9403 0.0373
-0.0001 0.9505 15.1557 0.0005 -0.9245 -0.3811 0.9403 0.0373
-0.0000 0.9992 15.0132 0.0002 -0.9521 -0.3059 0.9376 0.0377
0.4381 0.7490 14.4864 0.5857 0.7070 0.3963 0.9582 0.3517
0.4046 0.7270 14.4836 -0.9238 -0.2544 0.2861 0.9582 0.3524
0.3639 0.7829 14.4894 -0.5417 -0.4712 0.6961 0.9595 0.3524
0.4381 0.7490 14.4864 0.5857 0.7070 0.3963 0.9582 0.3517
0.3639 0.7829 14.4894 -0.5417 -0.4712 0.6961 0.9595 0.3524
0.3954 0.8075 14.4899 0.5725 0.3942 0.7189 0.9595 0.3517
0.0633 0.9286 15.2037 0.8944 0.4197 0.1546 0.9582 0.3498
0.0356 0.9035 15.1892 -0.4075 -0.7897 -0.4587 0.9582 0.3505
0.3471 0.5955 15.1559 -0.8179 -0.2593 -0.5137 0.9660 0.3505
0.0633 0.9286 15.2037 0.8944 0.4197 0.1546 0.9582 0.3498
0.3471 0.5955 15.1559 -0.8179 -0.2593 -0.5137 0.9660 0.3505
0.3759 0.6211 15.1668 0.4965 0.8678 -0.0209 0.9660 0.3498
0.5168 0.5855 14.3828 0.9012 -0.3587 -0.2432 0.9573 0.3763
0.4802 0.5693 14.3806 -0.2777 -0.9052 -0.3217 0.9573 0.3770
0.4608 0.4864 14.9832 -0.2752 -0.9495 -0.1508 0.9681 0.3770
0.5168 0.5855 14.3828 0.9012 -0.3587 -0.2432 0.9573 0.3763
0.4608 0.4864 14.9832 -0.2752 -0.9495 -0.1508 0.9681 0.3770
0.4959 0.5055 14.9875 0.9606 -0.2779 0.0020 0.9681 0.3763
0.4103 0.6576 14.9687 0.1802 0.9650 0.1906 0.9609 0.3855
0.3777 0.6353 14.9615 -0.9824 0.1757 -0.0632 0.9609 0.3863
0.4046 0.7270 14.4836 -0.9238 -0.2544 0.2861 0.9696 0.3865
0.4103 0.6576 14.9687 0.1802 0.9650 0.1906 0.9609 0.3855
0.4046 0.7270 14.4836 -0.9238 -0.2544 0.2861 0.9696 0.3865
0.4381 0.7490 14.4864 0.5857 0.7070 0.3963 0.9697 0.3858
0.2675 0.9829 14.5001 0.8208 0.4608 0.3376 0.9704 0.3824
0.2403 0.9529 14.4982 -0.3428 -0.8780 0.3341 0.9703 0.3817
0.1680 0.9276 14.9381 0.1661 -0.9855 -0.0334 0.9624 0.3824
0.2675 0.9829 14.5001 0.8208 0.4608 0.3376 0.9704 0.3824
0.1680 0.9276 14.9381 0.1661 -0.9855 -0.0334 0.9624 0.3824
0.1915 0.9585 14.9488 0.9497 0.0581 0.3076 0.9624 0.3831
0.3641 0.6115 15.2154 0.3911 0.3192 0.8632 0.9607 0.3845
0.3360 0.5854 15.2037 -0.6045 -0.6103 0.5120 0.9607 0.3852
0.0000 0.9253 15.2387 -0.0000 -0.5973 0.8020 0.9692 0.3853
0.3641 0.6115 15.2154 0.3911 0.3192 0.8632 0.9607 0.3845
0.0000 0.9253 15.2387 -0.0000 -0.5973 0.8020 0.9692 0.3853
0.0446 0.9251 15.2387 0.3962 0.2618 0.8801 0.9686 0.3847
0.4146 0.5624 15.2118 0.5058 0.2239 0.8331 0.9594 0.3845
0.3849 0.5366 15.2043 -0.4888 -0.6364 0.5967 0.9595 0.3852
0.3360 0.5854 15.2037 -0.6045 -0.6103 0.5120 0.9607 0.3852
0.4146 0.5624 15.2118 0.5058 0.2239 0.8331 0.9594 0.3845
0.3360 0.5854 15.2037 -0.6045 -0.6103 0.5120 0.9607 0.3852
0.3641 0.6115 15.2154 0.3911 0.3192 0.8632 0.9607 0.3845
0.4246 0.7808 14.1063 0.8943 -0.0123 -0.4473 0.9635 0.3799
0.3923 0.7569 14.1056 -0.2262 -0.8502 -0.4754 0.9635 0.3791
0.4300 0.6920 14.2039 -0.3215 -0.8325 -0.4513 0.9613 0.3791
0.4246 0.7808 14.1063 0.8943 -0.0123 -0.4473 0.9635 0.3799
0.4300 0.6920 14.2039 -0.3215 -0.8325 -0.4513 0.9613 0.3791
0.4652 0.7114 14.2046 0.9008 -0.1355 -0.4125 0.9613 0.3798
0.5028 0.6196 14.3344 0.8830 -0.2207 -0.4141 0.9584 0.3795
0.4662 0.6034 14.3336 -0.4101 -0.7955 -0.4461 0.9585 0.3788
0.4802 0.5693 14.3806 -0.2777 -0.9052 -0.3217 0.9574 0.3787
0.5028 0.6196 14.3344 0.8830 -0.2207 -0.4141 0.9584 0.3795
0.4802 0.5693 14.3806 -0.2777 -0.9052 -0.3217 0.9574 0.3787
0.5168 0.5855 14.3828 0.9012 -0.3587 -0.2432 0.9573 0.3794
0.3788 0.8375 14.0261 0.8822 0.0194 -0.4705 0.9654 0.3797
0.3471 0.8130 14.0258 -0.2366 -0.8439 -0.4814 0.9654 0.3790
0.3923 0.7569 14.1056 -0.2262 -0.8502 -0.4754 0.9635 0.3791
0.3788 0.8375 14.0261 0.8822 0.0194 -0.4705 0.9654 0.3797
0.3923 0.7569 14.1056 -0.2262 -0.8502 -0.4754 0.9635 0.3791
0.4246 0.7808 14.1063 0.8943 -0.0123 -0.4473 0.9635 0.3799
0.1764 1.0462 13.7967 0.3359 0.6497 -0.6819 0.9596 0.3536
0.1573 1.0108 13.7969 -0.3358 -0.5904 -0.7339 0.9598 0.3529
0.2205 0.9706 13.7952 -0.1534 -0.6707 -0.7257 0.9585 0.3526
0.1764 1.0462 13.7967 0.3359 0.6497 -0.6819 0.9596 0.3536
0.2205 0.9706 13.7952 -0.1534 -0.6707 -0.7257 0.9585 0.3526
0.2468 1.0017 13.7952 0.6468 0.2852 -0.7073 0.9582 0.3533
0.3759 0.6211 15.1668 0.4965 0.8678 -0.0209 0.9573 0.3858
0.3471 0.5955 15.1559 -0.8179 -0.2593 -0.5137 0.9574 0.3865
0.3777 0.6353 14.9615 -0.9824 0.1757 -0.0632 0.9609 0.3863
0.3759 0.6211 15.1668 0.4965 0.8678 -0.0209 0.9573 0.3858
0.3777 0.6353 14.9615 -0.9824 0.1757 -0.0632 0.9609 0.3863
0.4103 0.6576 14.9687 0.1802 0.9650 0.1906 0.9609 0.3855
0.1915 0.9585 14.9488 0.9497 0.0581 0.3076 0.9624 0.3831
0.1680 0.9276 14.9381 0.1661 -0.9855 -0.0334 0.9624 0.3824
0.1074 0.9154 15.0547 0.0735 -0.9952 -0.0645 0.9601 0.3821
0.1915 0.9585 14.9488 0.9497 0.0581 0.3076 0.9624 0.3831
0.1074 0.9154 15.0547 0.0735 -0.9952 -0.0645 0.9601 0.3821
0.1310 0.9444 15.0690 0.8987 -0.0400 0.4367 0.9600 0.3828
0.4898 0.4820 15.1653 0.8397 -0.2780 0.4666 0.9573 0.3846
0.4568 0.4597 15.1601 -0.1467 -0.9307 0.3352 0.9574 0.3853
0.3849 0.5366 15.2043 -0.4888 -0.6364 0.5967 0.9595 0.3852
0.4898 0.4820 15.1653 0.8397 -0.2780 0.4666 0.9573 0.3846
0.3849 0.5366 15.2043 -0.4888 -0.6364 0.5967 0.9595 0.3852
0.4146 0.5624 15.2118 0.5058 0.2239 0.8331 0.9594 0.3845
0.4959 0.5055 14.9875 0.9606 -0.2779 0.0020 0.9681 0.3763
0.4608 0.4864 14.9832 -0.2752 -0.9495 -0.1508 0.9681 0.3770
0.4568 0.4597 15.1601 -0.1467 -0.9307 0.3352 0.9713 0.3770
0.4959 0.5055 14.9875 0.9606 -0.2779 0.0020 0.9681 0.3763
0.4568 0.4597 15.1601 -0.1467 -0.9307 0.3352 0.9713 0.3770
0.4898 0.4820 15.1653 0.8397 -0.2780 0.4666 0.9713 0.3763
0.0935 1.0708 13.7981 0.1722 0.6894 -0.7036 0.9612 0.3536
0.0819 1.0324 13.7992 -0.1624 -0.6833 -0.7119 0.9611 0.3528
0.1573 1.0108 13.7969 -0.3358 -0.5904 -0.7339 0.9598 0.3529
0.0935 1.0708 13.7981 0.1722 0.6894 -0.7036 0.9612 0.3536
0.1573 1.0108 13.7969 -0.3358 -0.5904 -0.7339 0.9598 0.3529
0.1764 1.0462 13.7967 0.3359 0.6497 -0.6819 0.9596 0.3536
0.3954 0.8075 14.4899 0.5725 0.3942 0.7189 0.9595 0.3517
0.3639 0.7829 14.4894 -0.5417 -0.4712 0.6961 0.9595 0.3524
0.3210 0.8416 14.4932 -0.5452 -0.4578 0.7023 0.9608 0.3524
0.3954 0.8075 14.4899 0.5725 0.3942 0.7189 0.9595 0.3517
0.3210 0.8416 14.4932 -0.5452 -0.4578 0.7023 0.9608 0.3524
0.3528 0.8659 14.4933 0.5762 0.4013 0.7120 0.9608 0.3517
0.3382 0.8876 13.9552 0.8855 0.0298 -0.4637 0.9671 0.3796
0.3065 0.8633 13.9553 -0.2299 -0.8465 -0.4802 0.9671 0.3789
0.3471 0.8130 14.0258 -0.2366 -0.8439 -0.4814 0.9654 0.3790
0.3382 0.8876 13.9552 0.8855 0.0298 -0.4637 0.9671 0.3796
0.3471 0.8130 14.0258 -0.2366 -0.8439 -0.4814 0.9654 0.3790
0.3788 0.8375 14.0261 0.8822 0.0194 -0.4705 0.9654 0.3797
0.4652 0.7114 14.2046 0.9008 -0.1355 -0.4125 0.9613 0.3798
0.4300 0.6920 14.2039 -0.3215 -0.8325 -0.4513 0.9613 0.3791
0.4523 0.6375 14.2853 -0.4048 -0.8003 -0.4424 0.9595 0.3789
0.4652 0.7114 14.2046 0.9008 -0.1355 -0.4125 0.9613 0.3798
0.4523 0.6375 14.2853 -0.4048 -0.8003 -0.4424 0.9595 0.3789
0.4888 0.6537 14.2862 0.8873 -0.2188 -0.4060 0.9595 0.3796
0.4888 0.6537 14.2862 0.8873 -0.2188 -0.4060 0.9595 0.3796
0.4523 0.6375 14.2853 -0.4048 -0.8003 -0.4424 0.9595 0.3789
0.4662 0.6034 14.3336 -0.4101 -0.7955 -0.4461 0.9585 0.3788
0.4888 0.6537 14.2862 0.8873 -0.2188 -0.4060 0.9595 0.3796
0.4662 0.6034 14.3336 -0.4101 -0.7955 -0.4461 0.9585 0.3788
0.5028 0.6196 14.3344 0.8830 -0.2207 -0.4141 0.9584 0.3795
0.1310 0.9444 15.0690 0.8987 -0.0400 0.4367 0.9600 0.3828
0.1074 0.9154 15.0547 0.0735 -0.9952 -0.0645 0.9601 0.3821
0.0356 0.9035 15.1892 -0.4075 -0.7897 -0.4587 0.9574 0.3817
0.1310 0.9444 15.0690 0.8987 -0.0400 0.4367 0.9600 0.3828
0.0356 0.9035 15.1892 -0.4075 -0.7897 -0.4587 0.9574 0.3817
0.0633 0.9286 15.2037 0.8944 0.4197 0.1546 0.9573 0.3824
0.3528 0.8659 14.4933 0.5762 0.4013 0.7120 0.9608 0.3517
0.3210 0.8416 14.4932 -0.5452 -0.4578 0.7023 0.9608 0.3524
0.2403 0.9529 14.4982 -0.3428 -0.8780 0.3341 0.9632 0.3524
0.3528 0.8659 14.4933 0.5762 0.4013 0.7120 0.9608 0.3517
0.2403 0.9529 14.4982 -0.3428 -0.8780 0.3341 0.9632 0.3524
0.2675 0.9829 14.5001 0.8208 0.4608 0.3376 0.9633 0.3517
0.2468 1.0017 13.7952 0.6468 0.2852 -0.7073 0.9710 0.3794
0.2205 0.9706 13.7952 -0.1534 -0.6707 -0.7257 0.9708 0.3787
0.3065 0.8633 13.9553 -0.2299 -0.8465 -0.4802 0.9671 0.3789
0.2468 1.0017 13.7952 0.6468 0.2852 -0.7073 0.9710 0.3794
0.3065 0.8633 13.9553 -0.2299 -0.8465 -0.4802 0.9671 0.3789
0.3382 0.8876 13.9552 0.8855 0.0298 -0.4637 0.9671 0.3796
0.0819 1.0324 13.7992 -0.1624 -0.6833 -0.7119 0.9611 0.3528
0.0935 1.0708 13.7981 0.1722 0.6894 -0.7036 0.9612 0.3536
0.0819 1.0324 13.7992 -0.1624 -0.6833 -0.7119 0.9611 0.3528
-0.0819 1.0324 13.7992 0.1624 -0.6833 -0.7119 0.9611 0.3546
0.0000 1.0455 13.7992 0.0000 -0.6810 -0.7323 0.9626 0.3549
0.0000 1.0825 13.7992 -0.0000 0.7183 -0.6957 0.9628 0.3542
-0.0819 1.0324 13.7992 0.1624 -0.6833 -0.7119 0.9611 0.3546
0.0000 1.0825 13.7992 -0.0000 0.7183 -0.6957 0.9628 0.3542
-0.0935 1.0708 13.7981 -0.1722 0.6895 -0.7036 0.9612 0.3539
0.0000 1.0455 13.7992 0.0000 -0.6810 -0.7323 0.9158 0.0130
0.0000 1.0455 13.7992 0.0000 -0.6810 -0.7323 0.9158 0.0130
0.0000 1.0455 13.7992 0.0000 -0.6810 -0.7323 0.9158 0.0372
0.0000 1.0455 14.4681 0.0000 -0.9996 -0.0275 0.9278 0.0381
0.0000 1.0455 13.7992 0.0000 -0.6810 -0.7323 0.9158 0.0372
0.0000 1.0455 14.4681 0.0000 -0.9996 -0.0275 0.9278 0.0381
0.0000 1.0455 14.4681 0.0000 -0.9996 -0.0275 0.9278 0.0381
0.0000 1.0182 14.8825 -0.0000 -0.9943 -0.1063 0.9352 0.0380
-0.0000 0.9992 15.0132 0.0002 -0.9521 -0.3059 0.9376 0.0377
-0.0001 0.9505 15.1557 0.0005 -0.9245 -0.3811 0.9403 0.0373
0.0000 0.9253 15.2387 -0.0000 -0.5973 0.8020 0.9692 0.3853
0.0000 0.9835 15.2446 -0.0000 0.6280 0.7782 0.9699 0.3846
0.0446 0.9251 15.2387 0.3962 0.2618 0.8801 0.9686 0.3847
-0.0001 0.9505 15.1557 0.0005 -0.9245 -0.3811 0.9403 0.0373
0.0000 0.9253 15.2387 -0.0000 -0.5973 0.8020 0.9418 0.0370
0.0000 0.9835 15.2446 -0.0000 0.6280 0.7782 0.9699 0.3841
0.0000 0.9253 15.2387 -0.0000 -0.5973 0.8020 0.9692 0.3834
-0.0446 0.9251 15.2387 -0.3962 0.2618 0.8801 0.9686 0.3839
0.0000 1.0825 13.7992 -0.0000 0.7183 -0.6957 0.1285 0.5231
0.0000 1.0825 13.7992 -0.0000 0.7183 -0.6957 0.1285 0.5231
0.0000 1.0825 13.7992 -0.0000 0.7183 -0.6957 0.1285 0.5231
0.0000 1.0825 13.7992 -0.0000 0.7183 -0.6957 0.1285 0.5231
0.0000 1.0182 14.8825 -0.0000 -0.9943 -0.1063 0.9352 0.0380
-0.0000 0.9992 15.0132 0.0002 -0.9521 -0.3059 0.9376 0.0377
10 0 1
10 11 0
27 1 25
27 10 1
21 2 19
21 12 2
11 28 0
11 34 28
15 4 5
15 16 4
6 7 8
6 5 7
5 9 7
5 4 9
19 13 23
19 2 13
1 16 15
1 0 16
29 14 31
29 3 14
31 17 33
31 14 17
32 9 4
9 33 17
9 32 33
41 168 44
41 166 168
18 23 22
18 19 23
20 18 166
20 19 18
20 21 19
26 25 24
26 27 25
16 32 4
16 30 32
30 33 32
30 31 33
0 30 16
0 28 30
28 31 30
28 29 31
34 29 28
34 35 29
35 3 29
44 167 45
44 168 167
36 39 40
36 6 39
39 42 37
22 40 38
22 23 40
39 38 40
39 37 38
23 36 40
23 13 36
38 37 167
39 8 42
39 6 8
12 24 2
12 26 24
56 46 57
56 47 46
73 47 56
73 71 47
67 48 58
67 65 48
57 74 80
57 46 74
61 50 62
61 51 50
52 53 51
52 54 53
51 55 50
51 53 55
65 59 48
65 69 59
47 62 46
47 61 62
75 60 49
75 77 60
77 63 60
77 79 63
55 78 50
79 55 63
78 55 79
64 69 65
64 68 69
66 65 67
66 64 65
72 71 73
72 70 71
62 78 76
62 50 78
76 79 77
76 78 79
46 76 74
46 62 76
74 77 75
74 76 77
80 75 81
80 74 75
81 75 49
82 84 52
82 85 84
68 85 69
68 83 85
69 82 59
69 85 82
58 70 72
58 48 70
172 174 173
175 177 176
178 180 179
181 183 182
184 186 185
187 189 188
190 192 191
193 195 194
196 198 197
199 201 200
202 204 203
205 207 206
208 210 209
211 213 212
214 216 215
217 219 218
220 222 221
223 225 224
226 228 227
229 231 230
232 234 233
235 237 236
238 240 239
241 243 242
244 246 245
247 249 248
250 252 251
253 255 254
256 258 257
259 261 260
262 264 263
265 267 266
268 270 269
271 273 272
274 276 275
277 279 278
280 282 281
283 285 284
286 288 287
289 291 290
292 294 293
295 297 296
298 300 299
301 303 302
304 306 305
307 309 308
96 86 97
96 87 86
113 87 96
113 111 87
107 88 98
107 105 88
97 114 120
97 86 114
101 90 102
101 91 90
92 93 91
92 94 93
91 95 90
91 93 95
105 99 88
105 109 99
87 102 86
87 101 102
115 100 89
115 117 100
117 103 100
117 119 103
95 118 90
118 103 119
118 95 103
41 169 170
41 44 169
104 109 105
104 108 109
106 170 104
106 105 107
106 104 105
112 111 113
112 110 111
102 118 116
102 90 118
116 119 117
116 118 119
86 116 114
86 102 116
114 117 115
114 116 117
120 115 121
120 114 115
121 115 89
44 171 169
44 45 171
122 124 92
122 125 124
42 124 37
108 125 109
108 123 125
124 123 37
124 125 123
109 122 99
109 125 122
123 171 37
124 94 92
124 42 94
98 110 112
98 88 110
135 126 127
135 136 126
152 127 150
152 135 127
146 128 144
146 137 128
136 153 126
136 159 153
140 130 131
140 141 130
132 133 310
132 131 133
131 134 133
131 130 134
144 138 148
144 128 138
127 141 140
127 126 141
154 139 156
154 129 139
156 142 158
156 139 142
157 134 130
134 158 142
134 157 158
143 148 147
143 144 148
145 144 143
145 146 144
151 150 149
151 152 150
141 157 130
141 155 157
155 158 157
155 156 158
126 155 141
126 153 155
153 156 155
153 154 156
159 154 153
159 160 154
160 129 154
161 311 162
161 132 312
147 162 313
147 148 162
148 161 162
148 138 161
137 149 128
137 151 149
314 316 315
317 319 318
320 322 321
323 325 324
326 328 327
329 331 330
332 334 333
335 337 336
338 340 339
341 343 342
344 346 345
347 349 348
350 352 351
353 355 354
356 358 357
359 361 360
362 364 363
365 367 366
368 370 369
371 373 372
374 376 375
377 379 378
380 382 381
383 385 384
386 388 387
389 391 390
392 394 393
395 397 396
398 400 399
401 403 402
404 406 405
407 409 408
410 412 411
413 415 414
416 418 417
419 421 420
422 424 423
425 427 426
428 430 429
431 433 432
434 436 435
437 439 438
440 442 441
443 445 444
446 448 447
449 451 450
452 163 453
454 43 163
455 457 456
458 460 459
461 64 66
462 164 64
463 143 464
465 145 143
165 64 164
165 68 64
147 466 143
147 468 467
83 68 165
85 83 84
469 162 470
84 54 52
471 473 472
132 475 474
476 478 477
37 45 167
166 22 168
166 18 22
168 38 167
168 22 38
171 108 169
171 123 108
171 45 37
169 104 170
169 108 104
479 166 41
20 166 480
41 170 481
482 170 106
483 147 484
LABEL DockConnector
MATERIAL 2
TEXTURE 2
FLAG 0
GEOM 127 48
-0.3097 -0.4173 0.7479 0.0000 0.0000 1.0000 0.4549 0.1289
-0.3097 -0.1069 0.7479 0.0000 0.0000 1.0000 0.4549 0.1780
0.3098 -0.4173 0.7478 0.0000 0.0000 1.0000 0.5117 0.1289
0.3098 -0.1069 0.7478 0.0000 0.0000 1.0000 0.5117 0.1780
0.7479 -0.4173 0.3097 0.7071 0.0000 0.7071 0.5117 0.1289
0.7479 -0.1069 0.3097 0.7071 0.0000 0.7071 0.5117 0.1781
0.7478 -0.4173 -0.3098 1.0000 0.0000 -0.0000 0.5116 0.1289
0.7478 -0.1069 -0.3098 1.0000 0.0000 -0.0000 0.5116 0.1780
0.3149 -0.4173 -0.7483 0.7116 0.0000 -0.7026 0.5115 0.1288
0.3149 -0.1069 -0.7483 0.7116 0.0000 -0.7026 0.5115 0.1779
-0.3047 -0.4173 -0.7483 -0.0000 0.0000 -1.0000 0.5117 0.1289
-0.3047 -0.1069 -0.7483 -0.0000 0.0000 -1.0000 0.5117 0.1781
-0.7479 -0.4173 -0.3097 -0.7034 0.0000 -0.7108 0.5116 0.1289
-0.7479 -0.1069 -0.3097 -0.7034 0.0000 -0.7108 0.5116 0.1779
-0.7478 -0.4173 0.3098 -1.0000 0.0000 0.0000 0.5115 0.1290
-0.7478 -0.1069 0.3098 -1.0000 0.0000 0.0000 0.5115 0.1780
-0.2743 -0.1069 0.6623 0.0000 1.0000 0.0000 0.8021 0.6531
0.2744 -0.1069 0.6623 0.0000 1.0000 0.0000 0.7902 0.2982
0.6623 -0.1069 0.2743 0.0000 1.0000 0.0000 0.8060 0.2982
0.6623 -0.1069 -0.2744 0.0000 1.0000 0.0000 0.7768 0.2982
0.2743 -0.1069 -0.6623 -0.0000 1.0000 0.0000 0.7317 0.2982
-0.2744 -0.1069 -0.6623 -0.0000 1.0000 0.0000 0.7476 0.2982
-0.6623 -0.1069 -0.2743 0.0000 1.0000 0.0000 0.8155 0.6531
-0.6623 -0.1069 0.2744 0.0000 1.0000 0.0000 0.8313 0.6531
-0.2743 -0.4220 0.6623 -0.0000 0.0000 -1.0000 0.4581 0.2353
0.2744 -0.4220 0.6623 -0.7071 0.0000 -0.7071 0.4581 0.2355
0.6623 -0.4220 0.2743 -0.7071 0.0000 -0.7071 0.5085 0.2355
0.6623 -0.4220 -0.2744 -0.7071 0.0000 0.7071 0.4580 0.2352
0.2743 -0.4220 -0.6623 0.0000 0.0000 1.0000 0.4581 0.2355
-0.2744 -0.4220 -0.6623 0.7071 0.0000 0.7071 0.4581 0.2351
-0.6623 -0.4220 -0.2743 1.0000 0.0000 -0.0000 0.4580 0.2352
-0.6623 -0.4220 0.2744 1.0000 0.0000 -0.0000 0.5082 0.2352
0.3098 -0.4173 0.7478 0.7071 0.0000 0.7071 0.4548 0.1289
0.3098 -0.1069 0.7478 0.7071 0.0000 0.7071 0.4548 0.1781
0.3098 -0.4173 0.7478 0.7071 0.0000 0.7071 0.4548 0.1289
0.7479 -0.4173 0.3097 1.0000 0.0000 -0.0000 0.4548 0.1289
0.7479 -0.1069 0.3097 1.0000 0.0000 -0.0000 0.4548 0.1780
0.7479 -0.4173 0.3097 1.0000 0.0000 -0.0000 0.4548 0.1289
0.7478 -0.4173 -0.3098 0.7116 0.0000 -0.7026 0.4547 0.1288
0.7478 -0.1069 -0.3098 0.7116 0.0000 -0.7026 0.4547 0.1779
0.7478 -0.4173 -0.3098 0.7116 0.0000 -0.7026 0.4547 0.1288
0.3149 -0.4173 -0.7483 -0.0000 0.0000 -1.0000 0.4548 0.1289
0.3149 -0.1069 -0.7483 -0.0000 0.0000 -1.0000 0.4548 0.1781
0.3149 -0.4173 -0.7483 -0.0000 0.0000 -1.0000 0.4548 0.1289
-0.3047 -0.4173 -0.7483 -0.7034 0.0000 -0.7108 0.4549 0.1289
-0.3047 -0.1069 -0.7483 -0.7034 0.0000 -0.7108 0.4549 0.1779
-0.3047 -0.4173 -0.7483 -0.7034 0.0000 -0.7108 0.4549 0.1289
-0.7479 -0.4173 -0.3097 -1.0000 0.0000 0.0000 0.4548 0.1290
-0.7479 -0.1069 -0.3097 -1.0000 0.0000 0.0000 0.4548 0.1780
-0.7479 -0.4173 -0.3097 -1.0000 0.0000 0.0000 0.4548 0.1290
-0.7478 -0.4173 0.3098 -0.7071 0.0000 0.7071 0.4548 0.1290
-0.7478 -0.1069 0.3098 -0.7071 0.0000 0.7071 0.4548 0.1780
-0.3097 -0.1069 0.7479 -0.7071 0.0000 0.7071 0.5115 0.1780
-0.7478 -0.4173 0.3098 -0.7071 0.0000 0.7071 0.4548 0.1290
-0.3097 -0.1069 0.7479 -0.7071 0.0000 0.7071 0.5115 0.1780
-0.3097 -0.4173 0.7479 -0.7071 0.0000 0.7071 0.5115 0.1290
-0.7478 -0.1069 0.3098 0.0000 1.0000 0.0000 0.8324 0.6506
-0.7479 -0.1069 -0.3097 0.0000 1.0000 0.0000 0.8145 0.6506
-0.7478 -0.1069 0.3098 0.0000 1.0000 0.0000 0.8324 0.6506
0.7479 -0.1069 0.3097 0.0000 1.0000 0.0000 0.8070 0.2957
0.3098 -0.1069 0.7478 0.0000 1.0000 0.0000 0.7891 0.2957
0.7479 -0.1069 0.3097 0.0000 1.0000 0.0000 0.8070 0.2957
-0.3047 -0.1069 -0.7483 -0.0000 1.0000 0.0000 0.7486 0.2957
0.3149 -0.1069 -0.7483 -0.0000 1.0000 0.0000 0.7306 0.2957
-0.3047 -0.1069 -0.7483 -0.0000 1.0000 0.0000 0.7486 0.2957
-0.3097 -0.1069 0.7479 0.0000 1.0000 0.0000 0.8032 0.6506
-0.7478 -0.1069 0.3098 0.0000 1.0000 0.0000 0.7852 0.6506
-0.6623 -0.1069 0.2744 0.0000 1.0000 0.0000 0.7863 0.6531
-0.3097 -0.1069 0.7479 0.0000 1.0000 0.0000 0.8032 0.6506
-0.6623 -0.1069 0.2744 0.0000 1.0000 0.0000 0.7863 0.6531
0.7478 -0.1069 -0.3098 0.0000 1.0000 0.0000 0.7778 0.2957
0.7479 -0.1069 0.3097 0.0000 1.0000 0.0000 0.7599 0.2957
0.6623 -0.1069 0.2743 0.0000 1.0000 0.0000 0.7609 0.2982
0.7478 -0.1069 -0.3098 0.0000 1.0000 0.0000 0.7778 0.2957
0.6623 -0.1069 0.2743 0.0000 1.0000 0.0000 0.7609 0.2982
-0.7479 -0.1069 -0.3097 -0.0000 1.0000 0.0000 0.8361 0.2957
-0.3047 -0.1069 -0.7483 -0.0000 1.0000 0.0000 0.8183 0.2957
-0.2744 -0.1069 -0.6623 -0.0000 1.0000 0.0000 0.8194 0.2982
-0.7479 -0.1069 -0.3097 -0.0000 1.0000 0.0000 0.8361 0.2957
-0.2744 -0.1069 -0.6623 -0.0000 1.0000 0.0000 0.8194 0.2982
-0.6623 -0.1069 -0.2743 -0.0000 1.0000 0.0000 0.8351 0.2982
0.3098 -0.1069 0.7478 -0.0000 1.0000 0.0000 0.7739 0.6506
-0.3097 -0.1069 0.7479 -0.0000 1.0000 0.0000 0.7560 0.6506
-0.2743 -0.1069 0.6623 -0.0000 1.0000 0.0000 0.7570 0.6531
0.3098 -0.1069 0.7478 -0.0000 1.0000 0.0000 0.7739 0.6506
-0.2743 -0.1069 0.6623 -0.0000 1.0000 0.0000 0.7570 0.6531
0.2744 -0.1069 0.6623 -0.0000 1.0000 0.0000 0.7729 0.6531
0.3149 -0.1069 -0.7483 -0.0000 1.0000 0.0000 0.7193 0.2957
0.7478 -0.1069 -0.3098 -0.0000 1.0000 0.0000 0.7012 0.2957
0.6623 -0.1069 -0.2744 -0.0000 1.0000 0.0000 0.7023 0.2982
0.3149 -0.1069 -0.7483 -0.0000 1.0000 0.0000 0.7193 0.2957
0.6623 -0.1069 -0.2744 -0.0000 1.0000 0.0000 0.7023 0.2982
0.2743 -0.1069 -0.6623 -0.0000 1.0000 0.0000 0.7183 0.2982
-0.6623 -0.1069 0.2744 1.0000 0.0000 -0.0000 0.5082 0.1858
-0.6623 -0.1069 -0.2743 1.0000 0.0000 -0.0000 0.4580 0.1858
-0.6623 -0.1069 0.2744 1.0000 0.0000 -0.0000 0.5082 0.1858
0.6623 -0.1069 0.2743 -0.7071 0.0000 -0.7071 0.5085 0.1859
0.2744 -0.1069 0.6623 -0.7071 0.0000 -0.7071 0.4581 0.1859
0.6623 -0.1069 0.2743 -0.7071 0.0000 -0.7071 0.5085 0.1859
-0.6623 -0.1069 -0.2743 0.7071 0.0000 0.7071 0.5083 0.1857
-0.2744 -0.1069 -0.6623 0.7071 0.0000 0.7071 0.4581 0.1857
-0.6623 -0.1069 -0.2743 0.7071 0.0000 0.7071 0.5083 0.1857
-0.6623 -0.4220 -0.2743 0.7071 0.0000 0.7071 0.5083 0.2351
0.2744 -0.1069 0.6623 -0.0000 0.0000 -1.0000 0.5084 0.1858
-0.2743 -0.1069 0.6623 -0.0000 0.0000 -1.0000 0.4581 0.1858
0.2744 -0.1069 0.6623 -0.0000 0.0000 -1.0000 0.5084 0.1858
0.2744 -0.4220 0.6623 -0.0000 0.0000 -1.0000 0.5084 0.2353
-0.2744 -0.1069 -0.6623 0.0000 0.0000 1.0000 0.5085 0.1859
0.2743 -0.1069 -0.6623 0.0000 0.0000 1.0000 0.4581 0.1859
-0.2744 -0.1069 -0.6623 0.0000 0.0000 1.0000 0.5085 0.1859
-0.2744 -0.4220 -0.6623 0.0000 0.0000 1.0000 0.5085 0.2355
0.2743 -0.1069 -0.6623 -0.7071 0.0000 0.7071 0.5083 0.1857
0.6623 -0.1069 -0.2744 -0.7071 0.0000 0.7071 0.4580 0.1857
0.2743 -0.1069 -0.6623 -0.7071 0.0000 0.7071 0.5083 0.1857
0.2743 -0.4220 -0.6623 -0.7071 0.0000 0.7071 0.5083 0.2352
-0.2743 -0.1069 0.6623 0.7071 0.0000 -0.7071 0.5082 0.1858
-0.6623 -0.1069 0.2744 0.7071 0.0000 -0.7071 0.4580 0.1858
-0.6623 -0.4220 0.2744 0.7071 0.0000 -0.7071 0.4580 0.2352
-0.2743 -0.1069 0.6623 0.7071 0.0000 -0.7071 0.5082 0.1858
-0.6623 -0.4220 0.2744 0.7071 0.0000 -0.7071 0.4580 0.2352
-0.2743 -0.4220 0.6623 0.7071 0.0000 -0.7071 0.5082 0.2352
0.6623 -0.1069 -0.2744 -1.0000 0.0000 0.0000 0.5084 0.1858
0.6623 -0.1069 0.2743 -1.0000 0.0000 0.0000 0.4580 0.1858
0.6623 -0.4220 0.2743 -1.0000 0.0000 0.0000 0.4580 0.2353
0.6623 -0.1069 -0.2744 -1.0000 0.0000 0.0000 0.5084 0.1858
0.6623 -0.4220 0.2743 -1.0000 0.0000 0.0000 0.4580 0.2353
0.6623 -0.4220 -0.2744 -1.0000 0.0000 0.0000 0.5084 0.2353
0 3 1
0 2 3
32 5 33
34 4 5
35 7 36
37 6 7
38 9 39
40 8 9
41 11 42
43 10 11
44 13 45
46 12 13
47 15 48
49 14 15
50 52 51
53 55 54
56 22 57
58 23 22
59 17 60
61 18 17
62 20 63
64 21 20
65 67 66
68 16 69
70 72 71
73 19 74
75 77 76
78 80 79
81 83 82
84 86 85
87 89 88
90 92 91
93 30 94
95 31 30
96 25 97
98 26 25
99 29 100
101 102 29
103 24 104
105 106 24
107 28 108
109 110 28
111 27 112
113 114 27
115 117 116
118 120 119
121 123 122
124 126 125
LABEL ForwardCockpit
MATERIAL 1
TEXTURE 1
FLAG 0
GEOM 358 152
-0.3971 -0.1364 0.5482 0.9932 0.0016 -0.1168 0.7735 0.8984
-0.2561 -0.1382 0.5979 -0.1505 0.9767 -0.1533 0.9229 0.5012
-0.3971 0.0846 0.5482 0.9932 0.0016 -0.1168 0.7735 0.8189
0.2561 -0.1382 0.5979 -0.2311 0.9435 -0.2374 0.9227 0.5013
0.3971 -0.1364 0.5482 -0.2311 0.9435 -0.2374 0.9034 0.4747
0.3971 0.0846 0.5482 0.0090 0.2623 -0.9649 0.9388 0.5592
0.0733 -0.1059 0.6457 1.0000 0.0000 0.0000 0.2660 0.5649
0.0733 -0.4678 0.5781 0.0047 1.0000 0.0015 0.6235 0.6081
0.0733 -0.4678 0.8015 0.0000 1.0000 0.0000 0.7104 0.6074
0.0733 -0.0792 0.8015 1.0000 0.0000 0.0000 0.3318 0.5756
0.2437 -0.0915 0.8015 0.0000 0.0000 -1.0000 0.8060 0.6914
0.2437 -0.4678 0.8015 0.0000 1.0000 0.0000 0.7112 0.6922
0.2640 -0.4682 0.2316 0.0047 1.0000 0.0015 0.4884 0.6920
0.2561 -0.4678 0.5979 0.0047 1.0000 0.0015 0.6319 0.6921
0.2640 -0.1969 0.2316 0.0000 0.9875 -0.1576 0.1638 0.9948
0.3077 -0.3016 -0.2791 0.0000 0.0000 1.0000 0.0713 0.8801
0.3077 0.1082 -0.2791 0.0000 0.8167 0.5771 0.0818 0.5503
0.1535 0.5234 -0.8667 0.0000 0.8167 0.5771 0.1418 0.2702
0.2642 0.3036 -0.5556 0.0000 0.8167 0.5771 0.0987 0.4185
0.5168 0.1082 -0.2791 0.0000 0.9372 0.3488 0.0003 0.5503
0.4898 0.0047 0.5034 0.0114 0.4998 -0.8661 0.8994 0.5509
0.3353 0.1623 0.5555 -0.0111 0.0723 -0.9973 0.9080 0.7748
0.0447 0.4479 0.5768 -0.0806 0.0364 -0.9961 0.9082 0.6157
0.4146 0.0851 0.5499 0.0105 0.3979 -0.9174 0.9385 0.5524
0.4246 0.3036 -0.5556 0.0000 0.8167 0.5771 0.0362 0.4185
0.4652 0.2341 -0.4573 0.0000 0.8167 0.5771 0.0204 0.4654
0.2468 0.5234 -0.8667 0.0000 0.8167 0.5771 0.1055 0.2702
0.3314 0.1228 0.5990 -0.7640 0.1482 0.6280 0.8400 0.9745
0.0261 0.4222 0.6177 0.6958 -0.3738 0.6134 0.9785 0.6289
0.0317 0.1357 1.0061 0.4428 0.0214 -0.8964 0.9827 0.8211
0.3178 0.1486 0.5555 -0.0150 0.0666 -0.9977 0.9166 0.7735
0.0272 0.4342 0.5768 -0.0912 0.0353 -0.9952 0.9168 0.6147
0.3294 0.1173 0.5979 -0.9379 0.3034 0.1682 0.8385 0.9727
0.0241 0.4166 0.6166 0.6814 -0.3720 0.6303 0.9764 0.6298
0.0297 0.1302 1.0050 -0.0529 0.2155 -0.9751 0.9806 0.8220
0.4033 0.0047 0.5034 0.0114 0.4998 -0.8661 0.9002 0.5584
0.4945 0.1082 -0.2791 0.0000 0.9015 0.4328 0.0090 0.5503
0.4159 -0.2350 0.1381 -0.2311 0.9435 -0.2374 0.7411 0.4692
0.2894 0.2341 -0.4573 0.0000 0.8167 0.5771 0.0889 0.4654
0.4945 -0.3005 -0.2791 -0.2311 0.9435 -0.2374 0.5763 0.4401
0.0000 -0.4661 0.2316 0.0047 1.0000 0.0015 0.4875 0.5806
0.0000 -0.1969 0.2316 0.0000 0.9875 -0.1576 0.2752 0.9951
-0.0733 -0.1059 0.6457 -1.0000 0.0000 -0.0000 0.2092 0.5647
-0.0733 -0.4678 0.5781 0.0000 1.0000 0.0050 0.6230 0.5510
-0.0733 -0.4678 0.8015 0.0000 1.0000 0.0000 0.7104 0.6075
-0.0733 -0.0792 0.8015 -1.0000 0.0000 -0.0000 0.1458 0.5756
-0.2437 -0.0915 0.8015 0.0000 0.0000 -1.0000 0.8059 0.6912
-0.2437 -0.4678 0.8015 0.0000 1.0000 0.0000 0.7112 0.6921
-0.2640 -0.4682 0.2316 -0.0047 1.0000 0.0015 0.4883 0.6920
-0.2561 -0.4678 0.5979 -0.0047 1.0000 0.0015 0.6319 0.6921
-0.2640 -0.1969 0.2316 0.0000 0.9875 -0.1576 0.3865 0.9955
-0.3077 -0.3016 -0.2791 -0.0782 0.9811 -0.1769 0.5764 0.5126
-0.3077 0.1082 -0.2791 0.0000 0.8167 0.5771 0.3214 0.5503
-0.1535 0.5234 -0.8667 0.0000 0.8167 0.5771 0.2614 0.2702
-0.2642 0.3036 -0.5556 0.0000 0.8167 0.5771 0.3044 0.4185
-0.5168 0.1082 -0.2791 0.0000 0.9372 0.3488 0.4028 0.5503
-0.4898 0.0047 0.5034 0.0000 0.9914 0.1311 0.8993 0.5510
-0.3353 0.1623 0.5555 0.0111 0.0723 -0.9973 0.9082 0.7748
-0.0447 0.4479 0.5768 0.0806 0.0364 -0.9961 0.9082 0.6158
-0.4146 0.0851 0.5499 -0.0105 0.3979 -0.9174 0.9385 0.5525
-0.4246 0.3036 -0.5556 0.0000 0.8167 0.5771 0.3669 0.4185
-0.4652 0.2341 -0.4573 0.0000 0.8167 0.5771 0.3827 0.4654
-0.2468 0.5234 -0.8667 0.0000 0.8167 0.5771 0.2977 0.2702
-0.3314 0.1228 0.5990 0.7640 0.1482 0.6280 0.8399 0.9745
-0.0261 0.4222 0.6177 -0.6958 -0.3738 0.6134 0.9547 0.6292
-0.0317 0.1357 1.0061 -0.4428 0.0214 -0.8964 0.9539 0.8212
0.0000 0.5062 0.5827 0.0000 0.0312 -0.9995 0.9656 0.5902
0.0000 0.6035 -0.8623 0.0000 -0.0429 0.9991 0.2016 0.2241
-0.3178 0.1486 0.5555 0.0150 0.0666 -0.9977 0.9167 0.7736
-0.0272 0.4342 0.5768 0.5506 -0.7512 -0.3641 0.9551 0.6147
0.0000 0.4454 0.5827 0.0000 0.0312 -0.9995 0.9662 0.6126
-0.3294 0.1173 0.5979 0.9379 0.3034 0.1682 0.8383 0.9727
-0.0241 0.4166 0.6166 0.4332 -0.7767 -0.4572 0.9569 0.6301
-0.0297 0.1302 1.0050 0.0529 0.2155 -0.9751 0.9561 0.8221
0.0000 0.4288 0.6166 0.0000 -0.8580 -0.5137 0.9666 0.6273
0.0000 0.1303 1.0050 0.0000 -0.7995 -0.6006 0.9683 0.8197
-0.4033 0.0047 0.5034 0.9932 0.0016 -0.1168 0.7572 0.8476
-0.4945 0.1082 -0.2791 0.9932 0.0016 -0.1168 0.4737 0.8104
-0.4159 -0.2350 0.1381 -0.0782 0.9811 -0.1769 0.7412 0.4691
-0.2894 0.2341 -0.4573 0.0000 0.8167 0.5771 0.3143 0.4654
-0.4945 -0.3005 -0.2791 -0.0782 0.9811 -0.1769 0.5765 0.4401
-0.2739 -0.2435 -0.0607 0.0000 0.9875 -0.1576 0.3918 0.8814
0.2739 -0.2435 -0.0607 0.0000 0.9875 -0.1576 0.1594 0.8806
-0.2984 0.0795 -0.1473 0.0000 0.9772 0.2124 0.3922 0.7511
0.2984 0.0795 -0.1473 0.0000 0.9772 0.2124 0.1592 0.7481
-0.0935 0.5936 -0.8638 0.0000 -0.0429 0.9991 0.2336 0.2395
-0.1764 0.5689 -0.8652 0.0000 -0.0429 0.9991 0.2656 0.2548
0.0935 0.5936 -0.8638 0.0000 -0.0429 0.9991 0.1695 0.2395
0.1764 0.5689 -0.8652 0.0000 -0.0429 0.9991 0.1375 0.2548
0.2561 -0.4678 0.5979 0.0000 1.0000 0.0000 0.6319 0.6921
0.2561 -0.4678 0.5979 0.0000 1.0000 0.0000 0.6319 0.6921
0.0733 -0.4678 0.5781 0.0000 1.0000 0.0000 0.6235 0.6081
0.0000 -0.1969 0.2316 0.0000 0.0000 1.0000 0.3772 0.5806
0.2640 -0.1969 0.2316 0.0000 0.0000 1.0000 0.3772 0.6920
0.2640 -0.4682 0.2316 0.0000 0.0000 1.0000 0.4884 0.6920
0.0000 -0.1969 0.2316 0.0000 0.0000 1.0000 0.3772 0.5806
0.2640 -0.4682 0.2316 0.0000 0.0000 1.0000 0.4884 0.6920
0.0000 -0.4661 0.2316 0.0000 0.0000 1.0000 0.4875 0.5806
0.0733 -0.4678 0.8015 1.0000 0.0000 0.0000 0.3522 0.6868
0.0733 -0.4678 0.8015 1.0000 0.0000 0.0000 0.3522 0.6868
0.0733 -0.4678 0.5781 1.0000 0.0000 0.0000 0.2660 0.6870
0.0000 -0.4661 0.2316 0.0000 1.0000 0.0050 0.4875 0.5806
0.0733 -0.4678 0.5781 0.0000 1.0000 0.0050 0.6235 0.6081
0.2437 -0.4678 0.8015 0.0000 0.0000 -1.0000 0.7112 0.6922
0.0733 -0.0792 0.8015 0.0000 0.0000 -1.0000 0.8053 0.6067
0.2437 -0.4678 0.8015 0.0000 0.0000 -1.0000 0.7112 0.6922
0.0733 -0.0792 0.8015 0.0000 0.0000 -1.0000 0.8053 0.6067
0.0733 -0.4678 0.8015 0.0000 0.0000 -1.0000 0.7104 0.6074
-0.2739 -0.2435 -0.0607 -0.0782 0.9811 -0.1769 0.6644 0.5161
-0.2739 -0.2435 -0.0607 -0.0782 0.9811 -0.1769 0.6644 0.5161
0.0272 0.4342 0.5768 -0.0912 0.0353 -0.9952 0.9776 0.6141
0.0272 0.4342 0.5768 -0.0912 0.0353 -0.9952 0.9776 0.6141
0.0447 0.4479 0.5768 -0.0806 0.0364 -0.9961 0.9827 0.6096
0.0317 0.1357 1.0061 0.4428 0.0214 -0.8964 0.9867 0.8431
0.0297 0.1302 1.0050 -0.0529 0.2155 -0.9751 0.9852 0.8414
0.0317 0.1357 1.0061 0.4428 0.0214 -0.8964 0.9867 0.8431
0.3314 0.1228 0.5990 -0.7640 0.1482 0.6280 0.9366 0.7837
0.3294 0.1173 0.5979 -0.9379 0.3034 0.1682 0.9344 0.7846
0.0241 0.4166 0.6166 0.6814 -0.3720 0.6303 0.9335 0.6179
0.3314 0.1228 0.5990 -0.7640 0.1482 0.6280 0.9366 0.7837
0.0241 0.4166 0.6166 0.6814 -0.3720 0.6303 0.9335 0.6179
0.0261 0.4222 0.6177 0.6958 -0.3738 0.6134 0.9356 0.6169
0.0000 0.4454 0.5827 -0.0000 -0.8997 -0.4365 0.9662 0.6126
0.0297 0.1302 1.0050 -0.1800 -0.7864 -0.5908 0.9806 0.8220
0.0241 0.4166 0.6166 -0.4332 -0.7767 -0.4572 0.9764 0.6298
0.0297 0.1302 1.0050 -0.1800 -0.7864 -0.5908 0.9806 0.8220
0.0241 0.4166 0.6166 -0.4332 -0.7767 -0.4572 0.9335 0.6179
0.3294 0.1173 0.5979 -0.6735 -0.6641 -0.3246 0.9344 0.7846
0.3178 0.1486 0.5555 -0.6735 -0.6641 -0.3246 0.9166 0.7735
0.0241 0.4166 0.6166 -0.4332 -0.7767 -0.4572 0.9335 0.6179
0.3178 0.1486 0.5555 -0.6735 -0.6641 -0.3246 0.9166 0.7735
0.0272 0.4342 0.5768 -0.5506 -0.7512 -0.3641 0.9168 0.6147
0.2561 -0.1382 0.5979 0.1505 0.9767 -0.1533 0.9227 0.5013
0.2640 -0.1969 0.2316 0.1505 0.9767 -0.1533 0.7783 0.5194
0.4159 -0.2350 0.1381 0.1505 0.9767 -0.1533 0.7411 0.4692
0.0000 0.4454 0.5827 -0.0000 -0.8997 -0.4365 0.9662 0.6126
0.2640 -0.1969 0.2316 -0.9998 0.0000 -0.0214 0.4881 0.7713
0.2561 -0.1382 0.5979 -0.9998 0.0000 -0.0214 0.6317 0.7948
0.2561 -0.4678 0.5979 -0.9998 0.0000 -0.0214 0.6319 0.6921
0.2640 -0.1969 0.2316 -0.9998 0.0000 -0.0214 0.4881 0.7713
0.2561 -0.4678 0.5979 -0.9998 0.0000 -0.0214 0.6319 0.6921
0.2640 -0.4682 0.2316 -0.9998 0.0000 -0.0214 0.4884 0.6920
0.5168 0.1082 -0.2791 0.0000 0.9372 0.3488 0.6435 0.5508
0.4898 0.0047 0.5034 0.0000 0.9914 0.1311 0.8994 0.5509
0.4033 0.0047 0.5034 0.0000 0.9914 0.1311 0.9002 0.5584
0.5168 0.1082 -0.2791 0.0000 0.9372 0.3488 0.6435 0.5508
0.4033 0.0047 0.5034 0.0000 0.9914 0.1311 0.9002 0.5584
0.4945 0.1082 -0.2791 0.0000 0.9015 0.4328 0.6444 0.5595
0.3178 0.1486 0.5555 -0.6057 -0.7107 -0.3579 0.9166 0.7735
0.3294 0.1173 0.5979 -0.6057 -0.7107 -0.3579 0.9344 0.7846
0.3971 0.0846 0.5482 -0.6057 -0.7107 -0.3579 0.9144 0.8132
-0.4945 -0.3005 -0.2791 0.9932 0.0016 -0.1168 0.4737 0.9575
-0.4945 -0.3005 -0.2791 0.9932 0.0016 -0.1168 0.4737 0.9575
0.3077 0.1082 -0.2791 0.0000 0.0000 1.0000 0.1114 0.7250
0.4945 0.1082 -0.2791 0.0000 0.0000 1.0000 0.0429 0.7071
0.4945 -0.3005 -0.2791 0.0000 0.0000 1.0000 0.0012 0.8607
0.3077 0.1082 -0.2791 0.0000 0.0000 1.0000 0.1114 0.7250
0.4945 -0.3005 -0.2791 0.0000 0.0000 1.0000 0.0012 0.8607
0.3971 0.0846 0.5482 0.0090 0.2623 -0.9649 0.9144 0.8132
0.3971 0.0846 0.5482 0.0090 0.2623 -0.9649 0.9144 0.8132
0.4146 0.0851 0.5499 0.0105 0.3979 -0.9174 0.9096 0.8181
-0.0733 -0.4678 0.5781 -0.0047 1.0000 0.0015 0.6235 0.6081
-0.0733 -0.4678 0.5781 -0.0047 1.0000 0.0015 0.6235 0.6081
0.0000 -0.4661 0.2316 -0.0047 1.0000 0.0015 0.4875 0.5806
-0.4159 -0.2350 0.1381 -0.1505 0.9767 -0.1533 0.7412 0.4691
-0.2640 -0.1969 0.2316 -0.1505 0.9767 -0.1533 0.7785 0.5193
-0.2561 -0.4678 0.5979 0.0000 1.0000 0.0000 0.6319 0.6921
-0.0733 -0.4678 0.5781 0.0000 1.0000 0.0000 0.6235 0.6081
-0.2561 -0.4678 0.5979 0.0000 1.0000 0.0000 0.6319 0.6921
0.0000 -0.1969 0.2316 0.0000 0.0000 1.0000 0.3772 0.5805
0.0000 -0.4661 0.2316 0.0000 0.0000 1.0000 0.4875 0.5806
-0.2640 -0.4682 0.2316 0.0000 0.0000 1.0000 0.4883 0.6920
0.0000 -0.1969 0.2316 0.0000 0.0000 1.0000 0.3772 0.5805
-0.2640 -0.4682 0.2316 0.0000 0.0000 1.0000 0.4883 0.6920
-0.2640 -0.1969 0.2316 0.0000 0.0000 1.0000 0.3772 0.6920
-0.0733 -0.4678 0.8015 -1.0000 0.0000 -0.0000 0.1253 0.6868
-0.0733 -0.4678 0.5781 -1.0000 0.0000 -0.0000 0.2092 0.6868
-0.0733 -0.4678 0.8015 -1.0000 0.0000 -0.0000 0.1253 0.6868
-0.2437 -0.4678 0.8015 0.0000 0.0000 -1.0000 0.7112 0.6921
-0.0733 -0.4678 0.8015 0.0000 0.0000 -1.0000 0.7104 0.6075
-0.0733 -0.0792 0.8015 0.0000 0.0000 -1.0000 0.8053 0.6068
-0.2437 -0.4678 0.8015 0.0000 0.0000 -1.0000 0.7112 0.6921
-0.0733 -0.0792 0.8015 0.0000 0.0000 -1.0000 0.8053 0.6068
0.4945 -0.3005 -0.2791 0.0782 0.9811 -0.1769 0.5763 0.4401
0.4159 -0.2350 0.1381 0.0782 0.9811 -0.1769 0.7411 0.4692
0.2739 -0.2435 -0.0607 0.0782 0.9811 -0.1769 0.6641 0.5162
0.4945 -0.3005 -0.2791 0.0782 0.9811 -0.1769 0.5763 0.4401
0.2739 -0.2435 -0.0607 0.0782 0.9811 -0.1769 0.6641 0.5162
0.3077 -0.3016 -0.2791 0.0782 0.9811 -0.1769 0.5763 0.5126
0.3077 0.1082 -0.2791 0.0000 0.9772 0.2124 0.1564 0.6978
0.3077 0.1082 -0.2791 0.0000 0.9772 0.2124 0.1564 0.6978
-0.3077 0.1082 -0.2791 0.0000 0.9772 0.2124 0.3960 0.6986
-0.4945 0.1082 -0.2791 0.0000 0.9015 0.4328 0.3941 0.5503
-0.0272 0.4342 0.5768 0.0912 0.0353 -0.9952 0.9168 0.6147
-0.0447 0.4479 0.5768 0.0806 0.0364 -0.9961 0.9497 0.6106
-0.0272 0.4342 0.5768 0.0912 0.0353 -0.9952 0.9551 0.6147
-0.0272 0.4342 0.5768 0.0912 0.0353 -0.9952 0.9551 0.6147
-0.0241 0.4166 0.6166 -0.6814 -0.3720 0.6303 0.9569 0.6301
-0.0317 0.1357 1.0061 -0.4428 0.0214 -0.8964 0.9868 0.8435
-0.0317 0.1357 1.0061 -0.4428 0.0214 -0.8964 0.9868 0.8435
-0.0297 0.1302 1.0050 0.0529 0.2155 -0.9751 0.9853 0.8417
-0.3314 0.1228 0.5990 0.7640 0.1482 0.6280 0.9368 0.7835
-0.0261 0.4222 0.6177 -0.6958 -0.3738 0.6134 0.9356 0.6168
-0.0241 0.4166 0.6166 -0.6814 -0.3720 0.6303 0.9335 0.6178
-0.3314 0.1228 0.5990 0.7640 0.1482 0.6280 0.9368 0.7835
-0.0241 0.4166 0.6166 -0.6814 -0.3720 0.6303 0.9335 0.6178
-0.3294 0.1173 0.5979 0.9379 0.3034 0.1682 0.9347 0.7845
0.0241 0.4166 0.6166 -0.4332 -0.7767 -0.4572 0.9764 0.6298
0.0000 0.4454 0.5827 -0.0000 -0.8997 -0.4365 0.9662 0.6126
-0.0297 0.1302 1.0050 0.1800 -0.7864 -0.5908 0.9561 0.8221
-0.0297 0.1302 1.0050 0.1800 -0.7864 -0.5908 0.9561 0.8221
-0.0272 0.4342 0.5768 0.5506 -0.7512 -0.3641 0.9168 0.6147
-0.3178 0.1486 0.5555 0.6735 -0.6641 -0.3246 0.9167 0.7736
-0.3294 0.1173 0.5979 0.6735 -0.6641 -0.3246 0.9347 0.7845
-0.0272 0.4342 0.5768 0.5506 -0.7512 -0.3641 0.9168 0.6147
-0.3294 0.1173 0.5979 0.6735 -0.6641 -0.3246 0.9347 0.7845
-0.0241 0.4166 0.6166 0.4332 -0.7767 -0.4572 0.9335 0.6178
0.0000 0.4454 0.5827 -0.0000 -0.8997 -0.4365 0.9662 0.6126
0.0241 0.4166 0.6166 -0.4332 -0.7767 -0.4572 0.9764 0.6298
0.0272 0.4342 0.5768 -0.5506 -0.7512 -0.3641 0.9776 0.6141
-0.4945 0.1082 -0.2791 0.0000 0.9015 0.4328 0.3941 0.5503
-0.5168 0.1082 -0.2791 0.0000 0.9372 0.3488 0.6435 0.5508
-0.4945 0.1082 -0.2791 0.0000 0.9015 0.4328 0.6444 0.5595
-0.4033 0.0047 0.5034 0.0000 0.9914 0.1311 0.9002 0.5585
-0.5168 0.1082 -0.2791 0.0000 0.9372 0.3488 0.6435 0.5508
-0.4033 0.0047 0.5034 0.0000 0.9914 0.1311 0.9002 0.5585
-0.2640 -0.1969 0.2316 0.9998 0.0000 -0.0214 0.4880 0.7712
-0.2640 -0.4682 0.2316 0.9998 0.0000 -0.0214 0.4883 0.6920
-0.2561 -0.4678 0.5979 0.9998 0.0000 -0.0214 0.6319 0.6921
-0.2640 -0.1969 0.2316 0.9998 0.0000 -0.0214 0.4880 0.7712
-0.2561 -0.4678 0.5979 0.9998 0.0000 -0.0214 0.6319 0.6921
-0.2561 -0.1382 0.5979 0.9998 0.0000 -0.0214 0.6316 0.7948
-0.4898 0.0047 0.5034 -0.0114 0.4998 -0.8661 0.8993 0.5510
-0.4033 0.0047 0.5034 -0.0114 0.4998 -0.8661 0.9002 0.5585
-0.3971 0.0846 0.5482 -0.0090 0.2623 -0.9649 0.9388 0.5593
-0.4898 0.0047 0.5034 -0.0114 0.4998 -0.8661 0.8993 0.5510
-0.3971 0.0846 0.5482 -0.0090 0.2623 -0.9649 0.9388 0.5593
-0.3077 0.1082 -0.2791 0.0000 0.0000 1.0000 0.1114 0.7249
-0.3077 -0.3016 -0.2791 0.0000 0.0000 1.0000 0.0715 0.8801
-0.4945 -0.3005 -0.2791 0.0000 0.0000 1.0000 0.0013 0.8608
-0.3077 0.1082 -0.2791 0.0000 0.0000 1.0000 0.1114 0.7249
-0.4945 -0.3005 -0.2791 0.0000 0.0000 1.0000 0.0013 0.8608
-0.4945 0.1082 -0.2791 0.0000 0.0000 1.0000 0.0427 0.7071
-0.3178 0.1486 0.5555 0.6057 -0.7107 -0.3579 0.9167 0.7736
-0.3971 0.0846 0.5482 0.6057 -0.7107 -0.3579 0.9144 0.8133
-0.3294 0.1173 0.5979 0.6057 -0.7107 -0.3579 0.9347 0.7845
-0.2561 -0.4678 0.5979 0.9981 0.0000 -0.0611 0.6319 0.6921
-0.2437 -0.4678 0.8015 0.9981 0.0000 -0.0611 0.7112 0.6921
-0.2437 -0.0915 0.8015 0.9981 0.0000 -0.0611 0.7190 0.7651
-0.2561 -0.4678 0.5979 0.9981 0.0000 -0.0611 0.6319 0.6921
-0.2437 -0.0915 0.8015 0.9981 0.0000 -0.0611 0.7190 0.7651
-0.2561 -0.1382 0.5979 0.9981 0.0000 -0.0611 0.6416 0.7954
0.2739 -0.2435 -0.0607 0.0000 0.2587 0.9660 0.1594 0.8806
-0.2739 -0.2435 -0.0607 0.0000 0.2587 0.9660 0.3918 0.8814
-0.2984 0.0795 -0.1473 0.0000 0.2587 0.9660 0.3922 0.7511
0.2739 -0.2435 -0.0607 0.0000 0.2587 0.9660 0.1594 0.8806
-0.2984 0.0795 -0.1473 0.0000 0.2587 0.9660 0.3922 0.7511
0.2984 0.0795 -0.1473 0.0000 0.2587 0.9660 0.1592 0.7481
0.3077 -0.3016 -0.2791 0.9922 -0.0186 0.1235 0.0713 0.8801
0.2739 -0.2435 -0.0607 0.9922 -0.0186 0.1235 0.1594 0.8806
0.2984 0.0795 -0.1473 0.9922 -0.0186 0.1235 0.1592 0.7481
0.3077 -0.3016 -0.2791 0.9922 -0.0186 0.1235 0.0713 0.8801
0.2984 0.0795 -0.1473 0.9922 -0.0186 0.1235 0.1592 0.7481
0.3077 0.1082 -0.2791 0.9922 -0.0186 0.1235 0.1114 0.7250
-0.3077 0.1082 -0.2791 -0.9922 -0.0186 0.1235 0.1114 0.7249
-0.2984 0.0795 -0.1473 -0.9922 -0.0186 0.1235 0.1590 0.7476
-0.2739 -0.2435 -0.0607 -0.9922 -0.0186 0.1235 0.1596 0.8802
-0.3077 0.1082 -0.2791 -0.9922 -0.0186 0.1235 0.1114 0.7249
-0.2739 -0.2435 -0.0607 -0.9922 -0.0186 0.1235 0.1596 0.8802
-0.3077 -0.3016 -0.2791 -0.9922 -0.0186 0.1235 0.0715 0.8801
-0.0733 -0.4678 0.5781 0.0000 0.1836 -0.9830 0.2092 0.6868
0.0733 -0.4678 0.5781 0.0000 0.1836 -0.9830 0.2660 0.6870
0.0733 -0.1059 0.6457 0.0000 0.1836 -0.9830 0.2660 0.5649
-0.0733 -0.4678 0.5781 0.0000 0.1836 -0.9830 0.2092 0.6868
0.0733 -0.1059 0.6457 0.0000 0.1836 -0.9830 0.2660 0.5649
-0.0733 -0.1059 0.6457 0.0000 0.1836 -0.9830 0.2092 0.5647
-0.2640 -0.1969 0.2316 -0.1521 0.9768 -0.1507 0.7785 0.5193
-0.4159 -0.2350 0.1381 -0.1521 0.9768 -0.1507 0.7412 0.4691
-0.2739 -0.2435 -0.0607 -0.1521 0.9768 -0.1507 0.6644 0.5161
0.2640 -0.1969 0.2316 0.1521 0.9768 -0.1507 0.7783 0.5194
0.2739 -0.2435 -0.0607 0.1521 0.9768 -0.1507 0.6641 0.5162
0.4159 -0.2350 0.1381 0.1521 0.9768 -0.1507 0.7411 0.4692
-0.1535 0.5234 -0.8667 0.0000 -0.0429 0.9991 0.2614 0.2702
-0.2468 0.5234 -0.8667 0.0000 -0.0429 0.9991 0.2977 0.2702
0.2468 0.5234 -0.8667 0.0000 -0.0429 0.9991 0.1055 0.2702
0.1535 0.5234 -0.8667 0.0000 -0.0429 0.9991 0.1418 0.2702
0.1535 0.5234 -0.8667 0.0000 -0.0429 0.9991 0.1418 0.2702
-0.1535 0.5234 -0.8667 0.0000 -0.0429 0.9991 0.2614 0.2702
0.1535 0.5234 -0.8667 0.0000 -0.0429 0.9991 0.1418 0.2702
0.2561 -0.4678 0.5979 -0.9981 0.0000 -0.0611 0.6319 0.6921
0.2561 -0.1382 0.5979 -0.9981 0.0000 -0.0611 0.6416 0.7954
0.2437 -0.0915 0.8015 -0.9981 0.0000 -0.0611 0.7190 0.7650
0.2561 -0.4678 0.5979 -0.9981 0.0000 -0.0611 0.6319 0.6921
0.2437 -0.0915 0.8015 -0.9981 0.0000 -0.0611 0.7190 0.7650
0.2437 -0.4678 0.8015 -0.9981 0.0000 -0.0611 0.7112 0.6922
0.3971 -0.1364 0.5482 -0.9932 0.0016 -0.1168 0.7592 0.8589
0.4945 -0.3005 -0.2791 -0.9932 0.0016 -0.1168 0.4741 0.8027
0.4945 0.1082 -0.2791 -0.9932 0.0016 -0.1168 0.4741 0.9425
0.4033 0.0047 0.5034 -0.9932 0.0016 -0.1168 0.7437 0.9071
0.3971 0.0846 0.5482 -0.9932 0.0016 -0.1168 0.7592 0.9345
0.3971 -0.1364 0.5482 -0.9932 0.0016 -0.1168 0.7592 0.8589
0.3971 -0.1364 0.5482 -0.9932 0.0016 -0.1168 0.7592 0.8589
0.4945 0.1082 -0.2791 -0.9932 0.0016 -0.1168 0.4741 0.9425
0.4033 0.0047 0.5034 -0.9932 0.0016 -0.1168 0.7437 0.9071
-0.4146 0.0851 0.5499 -0.0105 0.3979 -0.9174 0.9096 0.8182
-0.3971 0.0846 0.5482 -0.0090 0.2623 -0.9649 0.9144 0.8133
-0.3971 0.0846 0.5482 -0.0090 0.2623 -0.9649 0.9144 0.8133
-0.3971 -0.1364 0.5482 0.2311 0.9435 -0.2374 0.9036 0.4746
-0.4945 -0.3005 -0.2791 0.2311 0.9435 -0.2374 0.5765 0.4401
-0.4159 -0.2350 0.1381 0.2311 0.9435 -0.2374 0.7412 0.4691
-0.3971 -0.1364 0.5482 0.2311 0.9435 -0.2374 0.9036 0.4746
-0.4159 -0.2350 0.1381 0.2311 0.9435 -0.2374 0.7412 0.4691
-0.2561 -0.1382 0.5979 0.2311 0.9435 -0.2374 0.9229 0.5012
0.0733 -0.1059 0.6457 0.0000 0.9857 -0.1688 0.2660 0.5649
0.0733 -0.0792 0.8015 0.0000 0.9857 -0.1688 0.3318 0.5756
-0.0733 -0.0792 0.8015 0.0000 0.9857 -0.1688 0.0000 1.0000
0.0733 -0.1059 0.6457 0.0000 0.9857 -0.1688 0.2660 0.5649
-0.0733 -0.0792 0.8015 0.0000 0.9857 -0.1688 0.0000 1.0000
-0.0733 -0.1059 0.6457 0.0000 0.9857 -0.1688 0.2092 0.5647
0.2437 -0.0915 0.8015 -0.0926 0.9693 -0.2277 0.8793 0.4793
0.2561 -0.1382 0.5979 -0.0926 0.9693 -0.2277 0.8242 0.4506
0.3971 -0.1364 0.5482 -0.0926 0.9693 -0.2277 0.7903 0.4793
0.3294 0.1173 0.5979 -0.7370 0.3859 -0.5549 0.3731 0.1129
0.0297 0.1302 1.0050 -0.2636 0.6435 -0.7186 0.2215 0.0160
0.0733 -0.0792 0.8015 -0.4359 0.5789 -0.6891 0.2375 0.1199
0.0733 -0.0792 0.8015 -0.0495 -0.6866 -0.7254 0.2375 0.1199
0.2437 -0.0915 0.8015 -0.0495 -0.6866 -0.7254 0.2783 0.1649
0.3294 0.1173 0.5979 -0.0495 -0.6866 -0.7254 0.3731 0.1129
-0.3294 0.1173 0.5979 0.8158 -0.1064 -0.5684 0.0497 0.1144
-0.3971 0.0846 0.5482 0.8158 -0.1064 -0.5684 0.0246 0.1344
-0.3971 -0.1364 0.5482 0.8158 -0.1064 -0.5684 0.0480 0.2095
-0.3294 0.1173 0.5979 0.8158 -0.1064 -0.5684 0.0497 0.1144
-0.3971 -0.1364 0.5482 0.8158 -0.1064 -0.5684 0.0480 0.2095
-0.2437 -0.0915 0.8015 0.8158 -0.1064 -0.5684 0.1450 0.1655
-0.3971 -0.1364 0.5482 0.0926 0.9693 -0.2277 0.7874 0.4473
-0.2561 -0.1382 0.5979 0.0926 0.9693 -0.2277 0.8238 0.4782
-0.2437 -0.0915 0.8015 0.0926 0.9693 -0.2277 0.8829 0.4473
0.3971 -0.1364 0.5482 -0.7919 -0.0931 -0.6035 0.3758 0.2079
0.4146 0.0851 0.5499 -0.7919 -0.0931 -0.6035 0.4032 0.1338
0.3294 0.1173 0.5979 -0.7919 -0.0931 -0.6035 0.3731 0.1129
0.3971 -0.1364 0.5482 -0.7919 -0.0931 -0.6035 0.3758 0.2079
0.3294 0.1173 0.5979 -0.7919 -0.0931 -0.6035 0.3731 0.1129
0.2437 -0.0915 0.8015 -0.7919 -0.0931 -0.6035 0.2783 0.1649
0.0733 -0.0792 0.8015 -0.4359 0.5789 -0.6891 0.2375 0.1199
0.0297 0.1302 1.0050 -0.2636 0.6435 -0.7186 0.2215 0.0160
0.0000 0.1303 1.0050 0.0000 0.6969 -0.7172 0.2109 0.0160
0.0000 0.1303 1.0050 0.0000 0.6969 -0.7172 0.2109 0.0160
-0.0297 0.1302 1.0050 0.2636 0.6435 -0.7186 0.2004 0.0161
-0.0733 -0.0792 0.8015 0.4359 0.5789 -0.6891 0.1854 0.1201
0.0000 0.1303 1.0050 0.0000 0.6969 -0.7172 0.2109 0.0160
-0.0733 -0.0792 0.8015 0.4359 0.5789 -0.6891 0.1854 0.1201
0.0733 -0.0792 0.8015 -0.4359 0.5789 -0.6891 0.2375 0.1199
-0.3294 0.1173 0.5979 0.7370 0.3859 -0.5549 0.0497 0.1144
-0.0733 -0.0792 0.8015 0.4359 0.5789 -0.6891 0.1854 0.1201
-0.0297 0.1302 1.0050 0.2636 0.6435 -0.7186 0.2004 0.0161
-0.2437 -0.0915 0.8015 0.0495 -0.6866 -0.7254 0.1450 0.1655
-0.0733 -0.0792 0.8015 0.0495 -0.6866 -0.7254 0.1854 0.1201
-0.3294 0.1173 0.5979 0.0495 -0.6866 -0.7254 0.0497 0.1144
7 12 40
7 13 12
81 14 82
41 81 50
14 81 41
20 5 23
20 35 5
89 8 11
90 91 8
92 94 93
95 97 96
98 6 9
99 100 6
43 102 101
103 104 10
105 107 106
80 108 51
80 78 109
79 16 38
79 52 16
25 16 36
25 38 16
26 18 24
26 17 18
4 37 3
4 39 37
22 30 31
22 21 30
66 110 70
66 112 111
28 34 33
28 29 34
113 32 114
115 27 32
116 118 117
119 121 120
74 72 122
123 74 124
125 75 74
126 128 127
129 131 130
132 134 133
53 18 17
53 54 18
135 72 69
79 18 54
79 38 18
136 138 137
139 141 140
19 25 36
142 144 143
145 147 146
148 150 149
0 76 2
76 151 77
0 152 76
153 155 154
156 15 157
25 18 38
25 24 18
21 158 30
21 160 159
161 48 49
162 163 48
1 165 164
166 44 167
168 47 44
169 171 170
172 174 173
175 42 176
177 45 42
178 180 179
181 46 182
183 185 184
186 188 187
189 83 84
190 191 83
61 52 79
61 192 52
62 54 53
62 60 54
58 68 57
58 193 68
66 195 194
66 70 196
64 73 65
64 197 73
198 71 63
199 200 71
201 203 202
204 206 205
207 74 208
209 74 75
210 72 74
211 213 212
214 216 215
217 219 218
55 220 61
221 223 222
224 56 225
226 228 227
229 231 230
232 234 233
235 59 236
237 239 238
240 242 241
61 54 60
61 79 54
243 245 244
246 248 247
249 251 250
252 254 253
255 257 256
258 260 259
261 263 262
264 266 265
267 269 268
270 272 271
273 275 274
276 278 277
279 281 280
282 86 283
86 67 85
67 88 87
88 285 284
286 86 287
86 88 67
86 288 88
289 291 290
292 294 293
295 297 296
298 300 299
301 303 302
57 305 304
57 68 306
307 309 308
310 312 311
313 315 314
316 318 317
319 321 320
322 324 323
325 327 326
328 330 329
331 333 332
334 336 335
337 339 338
340 342 341
343 345 344
346 348 347
349 351 350
352 354 353
355 357 356
LABEL CargoBay
MATERIAL 2
TEXTURE 2
FLAG 0
GEOM 138 78
-0.8605 0.0628 2.3516 0.9986 0.0062 -0.0532 0.7335 0.0895
-0.2606 0.5538 -4.3015 -0.0008 0.0026 1.0000 0.9965 0.0622
-0.4707 0.4337 -4.3015 -0.0008 0.0026 1.0000 0.9925 0.0688
-0.6784 0.2613 -4.3015 -0.0008 0.0026 1.0000 0.9872 0.0756
-0.8828 0.0628 -4.3015 -0.0008 0.0026 1.0000 0.9809 0.0821
-0.7161 0.0634 3.7251 0.9953 -0.0550 -0.0797 0.6895 0.0864
-0.2594 0.5252 4.2942 0.0017 -0.0101 -0.9999 0.6474 0.0621
-0.3978 0.3801 4.2939 0.0017 -0.0101 -0.9999 0.6524 0.0670
-0.6529 0.0626 4.3010 0.9925 -0.1098 -0.0545 0.6710 0.0862
-0.5249 0.2276 4.2943 0.0017 -0.0101 -0.9999 0.6566 0.0704
-0.8605 -0.2235 2.3516 0.9986 0.0062 -0.0532 0.7339 0.0806
-0.7161 -0.2229 3.7251 0.9953 -0.0550 -0.0797 0.6899 0.0772
-0.7161 -0.2229 4.3015 0.0000 1.0000 0.0000 0.6714 0.0768
-0.8605 -0.2235 0.2322 0.0000 1.0000 0.0000 0.8001 0.0814
-0.8605 -0.6472 0.2322 0.0000 0.0000 -1.0000 0.8136 0.0814
-0.8605 -0.6472 -4.2987 0.0000 1.0000 0.0000 0.9582 0.0814
0.8605 0.0628 2.3516 -0.9986 0.0062 -0.0532 0.7335 0.0183
0.2606 0.5538 -4.3015 0.0008 0.0026 1.0000 0.9965 0.0456
0.4707 0.4337 -4.3015 0.0008 0.0026 1.0000 0.9925 0.0390
0.6784 0.2613 -4.3015 0.0008 0.0026 1.0000 0.9872 0.0323
0.8828 0.0628 -4.3015 0.0008 0.0026 1.0000 0.9809 0.0257
0.7161 0.0634 3.7251 -0.9953 -0.0550 -0.0797 0.6895 0.0214
0.2594 0.5252 4.2942 -0.0017 -0.0101 -0.9999 0.6474 0.0458
0.3978 0.3801 4.2939 -0.0017 -0.0101 -0.9999 0.6524 0.0409
0.6529 0.0626 4.3010 -0.9925 -0.1098 -0.0545 0.6710 0.0217
0.5249 0.2276 4.2943 -0.0017 -0.0101 -0.9999 0.6566 0.0375
0.0000 0.6046 -4.3015 -0.0000 0.0026 1.0000 0.9982 0.0539
0.0000 0.6090 4.2948 0.0000 -0.0101 -0.9999 0.6436 0.0539
0.8605 -0.2235 2.3516 -0.9986 0.0062 -0.0532 0.7339 0.0273
0.7161 -0.2229 3.7251 -0.9953 -0.0550 -0.0797 0.6899 0.0306
0.0000 -0.2235 2.3516 0.0000 1.0000 -0.0002 0.7337 0.0539
0.0000 -0.2229 3.7251 0.0000 1.0000 -0.0002 0.6901 0.0539
0.7161 -0.2229 4.3015 0.0000 1.0000 0.0000 0.6713 0.0310
0.0000 -0.2229 4.3015 0.0000 1.0000 0.0000 0.6714 0.0539
0.8605 -0.2235 0.2322 0.0000 1.0000 0.0000 0.8001 0.0265
0.0000 -0.2235 0.2322 0.0000 1.0000 0.0000 0.8002 0.0539
0.8605 -0.6472 0.2322 0.0000 0.0000 -1.0000 0.8136 0.0265
0.0000 -0.6472 0.2322 0.0000 0.0000 -1.0000 0.8137 0.0539
0.8605 -0.6472 -4.2987 0.0000 1.0000 0.0000 0.9582 0.0264
0.0000 -0.6472 -4.2987 0.0000 1.0000 0.0000 0.9582 0.0539
0.8676 0.0628 0.2315 -0.9999 0.0166 -0.0019 0.8136 0.0038
-0.8676 0.0628 0.2315 0.9999 0.0166 -0.0019 0.8000 0.0903
0.0963 0.5994 4.2946 -0.0017 -0.0101 -0.9999 0.6449 0.0512
0.1819 0.5751 4.2944 -0.0017 -0.0101 -0.9999 0.6461 0.0485
-0.0963 0.5994 4.2946 0.0017 -0.0101 -0.9999 0.6449 0.0567
-0.1819 0.5751 4.2944 0.0017 -0.0101 -0.9999 0.6461 0.0594
0.4474 0.3248 4.2938 -0.0017 -0.0101 -0.9999 0.6538 0.0398
0.4862 0.2762 4.2940 -0.0017 -0.0101 -0.9999 0.6552 0.0386
-0.3055 0.4782 4.2941 0.0017 -0.0101 -0.9999 0.6490 0.0637
-0.3539 0.4290 4.2940 0.0017 -0.0101 -0.9999 0.6507 0.0654
-0.4474 0.3248 4.2938 0.0017 -0.0101 -0.9999 0.6538 0.0681
-0.4862 0.2762 4.2940 0.0017 -0.0101 -0.9999 0.6552 0.0692
-0.0885 0.5966 -4.3015 -0.0008 0.0026 1.0000 0.9976 0.0567
-0.1753 0.5796 -4.3015 -0.0008 0.0026 1.0000 0.9971 0.0594
-0.3323 0.5213 -4.3015 -0.0008 0.0026 1.0000 0.9952 0.0644
-0.4009 0.4795 -4.3015 -0.0008 0.0026 1.0000 0.9939 0.0666
0.0885 0.5966 -4.3015 0.0008 0.0026 1.0000 0.9976 0.0511
0.1753 0.5796 -4.3015 0.0008 0.0026 1.0000 0.9971 0.0484
0.3323 0.5213 -4.3015 0.0008 0.0026 1.0000 0.9952 0.0434
0.4009 0.4795 -4.3015 0.0008 0.0026 1.0000 0.9939 0.0412
0.5404 0.3780 -4.3015 0.0008 0.0026 1.0000 0.9907 0.0368
0.6095 0.3211 -4.3015 0.0008 0.0026 1.0000 0.9890 0.0345
-0.7161 -0.2229 3.7251 0.0000 1.0000 -0.0002 0.6899 0.0772
-0.8605 -0.2235 2.3516 0.0000 1.0000 -0.0002 0.7339 0.0806
-0.7161 -0.2229 3.7251 0.0000 1.0000 -0.0002 0.6899 0.0772
-0.7161 -0.2229 3.7251 0.0000 1.0000 -0.0002 0.6899 0.0772
-0.7161 -0.2229 3.7251 0.0000 1.0000 -0.0002 0.6899 0.0772
-0.7161 -0.2229 4.3015 0.9925 -0.1098 -0.0545 0.6714 0.0768
-0.7161 -0.2229 4.3015 0.9925 -0.1098 -0.0545 0.6714 0.0768
-0.6529 0.0626 4.3010 0.0017 -0.0101 -0.9999 0.6623 0.0748
-0.6529 0.0626 4.3010 0.0017 -0.0101 -0.9999 0.6623 0.0748
-0.7161 -0.2229 4.3015 0.0017 -0.0101 -0.9999 0.6714 0.0768
0.0000 -0.2229 4.3015 0.0000 -0.0101 -0.9999 0.6714 0.0539
0.0000 -0.2229 4.3015 0.0000 -0.0101 -0.9999 0.6714 0.0539
-0.6529 0.0626 4.3010 0.0017 -0.0101 -0.9999 0.6623 0.0748
0.0000 -0.2229 4.3015 0.0000 -0.0101 -0.9999 0.6714 0.0539
0.0000 -0.2229 4.3015 0.0000 -0.0101 -0.9999 0.6714 0.0539
0.0000 -0.2229 4.3015 0.0000 -0.0101 -0.9999 0.6714 0.0539
-0.8605 -0.2235 2.3516 0.0000 1.0000 -0.0002 0.7339 0.0806
0.0000 -0.2235 0.2322 0.0000 0.0000 -1.0000 0.8002 0.0539
-0.8605 -0.2235 0.2322 0.0000 0.0000 -1.0000 0.8001 0.0814
0.0000 -0.2235 0.2322 0.0000 0.0000 -1.0000 0.8002 0.0539
0.0000 -0.6472 0.2322 0.0000 1.0000 0.0000 0.8137 0.0539
-0.8605 -0.6472 0.2322 0.0000 1.0000 0.0000 0.8136 0.0814
0.0000 -0.6472 0.2322 0.0000 1.0000 0.0000 0.8137 0.0539
0.0000 -0.6472 -4.2987 -0.0000 0.0026 1.0000 0.9582 0.0539
0.0000 -0.6472 -4.2987 -0.0000 0.0026 1.0000 0.9582 0.0539
-0.8605 -0.6472 -4.2987 -0.0008 0.0026 1.0000 0.9582 0.0814
0.0000 -0.6472 -4.2987 -0.0000 0.0026 1.0000 0.9582 0.0539
0.0000 -0.6472 -4.2987 -0.0000 0.0026 1.0000 0.9582 0.0539
0.0000 -0.6472 -4.2987 -0.0000 0.0026 1.0000 0.9582 0.0539
-0.8605 -0.2235 0.2322 0.9998 0.0179 -0.0020 0.8001 0.0814
0.7161 -0.2229 3.7251 0.0000 1.0000 -0.0002 0.6899 0.0306
0.7161 -0.2229 3.7251 0.0000 1.0000 -0.0002 0.6899 0.0306
0.8605 -0.2235 2.3516 0.0000 1.0000 -0.0002 0.7339 0.0273
0.7161 -0.2229 3.7251 0.0000 1.0000 -0.0002 0.6899 0.0306
0.7161 -0.2229 3.7251 0.0000 1.0000 -0.0002 0.6899 0.0306
0.7161 -0.2229 4.3015 -0.9925 -0.1098 -0.0545 0.6713 0.0310
0.7161 -0.2229 4.3015 -0.9925 -0.1098 -0.0545 0.6713 0.0310
0.0000 -0.2229 4.3015 0.0000 -0.0101 -0.9999 0.6714 0.0539
0.0000 -0.2229 4.3015 0.0000 -0.0101 -0.9999 0.6714 0.0539
0.7161 -0.2229 4.3015 -0.0017 -0.0101 -0.9999 0.6713 0.0310
0.6529 0.0626 4.3010 -0.0017 -0.0101 -0.9999 0.6622 0.0331
0.6529 0.0626 4.3010 -0.0017 -0.0101 -0.9999 0.6622 0.0331
0.0000 -0.2229 4.3015 0.0000 -0.0101 -0.9999 0.6714 0.0539
0.0000 -0.2229 4.3015 0.0000 -0.0101 -0.9999 0.6714 0.0539
0.6529 0.0626 4.3010 -0.0017 -0.0101 -0.9999 0.6622 0.0331
0.0000 -0.2229 4.3015 0.0000 -0.0101 -0.9999 0.6714 0.0539
0.8605 -0.2235 2.3516 0.0000 1.0000 -0.0002 0.7339 0.0273
0.0000 -0.2235 0.2322 0.0000 0.0000 -1.0000 0.8002 0.0539
0.0000 -0.2235 0.2322 0.0000 0.0000 -1.0000 0.8002 0.0539
0.8605 -0.2235 0.2322 0.0000 0.0000 -1.0000 0.8001 0.0265
0.0000 -0.6472 0.2322 0.0000 1.0000 0.0000 0.8137 0.0539
0.0000 -0.6472 0.2322 0.0000 1.0000 0.0000 0.8137 0.0539
0.8605 -0.6472 0.2322 0.0000 1.0000 0.0000 0.8136 0.0265
0.0000 -0.6472 -4.2987 -0.0000 0.0026 1.0000 0.9582 0.0539
0.8605 -0.6472 -4.2987 0.0008 0.0026 1.0000 0.9582 0.0264
0.8605 -0.6472 -4.2987 0.0008 0.0026 1.0000 0.9582 0.0264
0.0000 -0.6472 -4.2987 -0.0000 0.0026 1.0000 0.9582 0.0539
0.8605 -0.6472 -4.2987 0.0008 0.0026 1.0000 0.9582 0.0264
0.8605 -0.6472 -4.2987 -0.9998 0.0207 -0.0021 0.9582 0.0264
0.8828 0.0628 -4.3015 -0.9998 0.0207 -0.0021 0.9583 0.0038
0.8605 -0.2235 0.2322 -0.9998 0.0179 -0.0020 0.8134 0.0151
0.8605 -0.6472 0.2322 -0.9998 0.0207 -0.0021 0.8136 0.0265
0.8605 -0.6472 0.2322 -0.9998 0.0207 -0.0021 0.8136 0.0265
0.8605 -0.6472 -4.2987 -0.9998 0.0207 -0.0021 0.9582 0.0264
0.8676 0.0628 0.2315 -0.9999 0.0166 -0.0019 0.8000 0.0175
0.8676 0.0628 0.2315 -0.9999 0.0166 -0.0019 0.8000 0.0175
0.8605 -0.2235 0.2322 -0.9998 0.0179 -0.0020 0.8001 0.0265
-0.8676 0.0628 0.2315 0.9999 0.0166 -0.0019 0.8136 0.1040
-0.8828 0.0628 -4.3015 0.9998 0.0207 -0.0021 0.9583 0.1040
-0.8605 -0.6472 -4.2987 0.9998 0.0207 -0.0021 0.9582 0.0814
-0.8605 -0.6472 -4.2987 0.9998 0.0207 -0.0021 0.9582 0.0814
-0.8605 -0.6472 0.2322 0.9998 0.0207 -0.0021 0.8136 0.0814
-0.8605 -0.2235 0.2322 0.9998 0.0179 -0.0020 0.8134 0.0927
-0.8605 -0.6472 -4.2987 0.9998 0.0207 -0.0021 0.9582 0.0814
-0.8605 -0.2235 0.2322 0.9998 0.0179 -0.0020 0.8134 0.0927
-0.8676 0.0628 0.2315 0.9999 0.0166 -0.0019 0.8136 0.1040
5 10 0
5 11 10
62 30 63
64 31 30
65 33 31
66 12 33
5 67 11
5 8 68
7 51 50
51 69 9
70 72 71
73 44 27
44 6 45
6 49 48
49 51 7
51 75 74
76 6 44
6 51 49
51 6 77
30 13 78
30 35 13
79 14 80
81 37 14
82 15 83
84 39 15
52 85 26
86 4 87
4 2 3
2 54 55
54 53 1
53 88 52
89 2 4
2 53 54
90 53 2
41 10 91
41 0 10
21 28 29
21 16 28
92 30 31
93 94 30
95 33 32
96 31 33
21 97 24
21 29 98
46 22 23
22 42 43
42 99 27
100 102 101
103 47 25
47 22 46
22 104 42
105 47 106
22 47 107
30 34 35
30 108 34
109 36 37
110 111 36
112 38 39
113 114 38
115 56 26
56 17 57
17 59 58
59 60 18
60 19 61
19 116 20
117 56 118
56 59 17
59 19 60
19 56 119
56 19 59
120 40 121
40 123 122
40 125 124
126 28 16
127 128 28
129 131 130
132 134 133
135 137 136
LABEL LGRCross
MATERIAL 3
TEXTURE 0
FLAG 0
GEOM 40 16
-0.1218 -0.0000 -0.4389 -0.9239 -0.3827 0.0000
-0.1218 -0.0000 0.4389 -0.9239 -0.3827 0.0000
-0.0861 -0.0861 -0.4389 -0.9239 -0.3827 0.0000
-0.0861 -0.0861 0.4389 -0.9239 -0.3827 0.0000
-0.0000 -0.1218 -0.4389 -0.3827 -0.9239 0.0000
0.0000 -0.1218 0.4389 -0.3827 -0.9239 0.0000
0.0861 -0.0861 -0.4389 0.3827 -0.9239 -0.0000
0.0861 -0.0861 0.4389 0.3827 -0.9239 -0.0000
0.1218 0.0000 -0.4389 0.9239 -0.3827 -0.0000
0.1218 0.0000 0.4389 0.9239 -0.3827 -0.0000
0.0861 0.0861 -0.4389 0.9239 0.3827 -0.0000
0.0861 0.0861 0.4389 0.9239 0.3827 -0.0000
-0.0000 0.1218 -0.4389 0.3827 0.9239 -0.0000
0.0000 0.1218 0.4389 0.3827 0.9239 -0.0000
-0.0861 0.0861 -0.4389 -0.3827 0.9239 0.0000
-0.0861 0.0861 0.4389 -0.3827 0.9239 0.0000
-0.0861 -0.0861 -0.4389 -0.3827 -0.9239 0.0000
-0.0861 -0.0861 0.4389 -0.3827 -0.9239 0.0000
-0.0861 -0.0861 -0.4389 -0.3827 -0.9239 0.0000
-0.0000 -0.1218 -0.4389 0.3827 -0.9239 -0.0000
0.0000 -0.1218 0.4389 0.3827 -0.9239 -0.0000
-0.0000 -0.1218 -0.4389 0.3827 -0.9239 -0.0000
0.0861 -0.0861 -0.4389 0.9239 -0.3827 -0.0000
0.0861 -0.0861 0.4389 0.9239 -0.3827 -0.0000
0.0861 -0.0861 -0.4389 0.9239 -0.3827 -0.0000
0.1218 0.0000 -0.4389 0.9239 0.3827 -0.0000
0.1218 0.0000 0.4389 0.9239 0.3827 -0.0000
0.1218 0.0000 -0.4389 0.9239 0.3827 -0.0000
0.0861 0.0861 -0.4389 0.3827 0.9239 -0.0000
0.0861 0.0861 0.4389 0.3827 0.9239 -0.0000
0.0861 0.0861 -0.4389 0.3827 0.9239 -0.0000
-0.0000 0.1218 -0.4389 -0.3827 0.9239 0.0000
0.0000 0.1218 0.4389 -0.3827 0.9239 0.0000
-0.0000 0.1218 -0.4389 -0.3827 0.9239 0.0000
-0.0861 0.0861 -0.4389 -0.9239 0.3827 0.0000
-0.0861 0.0861 0.4389 -0.9239 0.3827 0.0000
-0.1218 -0.0000 0.4389 -0.9239 0.3827 0.0000
-0.0861 0.0861 -0.4389 -0.9239 0.3827 0.0000
-0.1218 -0.0000 0.4389 -0.9239 0.3827 0.0000
-0.1218 -0.0000 -0.4389 -0.9239 0.3827 0.0000
0 3 1
0 2 3
16 5 17
18 4 5
19 7 20
21 6 7
22 9 23
24 8 9
25 11 26
27 10 11
28 13 29
30 12 13
31 15 32
33 14 15
34 36 35
37 39 38
LABEL LGRArm
MATERIAL 3
TEXTURE 0
FLAG 0
GEOM 48 32
0.3808 0.0000 0.0863 0.0000 0.0000 1.0000
0.3808 -0.0610 0.0610 0.0000 -0.7071 0.7071
0.3808 -0.0863 -0.0000 0.0000 -1.0000 -0.0000
0.3808 -0.0610 -0.0610 0.0000 -0.7071 -0.7071
0.3808 0.0000 -0.0863 0.0000 0.0000 -1.0000
0.3808 0.0610 -0.0610 -0.0000 0.7071 -0.7071
0.3808 0.0863 0.0000 -0.0000 1.0000 0.0000
0.3808 0.0610 0.0610 -0.0000 0.7071 0.7071
1.2742 0.0000 0.0863 0.0000 0.0000 1.0000
1.2742 -0.0610 0.0610 0.0000 -0.7071 0.7071
1.2742 -0.0863 -0.0000 0.0000 -1.0000 -0.0000
1.2742 -0.0610 -0.0610 0.0000 -0.7071 -0.7071
1.2742 0.0000 -0.0863 -0.0000 0.0000 -1.0000
1.2742 0.0610 -0.0610 -0.0000 0.7071 -0.7071
1.2742 0.0863 0.0000 -0.0000 1.0000 0.0000
1.2742 0.0610 0.0610 -0.0000 0.7071 0.7071
0.3808 0.0000 0.0606 -1.0000 0.0000 0.0000
0.3808 -0.0429 0.0429 -1.0000 0.0000 -0.0000
0.3808 -0.0606 -0.0000 -1.0000 0.0000 0.0000
0.3808 -0.0429 -0.0429 -1.0000 0.0000 -0.0000
0.3808 0.0000 -0.0606 -1.0000 0.0000 0.0000
0.3808 0.0429 -0.0429 -1.0000 0.0000 0.0000
0.3808 0.0606 0.0000 -1.0000 0.0000 0.0000
0.3808 0.0429 0.0429 -1.0000 0.0000 -0.0000
0.3808 0.0000 -0.0863 -1.0000 0.0000 0.0000
0.3808 0.0610 -0.0610 -1.0000 0.0000 0.0000
0.3808 0.0000 -0.0863 -1.0000 0.0000 0.0000
0.3808 -0.0610 -0.0610 -1.0000 0.0000 -0.0000
0.3808 0.0000 -0.0863 -1.0000 0.0000 0.0000
0.3808 -0.0610 -0.0610 -1.0000 0.0000 -0.0000
0.3808 0.0610 0.0610 -1.0000 0.0000 -0.0000
0.3808 0.0000 0.0863 -1.0000 0.0000 0.0000
0.3808 0.0610 0.0610 -1.0000 0.0000 -0.0000
0.3808 -0.0863 -0.0000 -1.0000 0.0000 0.0000
0.3808 -0.0610 -0.0610 -1.0000 0.0000 -0.0000
0.3808 -0.0863 -0.0000 -1.0000 0.0000 0.0000
0.3808 0.0863 0.0000 -1.0000 0.0000 0.0000
0.3808 0.0610 0.0610 -1.0000 0.0000 -0.0000
0.3808 0.0863 0.0000 -1.0000 0.0000 0.0000
0.3808 -0.0610 0.0610 -1.0000 0.0000 -0.0000
0.3808 -0.0863 -0.0000 -1.0000 0.0000 0.0000
0.3808 -0.0610 0.0610 -1.0000 0.0000 -0.0000
0.3808 0.0610 -0.0610 -1.0000 0.0000 0.0000
0.3808 0.0863 0.0000 -1.0000 0.0000 0.0000
0.3808 0.0610 -0.0610 -1.0000 0.0000 0.0000
0.3808 0.0000 0.0863 -1.0000 0.0000 0.0000
0.3808 -0.0610 0.0610 -1.0000 0.0000 -0.0000
0.3808 0.0000 0.0863 -1.0000 0.0000 0.0000
4 13 12
4 5 13
3 12 11
3 4 12
7 8 15
7 0 8
2 11 10
2 3 11
6 15 14
6 7 15
1 10 9
1 2 10
5 14 13
5 6 14
0 9 8
0 1 9
24 21 25
26 20 21
27 20 28
29 19 20
30 16 31
32 23 16
33 19 34
35 18 19
36 23 37
38 22 23
39 18 40
41 17 18
42 22 43
44 21 22
45 17 46
47 16 17
LABEL LGRFork
MATERIAL 3
TEXTURE 0
FLAG 0
GEOM 209 140
-0.0000 0.1051 0.0343 -0.0000 1.0000 -0.0000
-0.0000 -0.0929 -0.0396 0.0000 0.4472 -0.8944
0.0610 0.1051 -0.0396 -0.0000 1.0000 -0.0000
0.0610 -0.0929 0.0343 0.7345 -0.3441 0.5849
0.0610 -0.0929 -0.0396 0.7345 -0.3441 -0.5849
-0.0000 -0.1395 0.0343 0.0597 -0.7223 0.6890
-0.0000 -0.1395 -0.0396 0.0597 -0.7223 -0.6890
0.0425 -0.1324 0.0343 0.4760 -0.6278 0.6159
0.0425 -0.1324 -0.0396 0.4760 -0.6278 -0.6159
-0.3783 -0.0929 0.0343 -0.2398 0.6429 0.7274
-0.3783 -0.0929 -0.0396 -0.0000 0.7071 -0.7071
-0.3783 -0.1395 0.0343 -0.2398 -0.6429 0.7274
-0.3783 -0.1395 -0.0396 0.0000 -0.7071 -0.7071
-0.4406 -0.0929 -0.0118 -0.8239 0.5661 0.0262
-0.4077 -0.0929 -0.0396 -0.2644 0.6374 -0.7237
-0.4406 -0.1395 -0.0118 -0.8239 -0.5661 0.0262
-0.4077 -0.1395 -0.0396 -0.2644 -0.6374 -0.7237
-0.0000 -0.0929 0.0343 -0.7071 -0.0000 0.7071
-0.0000 0.1051 -0.0396 0.0000 -0.4472 -0.8944
0.0610 0.1051 0.0343 -0.0000 1.0000 -0.0000
-0.0000 0.1517 0.0343 0.0597 0.7223 0.6890
-0.0000 0.1517 -0.0396 0.0597 0.7223 -0.6890
0.0425 0.1446 0.0343 0.4760 0.6278 0.6159
0.0425 0.1446 -0.0396 0.4760 0.6278 -0.6159
-0.3783 0.1051 0.0343 -0.2398 -0.6429 0.7274
-0.3783 0.1051 -0.0396 -0.0000 -0.7071 -0.7071
-0.3783 0.1517 0.0343 -0.2398 0.6429 0.7274
-0.3783 0.1517 -0.0396 -0.0000 0.7071 -0.7071
-0.4406 0.1051 -0.0118 -0.8239 -0.5661 0.0262
-0.4077 0.1051 -0.0396 -0.2644 -0.6374 -0.7237
-0.4406 0.1517 -0.0118 -0.8239 0.5661 0.0262
-0.4077 0.1517 -0.0396 -0.2644 0.6374 -0.7237
0.0346 0.0000 0.0342 -0.0000 0.0000 1.0000
0.1995 0.0000 0.0342 -0.0000 0.0000 1.0000
0.0346 -0.0242 0.0242 0.0000 -0.7071 0.7071
0.1995 -0.0242 0.0242 0.0000 -0.7071 0.7071
0.0346 -0.0342 -0.0000 0.0000 -1.0000 0.0000
0.1995 -0.0342 0.0000 0.0000 -1.0000 0.0000
0.0346 -0.0242 -0.0242 0.0000 -0.7071 -0.7071
0.1995 -0.0242 -0.0242 0.0000 -0.7071 -0.7071
0.0346 0.0000 -0.0342 0.0000 0.0000 -1.0000
0.1995 0.0000 -0.0342 0.0000 0.0000 -1.0000
0.0346 0.0242 -0.0242 -0.0000 0.7071 -0.7071
0.1995 0.0242 -0.0242 -0.0000 0.7071 -0.7071
0.0346 0.0342 0.0000 -0.0000 1.0000 0.0000
0.1995 0.0342 0.0000 -0.0000 1.0000 0.0000
0.0346 0.0242 0.0242 -0.0000 0.7071 0.7071
0.1995 0.0242 0.0242 -0.0000 0.7071 0.7071
0.2095 0.0000 0.0618 -0.9408 0.0000 0.3389
0.2095 -0.0437 0.0437 -0.9408 -0.2396 0.2396
0.2095 -0.0618 0.0000 -0.9408 -0.3389 0.0000
0.2095 -0.0437 -0.0437 -0.9408 -0.2396 -0.2396
0.2095 0.0000 -0.0618 -0.9408 0.0000 -0.3389
0.2095 0.0437 -0.0437 -0.9408 0.2396 -0.2396
0.2095 0.0618 0.0000 -0.9408 0.3389 -0.0000
0.2095 0.0437 0.0437 -0.9408 0.2396 0.2396
-0.4065 0.2938 -0.0970 -0.0000 0.0000 -1.0000
-0.4065 -0.2822 -0.0970 -0.0000 0.0000 -1.0000
-0.4449 0.2938 -0.0811 -0.7071 0.0000 -0.7071
-0.4449 -0.2822 -0.0811 -0.7071 0.0000 -0.7071
-0.4607 0.2938 -0.0427 -1.0000 -0.0000 0.0000
-0.4607 -0.2822 -0.0427 -1.0000 -0.0000 0.0000
-0.4449 0.2938 -0.0043 -0.7071 -0.0000 0.7071
-0.4449 -0.2822 -0.0043 -0.7071 -0.0000 0.7071
-0.4065 0.2938 0.0116 -0.0000 -0.0000 1.0000
-0.4065 -0.2822 0.0116 -0.0000 -0.0000 1.0000
-0.3681 0.2938 -0.0043 0.7071 -0.0000 0.7071
-0.3681 -0.2822 -0.0043 0.7071 -0.0000 0.7071
-0.3522 0.2938 -0.0427 1.0000 -0.0000 -0.0000
-0.3522 -0.2822 -0.0427 1.0000 -0.0000 -0.0000
-0.3681 0.2938 -0.0811 0.7071 0.0000 -0.7071
-0.3681 -0.2822 -0.0811 0.0000 -1.0000 0.0000
1.1012 0.0000 0.0618 -0.0000 0.0000 1.0000
1.1012 -0.0437 0.0437 0.0000 -0.7071 0.7071
1.1012 -0.0618 0.0000 0.0000 -1.0000 0.0000
1.1012 -0.0437 -0.0437 0.0000 -0.7071 -0.7071
1.1012 0.0000 -0.0618 0.0000 0.0000 -1.0000
1.1012 0.0437 -0.0437 -0.0000 0.7071 -0.7071
1.1012 0.0618 0.0000 -0.0000 1.0000 -0.0000
1.1012 0.0437 0.0437 -0.0000 0.7071 0.7071
0.1995 0.0000 -0.0342 -0.9408 0.0000 -0.3389
0.1995 -0.0242 -0.0242 -0.9408 -0.2396 -0.2396
0.1995 0.0000 -0.0342 -0.9408 0.0000 -0.3389
0.1995 0.0242 0.0242 -0.9408 0.2396 0.2396
0.1995 0.0342 0.0000 -0.9408 0.3389 -0.0000
0.1995 0.0242 0.0242 -0.9408 0.2396 0.2396
0.1995 -0.0342 0.0000 -0.9408 -0.3389 0.0000
0.1995 -0.0242 0.0242 -0.9408 -0.2396 0.2396
0.1995 -0.0342 0.0000 -0.9408 -0.3389 0.0000
0.1995 0.0242 -0.0242 -0.9408 0.2396 -0.2396
0.1995 0.0000 -0.0342 -0.9408 0.0000 -0.3389
0.1995 0.0242 -0.0242 -0.9408 0.2396 -0.2396
0.1995 0.0000 0.0342 -0.9408 0.0000 0.3389
0.1995 0.0242 0.0242 -0.9408 0.2396 0.2396
0.1995 0.0000 0.0342 -0.9408 0.0000 0.3389
0.1995 -0.0242 -0.0242 -0.9408 -0.2396 -0.2396
0.1995 -0.0342 0.0000 -0.9408 -0.3389 0.0000
0.1995 -0.0242 -0.0242 -0.9408 -0.2396 -0.2396
0.1995 0.0342 0.0000 -0.9408 0.3389 -0.0000
0.1995 0.0242 -0.0242 -0.9408 0.2396 -0.2396
0.1995 0.0342 0.0000 -0.9408 0.3389 -0.0000
0.1995 -0.0242 0.0242 -0.9408 -0.2396 0.2396
0.1995 0.0000 0.0342 -0.9408 0.0000 0.3389
0.1995 -0.0242 0.0242 -0.9408 -0.2396 0.2396
-0.4065 -0.2822 -0.0970 0.0000 -1.0000 0.0000
-0.4449 -0.2822 -0.0811 0.0000 -1.0000 0.0000
-0.4607 -0.2822 -0.0427 0.0000 -1.0000 0.0000
-0.4607 -0.2822 -0.0427 0.0000 -1.0000 0.0000
-0.4449 -0.2822 -0.0043 0.0000 -1.0000 0.0000
-0.4065 -0.2822 0.0116 0.0000 -1.0000 0.0000
-0.4065 -0.2822 0.0116 0.0000 -1.0000 0.0000
-0.3681 -0.2822 -0.0043 0.0000 -1.0000 0.0000
-0.3522 -0.2822 -0.0427 0.0000 -1.0000 0.0000
-0.3522 -0.2822 -0.0427 0.0000 -1.0000 0.0000
-0.4065 -0.2822 -0.0970 0.0000 -1.0000 0.0000
-0.4065 -0.2822 -0.0970 0.0000 -1.0000 0.0000
-0.4607 -0.2822 -0.0427 0.0000 -1.0000 0.0000
-0.4065 -0.2822 0.0116 0.0000 -1.0000 0.0000
-0.4065 -0.2822 0.0116 0.0000 -1.0000 0.0000
-0.3522 -0.2822 -0.0427 0.0000 -1.0000 0.0000
-0.4065 -0.2822 -0.0970 0.0000 -1.0000 0.0000
-0.3681 -0.2822 -0.0811 0.7071 0.0000 -0.7071
-0.3681 -0.2822 -0.0811 0.7071 0.0000 -0.7071
-0.3681 -0.2822 -0.0811 0.7071 0.0000 -0.7071
-0.4449 0.2938 -0.0811 -0.0000 1.0000 0.0000
-0.4065 0.2938 -0.0970 -0.0000 1.0000 0.0000
-0.3681 0.2938 -0.0811 -0.0000 1.0000 0.0000
-0.3681 0.2938 -0.0811 -0.0000 1.0000 0.0000
-0.3522 0.2938 -0.0427 -0.0000 1.0000 0.0000
-0.3681 0.2938 -0.0043 -0.0000 1.0000 0.0000
-0.3681 0.2938 -0.0043 -0.0000 1.0000 0.0000
-0.4065 0.2938 0.0116 -0.0000 1.0000 0.0000
-0.4449 0.2938 -0.0043 -0.0000 1.0000 0.0000
-0.4449 0.2938 -0.0043 -0.0000 1.0000 0.0000
-0.4607 0.2938 -0.0427 -0.0000 1.0000 0.0000
-0.4449 0.2938 -0.0811 -0.0000 1.0000 0.0000
-0.4449 0.2938 -0.0811 -0.0000 1.0000 0.0000
-0.3681 0.2938 -0.0811 -0.0000 1.0000 0.0000
-0.3681 0.2938 -0.0043 -0.0000 1.0000 0.0000
-0.3681 0.2938 -0.0043 -0.0000 1.0000 0.0000
-0.4449 0.2938 -0.0043 -0.0000 1.0000 0.0000
-0.4449 0.2938 -0.0811 -0.0000 1.0000 0.0000
-0.0000 0.1051 -0.0396 -0.0000 1.0000 -0.0000
0.0610 0.1051 0.0343 0.7071 -0.0000 0.7071
0.0610 -0.0929 0.0343 0.7071 -0.0000 0.7071
0.0610 0.1051 0.0343 0.7071 -0.0000 0.7071
-0.0000 0.1051 0.0343 -0.7071 -0.0000 0.7071
0.0610 -0.0929 -0.0396 0.7071 0.0000 -0.7071
0.0610 0.1051 -0.0396 0.7071 0.0000 -0.7071
-0.0000 0.1051 -0.0396 -0.7071 0.0000 -0.7071
0.0610 -0.0929 -0.0396 0.7071 0.0000 -0.7071
-0.0000 0.1051 -0.0396 -0.7071 0.0000 -0.7071
-0.0000 -0.0929 -0.0396 -0.7071 0.0000 -0.7071
-0.0000 0.1051 -0.0396 -0.7071 0.0000 -0.7071
-0.0000 0.1051 0.0343 -0.7071 -0.0000 0.7071
-0.0000 0.1051 -0.0396 -0.7071 0.0000 -0.7071
-0.0000 -0.0929 -0.0396 -0.7071 0.0000 -0.7071
0.0610 -0.0929 -0.0396 0.7071 0.0000 -0.7071
0.0610 -0.0929 0.0343 0.7071 -0.0000 0.7071
0.0610 0.1051 0.0343 0.7071 -0.0000 0.7071
0.0610 -0.0929 -0.0396 0.7071 0.0000 -0.7071
0.0610 0.1051 0.0343 0.7071 -0.0000 0.7071
0.0610 0.1051 -0.0396 0.7071 0.0000 -0.7071
-0.0000 -0.0929 0.0343 -0.0000 0.4472 0.8944
-0.0000 -0.0929 0.0343 -0.0000 0.4472 0.8944
-0.0000 -0.0929 0.0343 -0.0000 0.4472 0.8944
-0.0000 -0.0929 0.0343 -0.0000 0.4472 0.8944
-0.0000 -0.0929 0.0343 -0.0000 0.4472 0.8944
0.0610 -0.0929 -0.0396 0.0000 -1.0000 0.0000
-0.0000 -0.0929 -0.0396 0.0000 -1.0000 0.0000
-0.0000 -0.0929 0.0343 0.0000 -1.0000 0.0000
0.0610 -0.0929 -0.0396 0.0000 -1.0000 0.0000
-0.0000 -0.0929 0.0343 0.0000 -1.0000 0.0000
0.0610 -0.0929 0.0343 0.0000 -1.0000 0.0000
0.0610 0.1051 -0.0396 0.7345 0.3441 -0.5849
0.0610 0.1051 -0.0396 0.7345 0.3441 -0.5849
0.0610 0.1051 0.0343 0.7345 0.3441 0.5849
0.0610 0.1051 0.0343 0.7345 0.3441 0.5849
0.0610 0.1051 -0.0396 0.7345 0.3441 -0.5849
-0.0000 0.1051 0.0343 0.0000 -0.4472 0.8944
-0.0000 0.1051 0.0343 0.0000 -0.4472 0.8944
0.0610 0.1051 0.0343 0.7345 0.3441 0.5849
-0.0000 0.1051 0.0343 0.0000 -0.4472 0.8944
-0.0000 0.1051 0.0343 0.0000 -0.4472 0.8944
-0.0000 0.1051 0.0343 0.0000 -0.4472 0.8944
0.2095 0.0437 -0.0437 -0.0000 0.7071 -0.7071
0.2095 0.0000 -0.0618 0.0000 0.0000 -1.0000
0.2095 0.0437 -0.0437 -0.0000 0.7071 -0.7071
0.2095 0.0000 -0.0618 0.0000 0.0000 -1.0000
0.2095 -0.0437 -0.0437 0.0000 -0.7071 -0.7071
0.2095 0.0000 -0.0618 0.0000 0.0000 -1.0000
0.2095 0.0000 0.0618 -0.0000 -0.0000 1.0000
0.2095 0.0437 0.0437 -0.0000 0.7071 0.7071
0.2095 0.0000 0.0618 -0.0000 -0.0000 1.0000
0.2095 -0.0437 -0.0437 0.0000 -0.7071 -0.7071
0.2095 -0.0618 0.0000 0.0000 -1.0000 -0.0000
0.2095 -0.0437 -0.0437 0.0000 -0.7071 -0.7071
0.2095 0.0437 0.0437 -0.0000 0.7071 0.7071
0.2095 0.0618 0.0000 -0.0000 1.0000 -0.0000
0.2095 0.0437 0.0437 -0.0000 0.7071 0.7071
0.2095 -0.0618 0.0000 0.0000 -1.0000 -0.0000
0.2095 -0.0437 0.0437 0.0000 -0.7071 0.7071
0.2095 -0.0618 0.0000 0.0000 -1.0000 -0.0000
0.2095 0.0618 0.0000 -0.0000 1.0000 -0.0000
0.2095 0.0437 -0.0437 -0.0000 0.7071 -0.7071
0.2095 0.0618 0.0000 -0.0000 1.0000 -0.0000
0.2095 -0.0437 0.0437 0.0000 -0.7071 0.7071
0.2095 0.0000 0.0618 -0.0000 -0.0000 1.0000
0.2095 -0.0437 0.0437 0.0000 -0.7071 0.7071
4 6 1
4 8 6
7 6 8
7 5 6
3 8 4
3 7 8
6 10 1
6 12 10
9 15 11
9 13 15
5 12 6
5 11 12
14 15 13
14 16 15
12 14 10
12 16 14
11 16 12
11 15 16
10 13 9
10 14 13
22 21 20
22 23 21
21 25 27
21 18 25
24 30 28
24 26 30
20 27 26
20 21 27
29 30 31
29 28 30
27 29 31
27 25 29
26 31 30
26 27 31
25 28 29
25 24 28
32 35 33
32 34 35
34 37 35
34 36 37
36 39 37
36 38 39
38 41 39
38 40 41
40 43 41
40 42 43
42 45 43
42 44 45
44 47 45
44 46 47
46 33 47
46 32 33
80 51 81
82 52 51
83 54 84
85 55 54
86 49 87
88 50 49
89 52 90
91 53 52
92 55 93
94 48 55
95 50 96
97 51 50
98 53 99
100 54 53
101 48 102
103 49 48
56 59 58
56 57 59
58 61 60
58 59 61
60 63 62
60 61 63
62 65 64
62 63 65
64 67 66
64 65 67
66 69 68
66 67 69
104 106 105
107 109 108
110 112 111
113 114 71
115 117 116
118 120 119
70 57 56
70 121 57
68 122 70
68 69 123
124 126 125
127 129 128
130 132 131
133 135 134
136 138 137
139 141 140
2 0 19
2 142 0
143 17 144
145 146 17
147 149 148
150 152 151
153 17 154
155 156 17
157 159 158
160 162 161
163 7 3
164 5 7
165 11 5
166 9 11
1 9 167
1 10 9
168 170 169
171 173 172
174 21 23
175 18 21
176 23 22
177 178 23
179 22 20
180 181 22
182 26 24
183 20 26
18 24 25
18 184 24
185 76 186
187 77 76
188 75 189
190 76 75
191 79 192
193 72 79
194 74 195
196 75 74
197 78 198
199 79 78
200 73 201
202 74 73
203 77 204
205 78 77
206 72 207
208 73 72
LABEL LGRWheel1
MATERIAL 2
TEXTURE 2
FLAG 0
GEOM 232 260
-0.7908 -0.2472 -0.0449 -1.0000 0.0000 0.0000 0.8890 0.6070
-0.7683 -0.3007 -0.0449 -0.7259 -0.6878 0.0000 0.8869 0.6074
-0.7139 -0.3229 -0.0449 -0.0471 -0.9989 -0.0000 0.8853 0.6077
-0.6596 -0.3007 -0.0449 0.6776 -0.7354 -0.0000 0.8837 0.6080
-0.6371 -0.2472 -0.0449 0.9218 -0.3876 -0.0000 0.8820 0.6084
-0.6596 -0.1936 -0.0449 0.6776 0.7354 -0.0000 0.8785 0.6165
-0.7139 -0.1714 -0.0449 -0.0471 0.9989 -0.0000 0.8799 0.6174
-0.7683 -0.1936 -0.0449 -0.7259 0.6878 0.0000 0.8813 0.6183
-0.7615 -0.2472 0.1022 -0.9239 0.0000 0.3827 0.8872 0.6027
-0.7407 -0.3007 0.0936 -0.6707 -0.6878 0.2778 0.8854 0.6038
-0.6905 -0.3229 0.0728 -0.0435 -0.9989 0.0180 0.8840 0.6047
-0.6403 -0.3007 0.0520 0.6260 -0.7354 -0.2593 0.8827 0.6056
-0.6195 -0.2472 0.0433 0.8517 -0.3876 -0.3528 0.8812 0.6065
-0.6403 -0.1936 0.0520 0.6260 0.7354 -0.2593 0.8767 0.6184
-0.6905 -0.1714 0.0728 -0.0435 0.9989 0.0180 0.8776 0.6197
-0.7407 -0.1936 0.0936 -0.6707 0.6878 0.2778 0.8786 0.6211
-0.6782 -0.2472 0.2268 -0.7071 -0.0000 0.7071 0.8839 0.5993
-0.6623 -0.3007 0.2109 -0.5133 -0.6878 0.5133 0.8827 0.6010
-0.6239 -0.3229 0.1725 -0.0333 -0.9989 0.0333 0.8818 0.6024
-0.5854 -0.3007 0.1341 0.4791 -0.7354 -0.4791 0.8809 0.6038
-0.5695 -0.2472 0.1181 0.6518 -0.3876 -0.6518 0.8799 0.6052
-0.5854 -0.1936 0.1341 0.4791 0.7354 -0.4791 0.8743 0.6194
-0.6239 -0.1714 0.1725 -0.0333 0.9989 0.0333 0.8746 0.6210
-0.6623 -0.1936 0.2109 -0.5133 0.6878 0.5133 0.8750 0.6227
-0.5535 -0.2472 0.3102 -0.3827 -0.0000 0.9239 0.8796 0.5975
-0.5449 -0.3007 0.2894 -0.2778 -0.6878 0.6707 0.8791 0.5996
-0.5241 -0.3229 0.2391 -0.0180 -0.9989 0.0435 0.8788 0.6012
-0.5033 -0.3007 0.1889 0.2593 -0.7354 -0.6260 0.8785 0.6028
-0.4947 -0.2472 0.1681 0.3528 -0.3876 -0.8517 0.8781 0.6044
-0.5033 -0.1936 0.1889 0.2593 0.7354 -0.6260 0.8717 0.6194
-0.5241 -0.1714 0.2391 -0.0180 0.9989 0.0435 0.8714 0.6210
-0.5449 -0.1936 0.2894 -0.2778 0.6878 0.6707 0.8711 0.6226
-0.4065 -0.2472 0.3394 -0.0000 -0.0000 1.0000 0.8748 0.5974
-0.4065 -0.3007 0.3169 -0.0000 -0.6878 0.7259 0.8752 0.5996
-0.4065 -0.3229 0.2625 0.0000 -0.9989 0.0471 0.8756 0.6012
-0.4065 -0.3007 0.2082 0.0000 -0.7354 -0.6776 0.8759 0.6028
-0.4065 -0.2472 0.1857 0.0000 -0.3876 -0.9218 0.8762 0.6045
-0.4065 -0.1936 0.2082 -0.0000 0.7354 -0.6776 0.8693 0.6184
-0.4065 -0.1714 0.2625 -0.0000 0.9989 0.0471 0.8684 0.6197
-0.4065 -0.1936 0.3169 -0.0000 0.6878 0.7259 0.8675 0.6211
-0.2594 -0.2472 0.3102 0.3827 0.0000 0.9239 0.8705 0.5993
-0.2680 -0.3007 0.2894 0.2778 -0.6878 0.6707 0.8716 0.6010
-0.2888 -0.3229 0.2391 0.0180 -0.9989 0.0435 0.8726 0.6025
-0.3096 -0.3007 0.1889 -0.2593 -0.7354 -0.6260 0.8735 0.6038
-0.3182 -0.2472 0.1681 -0.3528 -0.3876 -0.8517 0.8744 0.6052
-0.3096 -0.1936 0.1889 -0.2593 0.7354 -0.6260 0.8675 0.6165
-0.2888 -0.1714 0.2391 0.0180 0.9989 0.0435 0.8662 0.6174
-0.2680 -0.1936 0.2894 0.2778 0.6878 0.6707 0.8647 0.6183
-0.1347 -0.2472 0.2268 0.7071 -0.0000 0.7071 0.8672 0.6027
-0.1506 -0.3007 0.2109 0.5133 -0.6878 0.5133 0.8689 0.6038
-0.1891 -0.3229 0.1725 0.0333 -0.9989 0.0333 0.8703 0.6048
-0.2275 -0.3007 0.1341 -0.4791 -0.7354 -0.4791 0.8717 0.6057
-0.2434 -0.2472 0.1181 -0.6518 -0.3876 -0.6518 0.8731 0.6066
-0.2275 -0.1936 0.1341 -0.4791 0.7354 -0.4791 0.8665 0.6141
-0.1891 -0.1714 0.1725 0.0333 0.9989 0.0333 0.8649 0.6144
-0.1506 -0.1936 0.2109 0.5133 0.6878 0.5133 0.8633 0.6147
-0.0514 -0.2472 0.1022 0.9239 0.0000 0.3827 0.8654 0.6070
-0.0722 -0.3007 0.0936 0.6707 -0.6878 0.2778 0.8675 0.6074
-0.1224 -0.3229 0.0728 0.0435 -0.9989 0.0180 0.8691 0.6078
-0.1726 -0.3007 0.0520 -0.6260 -0.7354 -0.2593 0.8707 0.6081
-0.1934 -0.2472 0.0433 -0.8517 -0.3876 -0.3528 0.8724 0.6084
-0.1726 -0.1936 0.0520 -0.6260 0.7354 -0.2593 0.8665 0.6115
-0.1224 -0.1714 0.0728 0.0435 0.9989 0.0180 0.8649 0.6112
-0.0722 -0.1936 0.0936 0.6707 0.6878 0.2778 0.8633 0.6109
-0.0222 -0.2472 -0.0449 1.0000 0.0000 0.0000 0.8654 0.6117
-0.0447 -0.3007 -0.0449 0.7259 -0.6878 0.0000 0.8675 0.6113
-0.0990 -0.3229 -0.0449 0.0471 -0.9989 0.0000 0.8691 0.6110
-0.1534 -0.3007 -0.0449 -0.6776 -0.7354 -0.0000 0.8707 0.6107
-0.1759 -0.2472 -0.0449 -0.9218 -0.3876 -0.0000 0.8724 0.6104
-0.1534 -0.1936 -0.0449 -0.6776 0.7354 -0.0000 0.8675 0.6091
-0.0990 -0.1714 -0.0449 0.0471 0.9989 0.0000 0.8661 0.6082
-0.0447 -0.1936 -0.0449 0.7259 0.6878 0.0000 0.8647 0.6073
-0.0514 -0.2472 -0.1920 0.9239 0.0000 -0.3827 0.8672 0.6161
-0.0722 -0.3007 -0.1834 0.6707 -0.6878 -0.2778 0.8690 0.6149
-0.1224 -0.3229 -0.1626 0.0435 -0.9989 -0.0180 0.8704 0.6140
-0.1726 -0.3007 -0.1418 -0.6260 -0.7354 0.2593 0.8717 0.6131
-0.1934 -0.2472 -0.1331 -0.8517 -0.3876 0.3528 0.8732 0.6122
-0.1726 -0.1936 -0.1418 -0.6260 0.7354 0.2593 0.8693 0.6072
-0.1224 -0.1714 -0.1626 0.0435 0.9989 -0.0180 0.8684 0.6059
-0.0722 -0.1936 -0.1834 0.6707 0.6878 -0.2778 0.8674 0.6045
-0.1347 -0.2472 -0.3167 0.7071 0.0000 -0.7071 0.8705 0.6194
-0.1506 -0.3007 -0.3007 0.5133 -0.6878 -0.5133 0.8717 0.6177
-0.1891 -0.3229 -0.2623 0.0333 -0.9989 -0.0333 0.8727 0.6163
-0.2275 -0.3007 -0.2239 -0.4791 -0.7354 0.4791 0.8736 0.6149
-0.2434 -0.2472 -0.2080 -0.6518 -0.3876 0.6518 0.8745 0.6135
-0.2275 -0.1936 -0.2239 -0.4791 0.7354 0.4791 0.8716 0.6062
-0.1891 -0.1714 -0.2623 0.0333 0.9989 -0.0333 0.8713 0.6047
-0.1506 -0.1936 -0.3007 0.5133 0.6878 -0.5133 0.8710 0.6030
-0.2594 -0.2472 -0.4000 0.3827 0.0000 -0.9239 0.8749 0.6212
-0.2680 -0.3007 -0.3792 0.2778 -0.6878 -0.6707 0.8753 0.6192
-0.2888 -0.3229 -0.3290 0.0180 -0.9989 -0.0435 0.8757 0.6175
-0.3096 -0.3007 -0.2787 -0.2593 -0.7354 0.6260 0.8760 0.6159
-0.3182 -0.2472 -0.2579 -0.3528 -0.3876 0.8517 0.8763 0.6143
-0.3096 -0.1936 -0.2787 -0.2593 0.7354 0.6260 0.8742 0.6062
-0.2888 -0.1714 -0.3290 0.0180 0.9989 -0.0435 0.8745 0.6047
-0.2680 -0.1936 -0.3792 0.2778 0.6878 -0.6707 0.8749 0.6030
-0.4065 -0.2472 -0.4292 -0.0000 0.0000 -1.0000 0.8796 0.6212
-0.4065 -0.3007 -0.4067 -0.0000 -0.6878 -0.7259 0.8792 0.6191
-0.4065 -0.3229 -0.3524 0.0000 -0.9989 -0.0471 0.8789 0.6175
-0.4065 -0.3007 -0.2980 0.0000 -0.7354 0.6776 0.8786 0.6159
-0.4065 -0.2472 -0.2755 0.0000 -0.3876 0.9218 0.8783 0.6143
-0.4065 -0.1936 -0.2980 0.0000 0.7354 0.6776 0.8766 0.6072
-0.4065 -0.1714 -0.3524 -0.0000 0.9989 -0.0471 0.8775 0.6059
-0.4065 -0.1936 -0.4067 -0.0000 0.6878 -0.7259 0.8784 0.6045
-0.5535 -0.2472 -0.4000 -0.3827 0.0000 -0.9239 0.8840 0.6194
-0.5449 -0.3007 -0.3792 -0.2778 -0.6878 -0.6707 0.8828 0.6176
-0.5241 -0.3229 -0.3290 -0.0180 -0.9989 -0.0435 0.8819 0.6162
-0.5033 -0.3007 -0.2787 0.2593 -0.7354 0.6260 0.8810 0.6149
-0.4947 -0.2472 -0.2579 0.3528 -0.3876 0.8517 0.8800 0.6135
-0.5033 -0.1936 -0.2787 0.2593 0.7354 0.6260 0.8785 0.6091
-0.5241 -0.1714 -0.3290 -0.0180 0.9989 -0.0435 0.8798 0.6082
-0.5449 -0.1936 -0.3792 -0.2778 0.6878 -0.6707 0.8812 0.6073
-0.6782 -0.2472 -0.3167 -0.7071 0.0000 -0.7071 0.8873 0.6161
-0.6623 -0.3007 -0.3007 -0.5133 -0.6878 -0.5133 0.8855 0.6149
-0.6239 -0.3229 -0.2623 -0.0333 -0.9989 -0.0333 0.8841 0.6139
-0.5854 -0.3007 -0.2239 0.4791 -0.7354 0.4791 0.8828 0.6131
-0.5695 -0.2472 -0.2080 0.6518 -0.3876 0.6518 0.8814 0.6121
-0.5854 -0.1936 -0.2239 0.4791 0.7354 0.4791 0.8795 0.6115
-0.6239 -0.1714 -0.2623 -0.0333 0.9989 -0.0333 0.8811 0.6112
-0.6623 -0.1936 -0.3007 -0.5133 0.6878 -0.5133 0.8827 0.6108
-0.7615 -0.2472 -0.1920 -0.9239 0.0000 -0.3827 0.8890 0.6117
-0.7407 -0.3007 -0.1834 -0.6707 -0.6878 -0.2778 0.8870 0.6113
-0.6905 -0.3229 -0.1626 -0.0435 -0.9989 -0.0180 0.8853 0.6109
-0.6403 -0.3007 -0.1418 0.6260 -0.7354 0.2593 0.8837 0.6107
-0.6195 -0.2472 -0.1331 0.8517 -0.3876 0.3528 0.8821 0.6103
-0.6403 -0.1936 -0.1418 0.6260 0.7354 0.2593 0.8795 0.6141
-0.6905 -0.1714 -0.1626 -0.0435 0.9989 -0.0180 0.8811 0.6144
-0.7407 -0.1936 -0.1834 -0.6707 0.6878 -0.2778 0.8827 0.6147
-0.6680 -0.2558 -0.3052 0.0000 -1.0000 0.0000 0.8836 0.6237
-0.1429 -0.2558 -0.3052 0.0000 -1.0000 0.0000 0.8685 0.6237
-0.6680 -0.2558 0.2199 0.0000 -1.0000 0.0000 0.8836 0.6085
-0.1429 -0.2558 0.2199 0.0000 -1.0000 0.0000 0.8685 0.6085
-0.6680 -0.2380 -0.3052 -0.0000 1.0000 0.0000 0.8691 0.6240
-0.1429 -0.2380 -0.3052 -0.0000 1.0000 0.0000 0.8843 0.6240
-0.6680 -0.2380 0.2199 -0.0000 1.0000 0.0000 0.8691 0.6089
-0.1429 -0.2380 0.2199 -0.0000 1.0000 0.0000 0.8843 0.6089
-0.6371 -0.2472 -0.0449 0.9218 0.3876 -0.0000 0.8771 0.6156
-0.6195 -0.2472 0.0433 0.8517 0.3876 -0.3528 0.8758 0.6170
-0.6371 -0.2472 -0.0449 0.9218 0.3876 -0.0000 0.8771 0.6156
-0.7908 -0.2472 -0.0449 -1.0000 0.0000 0.0000 0.8830 0.6195
-0.7908 -0.2472 -0.0449 -1.0000 0.0000 0.0000 0.8830 0.6195
-0.7615 -0.2472 0.1022 -0.9239 0.0000 0.3827 0.8798 0.6229
-0.6195 -0.2472 0.0433 0.8517 0.3876 -0.3528 0.8758 0.6170
-0.5695 -0.2472 0.1181 0.6518 0.3876 -0.6518 0.8740 0.6177
-0.6195 -0.2472 0.0433 0.8517 0.3876 -0.3528 0.8758 0.6170
-0.6782 -0.2472 0.2268 -0.7071 -0.0000 0.7071 0.8754 0.6247
-0.6782 -0.2472 0.2268 -0.7071 -0.0000 0.7071 0.8754 0.6247
-0.7615 -0.2472 0.1022 -0.9239 0.0000 0.3827 0.8798 0.6229
-0.5695 -0.2472 0.1181 0.6518 0.3876 -0.6518 0.8740 0.6177
-0.4947 -0.2472 0.1681 0.3528 0.3876 -0.8517 0.8721 0.6178
-0.5695 -0.2472 0.1181 0.6518 0.3876 -0.6518 0.8740 0.6177
-0.5535 -0.2472 0.3102 -0.3827 -0.0000 0.9239 0.8706 0.6248
-0.5535 -0.2472 0.3102 -0.3827 -0.0000 0.9239 0.8706 0.6248
-0.6782 -0.2472 0.2268 -0.7071 -0.0000 0.7071 0.8754 0.6247
-0.4947 -0.2472 0.1681 0.3528 0.3876 -0.8517 0.8721 0.6178
-0.4065 -0.2472 0.1857 0.0000 0.3876 -0.9218 0.8703 0.6170
-0.4947 -0.2472 0.1681 0.3528 0.3876 -0.8517 0.8721 0.6178
-0.4065 -0.2472 0.3394 -0.0000 -0.0000 1.0000 0.8662 0.6229
-0.4065 -0.2472 0.3394 -0.0000 -0.0000 1.0000 0.8662 0.6229
-0.5535 -0.2472 0.3102 -0.3827 -0.0000 0.9239 0.8706 0.6248
-0.4065 -0.2472 0.1857 0.0000 0.3876 -0.9218 0.8703 0.6170
-0.3182 -0.2472 0.1681 -0.3528 0.3876 -0.8517 0.8690 0.6156
-0.4065 -0.2472 0.1857 0.0000 0.3876 -0.9218 0.8703 0.6170
-0.2594 -0.2472 0.3102 0.3827 0.0000 0.9239 0.8629 0.6195
-0.2594 -0.2472 0.3102 0.3827 0.0000 0.9239 0.8629 0.6195
-0.4065 -0.2472 0.3394 -0.0000 -0.0000 1.0000 0.8662 0.6229
-0.3182 -0.2472 0.1681 -0.3528 0.3876 -0.8517 0.8690 0.6156
-0.2434 -0.2472 0.1181 -0.6518 0.3876 -0.6518 0.8682 0.6138
-0.3182 -0.2472 0.1681 -0.3528 0.3876 -0.8517 0.8690 0.6156
-0.1347 -0.2472 0.2268 0.7071 -0.0000 0.7071 0.8612 0.6151
-0.1347 -0.2472 0.2268 0.7071 -0.0000 0.7071 0.8612 0.6151
-0.2594 -0.2472 0.3102 0.3827 0.0000 0.9239 0.8629 0.6195
-0.2434 -0.2472 0.1181 -0.6518 0.3876 -0.6518 0.8682 0.6138
-0.1934 -0.2472 0.0433 -0.8517 0.3876 -0.3528 0.8682 0.6118
-0.2434 -0.2472 0.1181 -0.6518 0.3876 -0.6518 0.8682 0.6138
-0.0514 -0.2472 0.1022 0.9239 0.0000 0.3827 0.8612 0.6104
-0.0514 -0.2472 0.1022 0.9239 0.0000 0.3827 0.8612 0.6104
-0.1347 -0.2472 0.2268 0.7071 -0.0000 0.7071 0.8612 0.6151
-0.1934 -0.2472 0.0433 -0.8517 0.3876 -0.3528 0.8682 0.6118
-0.1759 -0.2472 -0.0449 -0.9218 0.3876 -0.0000 0.8688 0.6100
-0.1934 -0.2472 0.0433 -0.8517 0.3876 -0.3528 0.8682 0.6118
-0.0222 -0.2472 -0.0449 1.0000 0.0000 0.0000 0.8630 0.6061
-0.0222 -0.2472 -0.0449 1.0000 0.0000 0.0000 0.8630 0.6061
-0.0514 -0.2472 0.1022 0.9239 0.0000 0.3827 0.8612 0.6104
-0.1759 -0.2472 -0.0449 -0.9218 0.3876 -0.0000 0.8688 0.6100
-0.1934 -0.2472 -0.1331 -0.8517 0.3876 0.3528 0.8702 0.6087
-0.1759 -0.2472 -0.0449 -0.9218 0.3876 -0.0000 0.8688 0.6100
-0.0514 -0.2472 -0.1920 0.9239 0.0000 -0.3827 0.8663 0.6028
-0.0514 -0.2472 -0.1920 0.9239 0.0000 -0.3827 0.8663 0.6028
-0.0222 -0.2472 -0.0449 1.0000 0.0000 0.0000 0.8630 0.6061
-0.1934 -0.2472 -0.1331 -0.8517 0.3876 0.3528 0.8702 0.6087
-0.2434 -0.2472 -0.2080 -0.6518 0.3876 0.6518 0.8719 0.6079
-0.1934 -0.2472 -0.1331 -0.8517 0.3876 0.3528 0.8702 0.6087
-0.1347 -0.2472 -0.3167 0.7071 0.0000 -0.7071 0.8706 0.6010
-0.1347 -0.2472 -0.3167 0.7071 0.0000 -0.7071 0.8706 0.6010
-0.0514 -0.2472 -0.1920 0.9239 0.0000 -0.3827 0.8663 0.6028
-0.2434 -0.2472 -0.2080 -0.6518 0.3876 0.6518 0.8719 0.6079
-0.3182 -0.2472 -0.2579 -0.3528 0.3876 0.8517 0.8739 0.6079
-0.2434 -0.2472 -0.2080 -0.6518 0.3876 0.6518 0.8719 0.6079
-0.2594 -0.2472 -0.4000 0.3827 0.0000 -0.9239 0.8753 0.6010
-0.2594 -0.2472 -0.4000 0.3827 0.0000 -0.9239 0.8753 0.6010
-0.1347 -0.2472 -0.3167 0.7071 0.0000 -0.7071 0.8706 0.6010
-0.3182 -0.2472 -0.2579 -0.3528 0.3876 0.8517 0.8739 0.6079
-0.4065 -0.2472 -0.2755 0.0000 0.3876 0.9218 0.8756 0.6087
-0.3182 -0.2472 -0.2579 -0.3528 0.3876 0.8517 0.8739 0.6079
-0.4065 -0.2472 -0.4292 -0.0000 0.0000 -1.0000 0.8797 0.6028
-0.4065 -0.2472 -0.4292 -0.0000 0.0000 -1.0000 0.8797 0.6028
-0.2594 -0.2472 -0.4000 0.3827 0.0000 -0.9239 0.8753 0.6010
-0.4065 -0.2472 -0.2755 0.0000 0.3876 0.9218 0.8756 0.6087
-0.4947 -0.2472 -0.2579 0.3528 0.3876 0.8517 0.8770 0.6100
-0.4065 -0.2472 -0.2755 0.0000 0.3876 0.9218 0.8756 0.6087
-0.5535 -0.2472 -0.4000 -0.3827 0.0000 -0.9239 0.8830 0.6061
-0.5535 -0.2472 -0.4000 -0.3827 0.0000 -0.9239 0.8830 0.6061
-0.4065 -0.2472 -0.4292 -0.0000 0.0000 -1.0000 0.8797 0.6028
-0.4947 -0.2472 -0.2579 0.3528 0.3876 0.8517 0.8770 0.6100
-0.5695 -0.2472 -0.2080 0.6518 0.3876 0.6518 0.8778 0.6118
-0.4947 -0.2472 -0.2579 0.3528 0.3876 0.8517 0.8770 0.6100
-0.6782 -0.2472 -0.3167 -0.7071 0.0000 -0.7071 0.8848 0.6104
-0.6782 -0.2472 -0.3167 -0.7071 0.0000 -0.7071 0.8848 0.6104
-0.5535 -0.2472 -0.4000 -0.3827 0.0000 -0.9239 0.8830 0.6061
-0.5695 -0.2472 -0.2080 0.6518 0.3876 0.6518 0.8778 0.6118
-0.6195 -0.2472 -0.1331 0.8517 0.3876 0.3528 0.8778 0.6138
-0.5695 -0.2472 -0.2080 0.6518 0.3876 0.6518 0.8778 0.6118
-0.7615 -0.2472 -0.1920 -0.9239 0.0000 -0.3827 0.8848 0.6151
-0.7615 -0.2472 -0.1920 -0.9239 0.0000 -0.3827 0.8848 0.6151
-0.6782 -0.2472 -0.3167 -0.7071 0.0000 -0.7071 0.8848 0.6104
-0.6195 -0.2472 -0.1331 0.8517 0.3876 0.3528 0.8778 0.6138
-0.6371 -0.2472 -0.0449 0.9218 0.3876 -0.0000 0.8771 0.6156
-0.6195 -0.2472 -0.1331 0.8517 0.3876 0.3528 0.8778 0.6138
-0.7908 -0.2472 -0.0449 -1.0000 0.0000 0.0000 0.8830 0.6195
-0.7908 -0.2472 -0.0449 -1.0000 0.0000 0.0000 0.8830 0.6195
-0.7615 -0.2472 -0.1920 -0.9239 0.0000 -0.3827 0.8848 0.6151
0 9 8
0 1 9
1 10 9
1 2 10
2 11 10
2 3 11
3 12 11
3 4 12
136 13 137
138 5 13
5 14 13
5 6 14
6 15 14
6 7 15
139 15 7
140 141 15
8 17 16
8 9 17
9 18 17
9 10 18
10 19 18
10 11 19
11 20 19
11 12 20
142 21 143
144 13 21
13 22 21
13 14 22
14 23 22
14 15 23
15 145 23
15 147 146
16 25 24
16 17 25
17 26 25
17 18 26
18 27 26
18 19 27
19 28 27
19 20 28
148 29 149
150 21 29
21 30 29
21 22 30
22 31 30
22 23 31
23 151 31
23 153 152
24 33 32
24 25 33
25 34 33
25 26 34
26 35 34
26 27 35
27 36 35
27 28 36
154 37 155
156 29 37
29 38 37
29 30 38
30 39 38
30 31 39
31 157 39
31 159 158
32 41 40
32 33 41
33 42 41
33 34 42
34 43 42
34 35 43
35 44 43
35 36 44
160 45 161
162 37 45
37 46 45
37 38 46
38 47 46
38 39 47
39 163 47
39 165 164
40 49 48
40 41 49
41 50 49
41 42 50
42 51 50
42 43 51
43 52 51
43 44 52
166 53 167
168 45 53
45 54 53
45 46 54
46 55 54
46 47 55
47 169 55
47 171 170
48 57 56
48 49 57
49 58 57
49 50 58
50 59 58
50 51 59
51 60 59
51 52 60
172 61 173
174 53 61
53 62 61
53 54 62
54 63 62
54 55 63
55 175 63
55 177 176
56 65 64
56 57 65
57 66 65
57 58 66
58 67 66
58 59 67
59 68 67
59 60 68
178 69 179
180 61 69
61 70 69
61 62 70
62 71 70
62 63 71
63 181 71
63 183 182
64 73 72
64 65 73
65 74 73
65 66 74
66 75 74
66 67 75
67 76 75
67 68 76
184 77 185
186 69 77
69 78 77
69 70 78
70 79 78
70 71 79
71 187 79
71 189 188
72 81 80
72 73 81
73 82 81
73 74 82
74 83 82
74 75 83
75 84 83
75 76 84
190 85 191
192 77 85
77 86 85
77 78 86
78 87 86
78 79 87
79 193 87
79 195 194
80 89 88
80 81 89
81 90 89
81 82 90
82 91 90
82 83 91
83 92 91
83 84 92
196 93 197
198 85 93
85 94 93
85 86 94
86 95 94
86 87 95
87 199 95
87 201 200
88 97 96
88 89 97
89 98 97
89 90 98
90 99 98
90 91 99
91 100 99
91 92 100
202 101 203
204 93 101
93 102 101
93 94 102
94 103 102
94 95 103
95 205 103
95 207 206
96 105 104
96 97 105
97 106 105
97 98 106
98 107 106
98 99 107
99 108 107
99 100 108
208 109 209
210 101 109
101 110 109
101 102 110
102 111 110
102 103 111
103 211 111
103 213 212
104 113 112
104 105 113
105 114 113
105 106 114
106 115 114
106 107 115
107 116 115
107 108 116
214 117 215
216 109 117
109 118 117
109 110 118
110 119 118
110 111 119
111 217 119
111 219 218
112 121 120
112 113 121
113 122 121
113 114 122
114 123 122
114 115 123
115 124 123
115 116 124
220 125 221
222 117 125
117 126 125
117 118 126
118 127 126
118 119 127
119 223 127
119 225 224
120 1 0
120 121 1
121 2 1
121 122 2
122 3 2
122 123 3
123 4 3
123 124 4
226 5 227
228 125 5
125 6 5
125 126 6
126 7 6
126 127 7
127 229 7
127 231 230
129 130 128
129 131 130
133 134 135
133 132 134
LABEL LGRWheel3
MATERIAL 2
TEXTURE 2
FLAG 0
GEOM 232 260
-0.7908 -0.2472 -0.0449 -1.0000 0.0000 0.0000 0.8858 0.6100
-0.7683 -0.3007 -0.0449 -0.7259 -0.6878 0.0000 0.8837 0.6104
-0.7139 -0.3229 -0.0449 -0.0471 -0.9989 -0.0000 0.8820 0.6107
-0.6596 -0.3007 -0.0449 0.6776 -0.7354 -0.0000 0.8805 0.6110
-0.6371 -0.2472 -0.0449 0.9218 -0.3876 -0.0000 0.8787 0.6114
-0.6596 -0.1936 -0.0449 0.6776 0.7354 -0.0000 0.8781 0.6170
-0.7139 -0.1714 -0.0449 -0.0471 0.9989 -0.0000 0.8795 0.6179
-0.7683 -0.1936 -0.0449 -0.7259 0.6878 0.0000 0.8809 0.6189
-0.7615 -0.2472 0.1022 -0.9239 0.0000 0.3827 0.8840 0.6056
-0.7407 -0.3007 0.0936 -0.6707 -0.6878 0.2778 0.8822 0.6068
-0.6905 -0.3229 0.0728 -0.0435 -0.9989 0.0180 0.8808 0.6077
-0.6403 -0.3007 0.0520 0.6260 -0.7354 -0.2593 0.8795 0.6086
-0.6195 -0.2472 0.0433 0.8517 -0.3876 -0.3528 0.8780 0.6095
-0.6403 -0.1936 0.0520 0.6260 0.7354 -0.2593 0.8763 0.6189
-0.6905 -0.1714 0.0728 -0.0435 0.9989 0.0180 0.8772 0.6202
-0.7407 -0.1936 0.0936 -0.6707 0.6878 0.2778 0.8782 0.6216
-0.6782 -0.2472 0.2268 -0.7071 -0.0000 0.7071 0.8807 0.6023
-0.6623 -0.3007 0.2109 -0.5133 -0.6878 0.5133 0.8795 0.6040
-0.6239 -0.3229 0.1725 -0.0333 -0.9989 0.0333 0.8785 0.6054
-0.5854 -0.3007 0.1341 0.4791 -0.7354 -0.4791 0.8776 0.6068
-0.5695 -0.2472 0.1181 0.6518 -0.3876 -0.6518 0.8767 0.6081
-0.5854 -0.1936 0.1341 0.4791 0.7354 -0.4791 0.8739 0.6199
-0.6239 -0.1714 0.1725 -0.0333 0.9989 0.0333 0.8742 0.6215
-0.6623 -0.1936 0.2109 -0.5133 0.6878 0.5133 0.8746 0.6232
-0.5535 -0.2472 0.3102 -0.3827 -0.0000 0.9239 0.8764 0.6004
-0.5449 -0.3007 0.2894 -0.2778 -0.6878 0.6707 0.8759 0.6026
-0.5241 -0.3229 0.2391 -0.0180 -0.9989 0.0435 0.8756 0.6042
-0.5033 -0.3007 0.1889 0.2593 -0.7354 -0.6260 0.8752 0.6058
-0.4947 -0.2472 0.1681 0.3528 -0.3876 -0.8517 0.8749 0.6074
-0.5033 -0.1936 0.1889 0.2593 0.7354 -0.6260 0.8713 0.6199
-0.5241 -0.1714 0.2391 -0.0180 0.9989 0.0435 0.8710 0.6215
-0.5449 -0.1936 0.2894 -0.2778 0.6878 0.6707 0.8707 0.6231
-0.4065 -0.2472 0.3394 -0.0000 -0.0000 1.0000 0.8716 0.6004
-0.4065 -0.3007 0.3169 -0.0000 -0.6878 0.7259 0.8720 0.6026
-0.4065 -0.3229 0.2625 0.0000 -0.9989 0.0471 0.8723 0.6042
-0.4065 -0.3007 0.2082 0.0000 -0.7354 -0.6776 0.8727 0.6058
-0.4065 -0.2472 0.1857 0.0000 -0.3876 -0.9218 0.8730 0.6074
-0.4065 -0.1936 0.2082 -0.0000 0.7354 -0.6776 0.8689 0.6189
-0.4065 -0.1714 0.2625 -0.0000 0.9989 0.0471 0.8680 0.6202
-0.4065 -0.1936 0.3169 -0.0000 0.6878 0.7259 0.8671 0.6216
-0.2594 -0.2472 0.3102 0.3827 0.0000 0.9239 0.8672 0.6023
-0.2680 -0.3007 0.2894 0.2778 -0.6878 0.6707 0.8684 0.6040
-0.2888 -0.3229 0.2391 0.0180 -0.9989 0.0435 0.8694 0.6054
-0.3096 -0.3007 0.1889 -0.2593 -0.7354 -0.6260 0.8703 0.6068
-0.3182 -0.2472 0.1681 -0.3528 -0.3876 -0.8517 0.8712 0.6082
-0.3096 -0.1936 0.1889 -0.2593 0.7354 -0.6260 0.8671 0.6170
-0.2888 -0.1714 0.2391 0.0180 0.9989 0.0435 0.8657 0.6179
-0.2680 -0.1936 0.2894 0.2778 0.6878 0.6707 0.8643 0.6188
-0.1347 -0.2472 0.2268 0.7071 -0.0000 0.7071 0.8640 0.6056
-0.1506 -0.3007 0.2109 0.5133 -0.6878 0.5133 0.8657 0.6068
-0.1891 -0.3229 0.1725 0.0333 -0.9989 0.0333 0.8671 0.6078
-0.2275 -0.3007 0.1341 -0.4791 -0.7354 -0.4791 0.8684 0.6086
-0.2434 -0.2472 0.1181 -0.6518 -0.3876 -0.6518 0.8699 0.6096
-0.2275 -0.1936 0.1341 -0.4791 0.7354 -0.4791 0.8661 0.6146
-0.1891 -0.1714 0.1725 0.0333 0.9989 0.0333 0.8645 0.6149
-0.1506 -0.1936 0.2109 0.5133 0.6878 0.5133 0.8629 0.6152
-0.0514 -0.2472 0.1022 0.9239 0.0000 0.3827 0.8622 0.6100
-0.0722 -0.3007 0.0936 0.6707 -0.6878 0.2778 0.8642 0.6104
-0.1224 -0.3229 0.0728 0.0435 -0.9989 0.0180 0.8659 0.6108
-0.1726 -0.3007 0.0520 -0.6260 -0.7354 -0.2593 0.8675 0.6111
-0.1934 -0.2472 0.0433 -0.8517 -0.3876 -0.3528 0.8692 0.6114
-0.1726 -0.1936 0.0520 -0.6260 0.7354 -0.2593 0.8661 0.6120
-0.1224 -0.1714 0.0728 0.0435 0.9989 0.0180 0.8645 0.6117
-0.0722 -0.1936 0.0936 0.6707 0.6878 0.2778 0.8629 0.6114
-0.0222 -0.2472 -0.0449 1.0000 0.0000 0.0000 0.8622 0.6147
-0.0447 -0.3007 -0.0449 0.7259 -0.6878 0.0000 0.8643 0.6143
-0.0990 -0.3229 -0.0449 0.0471 -0.9989 0.0000 0.8659 0.6140
-0.1534 -0.3007 -0.0449 -0.6776 -0.7354 -0.0000 0.8675 0.6137
-0.1759 -0.2472 -0.0449 -0.9218 -0.3876 -0.0000 0.8692 0.6133
-0.1534 -0.1936 -0.0449 -0.6776 0.7354 -0.0000 0.8671 0.6096
-0.0990 -0.1714 -0.0449 0.0471 0.9989 0.0000 0.8657 0.6087
-0.0447 -0.1936 -0.0449 0.7259 0.6878 0.0000 0.8643 0.6078
-0.0514 -0.2472 -0.1920 0.9239 0.0000 -0.3827 0.8640 0.6191
-0.0722 -0.3007 -0.1834 0.6707 -0.6878 -0.2778 0.8658 0.6179
-0.1224 -0.3229 -0.1626 0.0435 -0.9989 -0.0180 0.8672 0.6170
-0.1726 -0.3007 -0.1418 -0.6260 -0.7354 0.2593 0.8685 0.6161
-0.1934 -0.2472 -0.1331 -0.8517 -0.3876 0.3528 0.8699 0.6151
-0.1726 -0.1936 -0.1418 -0.6260 0.7354 0.2593 0.8689 0.6077
-0.1224 -0.1714 -0.1626 0.0435 0.9989 -0.0180 0.8680 0.6064
-0.0722 -0.1936 -0.1834 0.6707 0.6878 -0.2778 0.8670 0.6050
-0.1347 -0.2472 -0.3167 0.7071 0.0000 -0.7071 0.8673 0.6224
-0.1506 -0.3007 -0.3007 0.5133 -0.6878 -0.5133 0.8685 0.6207
-0.1891 -0.3229 -0.2623 0.0333 -0.9989 -0.0333 0.8695 0.6193
-0.2275 -0.3007 -0.2239 -0.4791 -0.7354 0.4791 0.8703 0.6179
-0.2434 -0.2472 -0.2080 -0.6518 -0.3876 0.6518 0.8713 0.6165
-0.2275 -0.1936 -0.2239 -0.4791 0.7354 0.4791 0.8712 0.6067
-0.1891 -0.1714 -0.2623 0.0333 0.9989 -0.0333 0.8709 0.6052
-0.1506 -0.1936 -0.3007 0.5133 0.6878 -0.5133 0.8706 0.6035
-0.2594 -0.2472 -0.4000 0.3827 0.0000 -0.9239 0.8717 0.6242
-0.2680 -0.3007 -0.3792 0.2778 -0.6878 -0.6707 0.8721 0.6221
-0.2888 -0.3229 -0.3290 0.0180 -0.9989 -0.0435 0.8725 0.6205
-0.3096 -0.3007 -0.2787 -0.2593 -0.7354 0.6260 0.8728 0.6189
-0.3182 -0.2472 -0.2579 -0.3528 -0.3876 0.8517 0.8731 0.6173
-0.3096 -0.1936 -0.2787 -0.2593 0.7354 0.6260 0.8738 0.6068
-0.2888 -0.1714 -0.3290 0.0180 0.9989 -0.0435 0.8741 0.6052
-0.2680 -0.1936 -0.3792 0.2778 0.6878 -0.6707 0.8745 0.6035
-0.4065 -0.2472 -0.4292 -0.0000 0.0000 -1.0000 0.8764 0.6242
-0.4065 -0.3007 -0.4067 -0.0000 -0.6878 -0.7259 0.8760 0.6221
-0.4065 -0.3229 -0.3524 0.0000 -0.9989 -0.0471 0.8757 0.6205
-0.4065 -0.3007 -0.2980 0.0000 -0.7354 0.6776 0.8754 0.6189
-0.4065 -0.2472 -0.2755 0.0000 -0.3876 0.9218 0.8750 0.6172
-0.4065 -0.1936 -0.2980 0.0000 0.7354 0.6776 0.8762 0.6078
-0.4065 -0.1714 -0.3524 -0.0000 0.9989 -0.0471 0.8771 0.6064
-0.4065 -0.1936 -0.4067 -0.0000 0.6878 -0.7259 0.8780 0.6050
-0.5535 -0.2472 -0.4000 -0.3827 0.0000 -0.9239 0.8807 0.6224
-0.5449 -0.3007 -0.3792 -0.2778 -0.6878 -0.6707 0.8796 0.6206
-0.5241 -0.3229 -0.3290 -0.0180 -0.9989 -0.0435 0.8786 0.6192
-0.5033 -0.3007 -0.2787 0.2593 -0.7354 0.6260 0.8777 0.6179
-0.4947 -0.2472 -0.2579 0.3528 -0.3876 0.8517 0.8768 0.6165
-0.5033 -0.1936 -0.2787 0.2593 0.7354 0.6260 0.8781 0.6096
-0.5241 -0.1714 -0.3290 -0.0180 0.9989 -0.0435 0.8794 0.6087
-0.5449 -0.1936 -0.3792 -0.2778 0.6878 -0.6707 0.8808 0.6078
-0.6782 -0.2472 -0.3167 -0.7071 0.0000 -0.7071 0.8840 0.6190
-0.6623 -0.3007 -0.3007 -0.5133 -0.6878 -0.5133 0.8823 0.6179
-0.6239 -0.3229 -0.2623 -0.0333 -0.9989 -0.0333 0.8809 0.6169
-0.5854 -0.3007 -0.2239 0.4791 -0.7354 0.4791 0.8795 0.6161
-0.5695 -0.2472 -0.2080 0.6518 -0.3876 0.6518 0.8781 0.6151
-0.5854 -0.1936 -0.2239 0.4791 0.7354 0.4791 0.8791 0.6120
-0.6239 -0.1714 -0.2623 -0.0333 0.9989 -0.0333 0.8807 0.6117
-0.6623 -0.1936 -0.3007 -0.5133 0.6878 -0.5133 0.8823 0.6113
-0.7615 -0.2472 -0.1920 -0.9239 0.0000 -0.3827 0.8858 0.6147
-0.7407 -0.3007 -0.1834 -0.6707 -0.6878 -0.2778 0.8837 0.6142
-0.6905 -0.3229 -0.1626 -0.0435 -0.9989 -0.0180 0.8821 0.6139
-0.6403 -0.3007 -0.1418 0.6260 -0.7354 0.2593 0.8805 0.6136
-0.6195 -0.2472 -0.1331 0.8517 -0.3876 0.3528 0.8788 0.6133
-0.6403 -0.1936 -0.1418 0.6260 0.7354 0.2593 0.8791 0.6146
-0.6905 -0.1714 -0.1626 -0.0435 0.9989 -0.0180 0.8807 0.6149
-0.7407 -0.1936 -0.1834 -0.6707 0.6878 -0.2778 0.8823 0.6152
-0.6680 -0.2558 -0.3052 0.0000 -1.0000 0.0000 0.8798 0.6223
-0.1429 -0.2558 -0.3052 0.0000 -1.0000 0.0000 0.8646 0.6223
-0.6680 -0.2558 0.2199 0.0000 -1.0000 0.0000 0.8798 0.6071
-0.1429 -0.2558 0.2199 0.0000 -1.0000 0.0000 0.8646 0.6071
-0.6680 -0.2380 -0.3052 -0.0000 1.0000 0.0000 0.8640 0.6250
-0.1429 -0.2380 -0.3052 -0.0000 1.0000 0.0000 0.8792 0.6250
-0.6680 -0.2380 0.2199 -0.0000 1.0000 0.0000 0.8640 0.6098
-0.1429 -0.2380 0.2199 -0.0000 1.0000 0.0000 0.8792 0.6098
-0.6371 -0.2472 -0.0449 0.9218 0.3876 -0.0000 0.8767 0.6161
-0.6195 -0.2472 0.0433 0.8517 0.3876 -0.3528 0.8754 0.6175
-0.6371 -0.2472 -0.0449 0.9218 0.3876 -0.0000 0.8767 0.6161
-0.7908 -0.2472 -0.0449 -1.0000 0.0000 0.0000 0.8826 0.6200
-0.7908 -0.2472 -0.0449 -1.0000 0.0000 0.0000 0.8826 0.6200
-0.7615 -0.2472 0.1022 -0.9239 0.0000 0.3827 0.8794 0.6234
-0.6195 -0.2472 0.0433 0.8517 0.3876 -0.3528 0.8754 0.6175
-0.5695 -0.2472 0.1181 0.6518 0.3876 -0.6518 0.8736 0.6183
-0.6195 -0.2472 0.0433 0.8517 0.3876 -0.3528 0.8754 0.6175
-0.6782 -0.2472 0.2268 -0.7071 -0.0000 0.7071 0.8750 0.6252
-0.6782 -0.2472 0.2268 -0.7071 -0.0000 0.7071 0.8750 0.6252
-0.7615 -0.2472 0.1022 -0.9239 0.0000 0.3827 0.8794 0.6234
-0.5695 -0.2472 0.1181 0.6518 0.3876 -0.6518 0.8736 0.6183
-0.4947 -0.2472 0.1681 0.3528 0.3876 -0.8517 0.8717 0.6183
-0.5695 -0.2472 0.1181 0.6518 0.3876 -0.6518 0.8736 0.6183
-0.5535 -0.2472 0.3102 -0.3827 -0.0000 0.9239 0.8702 0.6253
-0.5535 -0.2472 0.3102 -0.3827 -0.0000 0.9239 0.8702 0.6253
-0.6782 -0.2472 0.2268 -0.7071 -0.0000 0.7071 0.8750 0.6252
-0.4947 -0.2472 0.1681 0.3528 0.3876 -0.8517 0.8717 0.6183
-0.4065 -0.2472 0.1857 0.0000 0.3876 -0.9218 0.8699 0.6175
-0.4947 -0.2472 0.1681 0.3528 0.3876 -0.8517 0.8717 0.6183
-0.4065 -0.2472 0.3394 -0.0000 -0.0000 1.0000 0.8658 0.6234
-0.4065 -0.2472 0.3394 -0.0000 -0.0000 1.0000 0.8658 0.6234
-0.5535 -0.2472 0.3102 -0.3827 -0.0000 0.9239 0.8702 0.6253
-0.4065 -0.2472 0.1857 0.0000 0.3876 -0.9218 0.8699 0.6175
-0.3182 -0.2472 0.1681 -0.3528 0.3876 -0.8517 0.8685 0.6161
-0.4065 -0.2472 0.1857 0.0000 0.3876 -0.9218 0.8699 0.6175
-0.2594 -0.2472 0.3102 0.3827 0.0000 0.9239 0.8625 0.6200
-0.2594 -0.2472 0.3102 0.3827 0.0000 0.9239 0.8625 0.6200
-0.4065 -0.2472 0.3394 -0.0000 -0.0000 1.0000 0.8658 0.6234
-0.3182 -0.2472 0.1681 -0.3528 0.3876 -0.8517 0.8685 0.6161
-0.2434 -0.2472 0.1181 -0.6518 0.3876 -0.6518 0.8678 0.6143
-0.3182 -0.2472 0.1681 -0.3528 0.3876 -0.8517 0.8685 0.6161
-0.1347 -0.2472 0.2268 0.7071 -0.0000 0.7071 0.8608 0.6156
-0.1347 -0.2472 0.2268 0.7071 -0.0000 0.7071 0.8608 0.6156
-0.2594 -0.2472 0.3102 0.3827 0.0000 0.9239 0.8625 0.6200
-0.2434 -0.2472 0.1181 -0.6518 0.3876 -0.6518 0.8678 0.6143
-0.1934 -0.2472 0.0433 -0.8517 0.3876 -0.3528 0.8678 0.6123
-0.2434 -0.2472 0.1181 -0.6518 0.3876 -0.6518 0.8678 0.6143
-0.0514 -0.2472 0.1022 0.9239 0.0000 0.3827 0.8608 0.6109
-0.0514 -0.2472 0.1022 0.9239 0.0000 0.3827 0.8608 0.6109
-0.1347 -0.2472 0.2268 0.7071 -0.0000 0.7071 0.8608 0.6156
-0.1934 -0.2472 0.0433 -0.8517 0.3876 -0.3528 0.8678 0.6123
-0.1759 -0.2472 -0.0449 -0.9218 0.3876 -0.0000 0.8684 0.6106
-0.1934 -0.2472 0.0433 -0.8517 0.3876 -0.3528 0.8678 0.6123
-0.0222 -0.2472 -0.0449 1.0000 0.0000 0.0000 0.8626 0.6066
-0.0222 -0.2472 -0.0449 1.0000 0.0000 0.0000 0.8626 0.6066
-0.0514 -0.2472 0.1022 0.9239 0.0000 0.3827 0.8608 0.6109
-0.1759 -0.2472 -0.0449 -0.9218 0.3876 -0.0000 0.8684 0.6106
-0.1934 -0.2472 -0.1331 -0.8517 0.3876 0.3528 0.8698 0.6092
-0.1759 -0.2472 -0.0449 -0.9218 0.3876 -0.0000 0.8684 0.6106
-0.0514 -0.2472 -0.1920 0.9239 0.0000 -0.3827 0.8659 0.6033
-0.0514 -0.2472 -0.1920 0.9239 0.0000 -0.3827 0.8659 0.6033
-0.0222 -0.2472 -0.0449 1.0000 0.0000 0.0000 0.8626 0.6066
-0.1934 -0.2472 -0.1331 -0.8517 0.3876 0.3528 0.8698 0.6092
-0.2434 -0.2472 -0.2080 -0.6518 0.3876 0.6518 0.8715 0.6084
-0.1934 -0.2472 -0.1331 -0.8517 0.3876 0.3528 0.8698 0.6092
-0.1347 -0.2472 -0.3167 0.7071 0.0000 -0.7071 0.8702 0.6015
-0.1347 -0.2472 -0.3167 0.7071 0.0000 -0.7071 0.8702 0.6015
-0.0514 -0.2472 -0.1920 0.9239 0.0000 -0.3827 0.8659 0.6033
-0.2434 -0.2472 -0.2080 -0.6518 0.3876 0.6518 0.8715 0.6084
-0.3182 -0.2472 -0.2579 -0.3528 0.3876 0.8517 0.8735 0.6084
-0.2434 -0.2472 -0.2080 -0.6518 0.3876 0.6518 0.8715 0.6084
-0.2594 -0.2472 -0.4000 0.3827 0.0000 -0.9239 0.8749 0.6015
-0.2594 -0.2472 -0.4000 0.3827 0.0000 -0.9239 0.8749 0.6015
-0.1347 -0.2472 -0.3167 0.7071 0.0000 -0.7071 0.8702 0.6015
-0.3182 -0.2472 -0.2579 -0.3528 0.3876 0.8517 0.8735 0.6084
-0.4065 -0.2472 -0.2755 0.0000 0.3876 0.9218 0.8752 0.6092
-0.3182 -0.2472 -0.2579 -0.3528 0.3876 0.8517 0.8735 0.6084
-0.4065 -0.2472 -0.4292 -0.0000 0.0000 -1.0000 0.8792 0.6033
-0.4065 -0.2472 -0.4292 -0.0000 0.0000 -1.0000 0.8792 0.6033
-0.2594 -0.2472 -0.4000 0.3827 0.0000 -0.9239 0.8749 0.6015
-0.4065 -0.2472 -0.2755 0.0000 0.3876 0.9218 0.8752 0.6092
-0.4947 -0.2472 -0.2579 0.3528 0.3876 0.8517 0.8766 0.6105
-0.4065 -0.2472 -0.2755 0.0000 0.3876 0.9218 0.8752 0.6092
-0.5535 -0.2472 -0.4000 -0.3827 0.0000 -0.9239 0.8826 0.6066
-0.5535 -0.2472 -0.4000 -0.3827 0.0000 -0.9239 0.8826 0.6066
-0.4065 -0.2472 -0.4292 -0.0000 0.0000 -1.0000 0.8792 0.6033
-0.4947 -0.2472 -0.2579 0.3528 0.3876 0.8517 0.8766 0.6105
-0.5695 -0.2472 -0.2080 0.6518 0.3876 0.6518 0.8774 0.6123
-0.4947 -0.2472 -0.2579 0.3528 0.3876 0.8517 0.8766 0.6105
-0.6782 -0.2472 -0.3167 -0.7071 0.0000 -0.7071 0.8844 0.6110
-0.6782 -0.2472 -0.3167 -0.7071 0.0000 -0.7071 0.8844 0.6110
-0.5535 -0.2472 -0.4000 -0.3827 0.0000 -0.9239 0.8826 0.6066
-0.5695 -0.2472 -0.2080 0.6518 0.3876 0.6518 0.8774 0.6123
-0.6195 -0.2472 -0.1331 0.8517 0.3876 0.3528 0.8774 0.6143
-0.5695 -0.2472 -0.2080 0.6518 0.3876 0.6518 0.8774 0.6123
-0.7615 -0.2472 -0.1920 -0.9239 0.0000 -0.3827 0.8844 0.6157
-0.7615 -0.2472 -0.1920 -0.9239 0.0000 -0.3827 0.8844 0.6157
-0.6782 -0.2472 -0.3167 -0.7071 0.0000 -0.7071 0.8844 0.6110
-0.6195 -0.2472 -0.1331 0.8517 0.3876 0.3528 0.8774 0.6143
-0.6371 -0.2472 -0.0449 0.9218 0.3876 -0.0000 0.8767 0.6161
-0.6195 -0.2472 -0.1331 0.8517 0.3876 0.3528 0.8774 0.6143
-0.7908 -0.2472 -0.0449 -1.0000 0.0000 0.0000 0.8826 0.6200
-0.7908 -0.2472 -0.0449 -1.0000 0.0000 0.0000 0.8826 0.6200
-0.7615 -0.2472 -0.1920 -0.9239 0.0000 -0.3827 0.8844 0.6157
0 9 8
0 1 9
1 10 9
1 2 10
2 11 10
2 3 11
3 12 11
3 4 12
136 13 137
138 5 13
5 14 13
5 6 14
6 15 14
6 7 15
139 15 7
140 141 15
8 17 16
8 9 17
9 18 17
9 10 18
10 19 18
10 11 19
11 20 19
11 12 20
142 21 143
144 13 21
13 22 21
13 14 22
14 23 22
14 15 23
15 145 23
15 147 146
16 25 24
16 17 25
17 26 25
17 18 26
18 27 26
18 19 27
19 28 27
19 20 28
148 29 149
150 21 29
21 30 29
21 22 30
22 31 30
22 23 31
23 151 31
23 153 152
24 33 32
24 25 33
25 34 33
25 26 34
26 35 34
26 27 35
27 36 35
27 28 36
154 37 155
156 29 37
29 38 37
29 30 38
30 39 38
30 31 39
31 157 39
31 159 158
32 41 40
32 33 41
33 42 41
33 34 42
34 43 42
34 35 43
35 44 43
35 36 44
160 45 161
162 37 45
37 46 45
37 38 46
38 47 46
38 39 47
39 163 47
39 165 164
40 49 48
40 41 49
41 50 49
41 42 50
42 51 50
42 43 51
43 52 51
43 44 52
166 53 167
168 45 53
45 54 53
45 46 54
46 55 54
46 47 55
47 169 55
47 171 170
48 57 56
48 49 57
49 58 57
49 50 58
50 59 58
50 51 59
51 60 59
51 52 60
172 61 173
174 53 61
53 62 61
53 54 62
54 63 62
54 55 63
55 175 63
55 177 176
56 65 64
56 57 65
57 66 65
57 58 66
58 67 66
58 59 67
59 68 67
59 60 68
178 69 179
180 61 69
61 70 69
61 62 70
62 71 70
62 63 71
63 181 71
63 183 182
64 73 72
64 65 73
65 74 73
65 66 74
66 75 74
66 67 75
67 76 75
67 68 76
184 77 185
186 69 77
69 78 77
69 70 78
70 79 78
70 71 79
71 187 79
71 189 188
72 81 80
72 73 81
73 82 81
73 74 82
74 83 82
74 75 83
75 84 83
75 76 84
190 85 191
192 77 85
77 86 85
77 78 86
78 87 86
78 79 87
79 193 87
79 195 194
80 89 88
80 81 89
81 90 89
81 82 90
82 91 90
82 83 91
83 92 91
83 84 92
196 93 197
198 85 93
85 94 93
85 86 94
86 95 94
86 87 95
87 199 95
87 201 200
88 97 96
88 89 97
89 98 97
89 90 98
90 99 98
90 91 99
91 100 99
91 92 100
202 101 203
204 93 101
93 102 101
93 94 102
94 103 102
94 95 103
95 205 103
95 207 206
96 105 104
96 97 105
97 106 105
97 98 106
98 107 106
98 99 107
99 108 107
99 100 108
208 109 209
210 101 109
101 110 109
101 102 110
102 111 110
102 103 111
103 211 111
103 213 212
104 113 112
104 105 113
105 114 113
105 106 114
106 115 114
106 107 115
107 116 115
107 108 116
214 117 215
216 109 117
109 118 117
109 110 118
110 119 118
110 111 119
111 217 119
111 219 218
112 121 120
112 113 121
113 122 121
113 114 122
114 123 122
114 115 123
115 124 123
115 116 124
220 125 221
222 117 125
117 126 125
117 118 126
118 127 126
118 119 127
119 223 127
119 225 224
120 1 0
120 121 1
121 2 1
121 122 2
122 3 2
122 123 3
123 4 3
123 124 4
226 5 227
228 125 5
125 6 5
125 126 6
126 7 6
126 127 7
127 229 7
127 231 230
129 130 128
129 131 130
133 134 135
133 132 134
LABEL LGRWheel2
MATERIAL 2
TEXTURE 2
FLAG 0
GEOM 232 260
-0.7908 -0.2472 -0.0449 -1.0000 0.0000 0.0000 0.8853 0.6102
-0.7683 -0.3007 -0.0449 -0.7259 -0.6878 0.0000 0.8832 0.6106
-0.7139 -0.3229 -0.0449 -0.0471 -0.9989 -0.0000 0.8815 0.6109
-0.6596 -0.3007 -0.0449 0.6776 -0.7354 -0.0000 0.8800 0.6112
-0.6371 -0.2472 -0.0449 0.9218 -0.3876 -0.0000 0.8782 0.6115
-0.6596 -0.1936 -0.0449 0.6776 0.7354 -0.0000 0.8767 0.6181
-0.7139 -0.1714 -0.0449 -0.0471 0.9989 -0.0000 0.8781 0.6190
-0.7683 -0.1936 -0.0449 -0.7259 0.6878 0.0000 0.8795 0.6199
-0.7615 -0.2472 0.1022 -0.9239 0.0000 0.3827 0.8835 0.6058
-0.7407 -0.3007 0.0936 -0.6707 -0.6878 0.2778 0.8817 0.6070
-0.6905 -0.3229 0.0728 -0.0435 -0.9989 0.0180 0.8803 0.6079
-0.6403 -0.3007 0.0520 0.6260 -0.7354 -0.2593 0.8790 0.6088
-0.6195 -0.2472 0.0433 0.8517 -0.3876 -0.3528 0.8775 0.6097
-0.6403 -0.1936 0.0520 0.6260 0.7354 -0.2593 0.8749 0.6200
-0.6905 -0.1714 0.0728 -0.0435 0.9989 0.0180 0.8758 0.6213
-0.7407 -0.1936 0.0936 -0.6707 0.6878 0.2778 0.8767 0.6227
-0.6782 -0.2472 0.2268 -0.7071 -0.0000 0.7071 0.8802 0.6025
-0.6623 -0.3007 0.2109 -0.5133 -0.6878 0.5133 0.8790 0.6042
-0.6239 -0.3229 0.1725 -0.0333 -0.9989 0.0333 0.8780 0.6056
-0.5854 -0.3007 0.1341 0.4791 -0.7354 -0.4791 0.8771 0.6069
-0.5695 -0.2472 0.1181 0.6518 -0.3876 -0.6518 0.8762 0.6083
-0.5854 -0.1936 0.1341 0.4791 0.7354 -0.4791 0.8725 0.6210
-0.6239 -0.1714 0.1725 -0.0333 0.9989 0.0333 0.8728 0.6226
-0.6623 -0.1936 0.2109 -0.5133 0.6878 0.5133 0.8731 0.6242
-0.5535 -0.2472 0.3102 -0.3827 -0.0000 0.9239 0.8759 0.6006
-0.5449 -0.3007 0.2894 -0.2778 -0.6878 0.6707 0.8754 0.6027
-0.5241 -0.3229 0.2391 -0.0180 -0.9989 0.0435 0.8751 0.6044
-0.5033 -0.3007 0.1889 0.2593 -0.7354 -0.6260 0.8748 0.6059
-0.4947 -0.2472 0.1681 0.3528 -0.3876 -0.8517 0.8744 0.6076
-0.5033 -0.1936 0.1889 0.2593 0.7354 -0.6260 0.8699 0.6210
-0.5241 -0.1714 0.2391 -0.0180 0.9989 0.0435 0.8696 0.6225
-0.5449 -0.1936 0.2894 -0.2778 0.6878 0.6707 0.8692 0.6241
-0.4065 -0.2472 0.3394 -0.0000 -0.0000 1.0000 0.8711 0.6006
-0.4065 -0.3007 0.3169 -0.0000 -0.6878 0.7259 0.8715 0.6028
-0.4065 -0.3229 0.2625 0.0000 -0.9989 0.0471 0.8718 0.6044
-0.4065 -0.3007 0.2082 0.0000 -0.7354 -0.6776 0.8722 0.6060
-0.4065 -0.2472 0.1857 0.0000 -0.3876 -0.9218 0.8725 0.6076
-0.4065 -0.1936 0.2082 -0.0000 0.7354 -0.6776 0.8675 0.6200
-0.4065 -0.1714 0.2625 -0.0000 0.9989 0.0471 0.8666 0.6213
-0.4065 -0.1936 0.3169 -0.0000 0.6878 0.7259 0.8656 0.6227
-0.2594 -0.2472 0.3102 0.3827 0.0000 0.9239 0.8667 0.6025
-0.2680 -0.3007 0.2894 0.2778 -0.6878 0.6707 0.8679 0.6042
-0.2888 -0.3229 0.2391 0.0180 -0.9989 0.0435 0.8689 0.6056
-0.3096 -0.3007 0.1889 -0.2593 -0.7354 -0.6260 0.8698 0.6070
-0.3182 -0.2472 0.1681 -0.3528 -0.3876 -0.8517 0.8707 0.6084
-0.3096 -0.1936 0.1889 -0.2593 0.7354 -0.6260 0.8657 0.6181
-0.2888 -0.1714 0.2391 0.0180 0.9989 0.0435 0.8643 0.6190
-0.2680 -0.1936 0.2894 0.2778 0.6878 0.6707 0.8629 0.6199
-0.1347 -0.2472 0.2268 0.7071 -0.0000 0.7071 0.8635 0.6058
-0.1506 -0.3007 0.2109 0.5133 -0.6878 0.5133 0.8652 0.6070
-0.1891 -0.3229 0.1725 0.0333 -0.9989 0.0333 0.8666 0.6079
-0.2275 -0.3007 0.1341 -0.4791 -0.7354 -0.4791 0.8680 0.6088
-0.2434 -0.2472 0.1181 -0.6518 -0.3876 -0.6518 0.8694 0.6098
-0.2275 -0.1936 0.1341 -0.4791 0.7354 -0.4791 0.8647 0.6157
-0.1891 -0.1714 0.1725 0.0333 0.9989 0.0333 0.8631 0.6160
-0.1506 -0.1936 0.2109 0.5133 0.6878 0.5133 0.8614 0.6163
-0.0514 -0.2472 0.1022 0.9239 0.0000 0.3827 0.8617 0.6102
-0.0722 -0.3007 0.0936 0.6707 -0.6878 0.2778 0.8637 0.6106
-0.1224 -0.3229 0.0728 0.0435 -0.9989 0.0180 0.8654 0.6109
-0.1726 -0.3007 0.0520 -0.6260 -0.7354 -0.2593 0.8670 0.6112
-0.1934 -0.2472 0.0433 -0.8517 -0.3876 -0.3528 0.8687 0.6116
-0.1726 -0.1936 0.0520 -0.6260 0.7354 -0.2593 0.8647 0.6130
-0.1224 -0.1714 0.0728 0.0435 0.9989 0.0180 0.8631 0.6128
-0.0722 -0.1936 0.0936 0.6707 0.6878 0.2778 0.8614 0.6124
-0.0222 -0.2472 -0.0449 1.0000 0.0000 0.0000 0.8617 0.6149
-0.0447 -0.3007 -0.0449 0.7259 -0.6878 0.0000 0.8638 0.6145
-0.0990 -0.3229 -0.0449 0.0471 -0.9989 0.0000 0.8654 0.6142
-0.1534 -0.3007 -0.0449 -0.6776 -0.7354 -0.0000 0.8670 0.6139
-0.1759 -0.2472 -0.0449 -0.9218 -0.3876 -0.0000 0.8687 0.6135
-0.1534 -0.1936 -0.0449 -0.6776 0.7354 -0.0000 0.8656 0.6106
-0.0990 -0.1714 -0.0449 0.0471 0.9989 0.0000 0.8643 0.6098
-0.0447 -0.1936 -0.0449 0.7259 0.6878 0.0000 0.8629 0.6089
-0.0514 -0.2472 -0.1920 0.9239 0.0000 -0.3827 0.8635 0.6192
-0.0722 -0.3007 -0.1834 0.6707 -0.6878 -0.2778 0.8653 0.6181
-0.1224 -0.3229 -0.1626 0.0435 -0.9989 -0.0180 0.8667 0.6172
-0.1726 -0.3007 -0.1418 -0.6260 -0.7354 0.2593 0.8680 0.6163
-0.1934 -0.2472 -0.1331 -0.8517 -0.3876 0.3528 0.8694 0.6153
-0.1726 -0.1936 -0.1418 -0.6260 0.7354 0.2593 0.8674 0.6088
-0.1224 -0.1714 -0.1626 0.0435 0.9989 -0.0180 0.8665 0.6075
-0.0722 -0.1936 -0.1834 0.6707 0.6878 -0.2778 0.8656 0.6061
-0.1347 -0.2472 -0.3167 0.7071 0.0000 -0.7071 0.8668 0.6226
-0.1506 -0.3007 -0.3007 0.5133 -0.6878 -0.5133 0.8680 0.6208
-0.1891 -0.3229 -0.2623 0.0333 -0.9989 -0.0333 0.8690 0.6195
-0.2275 -0.3007 -0.2239 -0.4791 -0.7354 0.4791 0.8699 0.6181
-0.2434 -0.2472 -0.2080 -0.6518 -0.3876 0.6518 0.8708 0.6167
-0.2275 -0.1936 -0.2239 -0.4791 0.7354 0.4791 0.8698 0.6078
-0.1891 -0.1714 -0.2623 0.0333 0.9989 -0.0333 0.8695 0.6062
-0.1506 -0.1936 -0.3007 0.5133 0.6878 -0.5133 0.8692 0.6046
-0.2594 -0.2472 -0.4000 0.3827 0.0000 -0.9239 0.8712 0.6244
-0.2680 -0.3007 -0.3792 0.2778 -0.6878 -0.6707 0.8716 0.6223
-0.2888 -0.3229 -0.3290 0.0180 -0.9989 -0.0435 0.8720 0.6207
-0.3096 -0.3007 -0.2787 -0.2593 -0.7354 0.6260 0.8723 0.6191
-0.3182 -0.2472 -0.2579 -0.3528 -0.3876 0.8517 0.8726 0.6174
-0.3096 -0.1936 -0.2787 -0.2593 0.7354 0.6260 0.8724 0.6078
-0.2888 -0.1714 -0.3290 0.0180 0.9989 -0.0435 0.8727 0.6062
-0.2680 -0.1936 -0.3792 0.2778 0.6878 -0.6707 0.8730 0.6046
-0.4065 -0.2472 -0.4292 -0.0000 0.0000 -1.0000 0.8759 0.6244
-0.4065 -0.3007 -0.4067 -0.0000 -0.6878 -0.7259 0.8755 0.6223
-0.4065 -0.3229 -0.3524 0.0000 -0.9989 -0.0471 0.8752 0.6207
-0.4065 -0.3007 -0.2980 0.0000 -0.7354 0.6776 0.8749 0.6191
-0.4065 -0.2472 -0.2755 0.0000 -0.3876 0.9218 0.8745 0.6174
-0.4065 -0.1936 -0.2980 0.0000 0.7354 0.6776 0.8748 0.6088
-0.4065 -0.1714 -0.3524 -0.0000 0.9989 -0.0471 0.8757 0.6075
-0.4065 -0.1936 -0.4067 -0.0000 0.6878 -0.7259 0.8766 0.6061
-0.5535 -0.2472 -0.4000 -0.3827 0.0000 -0.9239 0.8802 0.6226
-0.5449 -0.3007 -0.3792 -0.2778 -0.6878 -0.6707 0.8791 0.6208
-0.5241 -0.3229 -0.3290 -0.0180 -0.9989 -0.0435 0.8781 0.6194
-0.5033 -0.3007 -0.2787 0.2593 -0.7354 0.6260 0.8772 0.6181
-0.4947 -0.2472 -0.2579 0.3528 -0.3876 0.8517 0.8763 0.6167
-0.5033 -0.1936 -0.2787 0.2593 0.7354 0.6260 0.8766 0.6106
-0.5241 -0.1714 -0.3290 -0.0180 0.9989 -0.0435 0.8780 0.6097
-0.5449 -0.1936 -0.3792 -0.2778 0.6878 -0.6707 0.8794 0.6088
-0.6782 -0.2472 -0.3167 -0.7071 0.0000 -0.7071 0.8835 0.6192
-0.6623 -0.3007 -0.3007 -0.5133 -0.6878 -0.5133 0.8818 0.6180
-0.6239 -0.3229 -0.2623 -0.0333 -0.9989 -0.0333 0.8804 0.6171
-0.5854 -0.3007 -0.2239 0.4791 -0.7354 0.4791 0.8790 0.6162
-0.5695 -0.2472 -0.2080 0.6518 -0.3876 0.6518 0.8776 0.6153
-0.5854 -0.1936 -0.2239 0.4791 0.7354 0.4791 0.8776 0.6131
-0.6239 -0.1714 -0.2623 -0.0333 0.9989 -0.0333 0.8792 0.6127
-0.6623 -0.1936 -0.3007 -0.5133 0.6878 -0.5133 0.8809 0.6124
-0.7615 -0.2472 -0.1920 -0.9239 0.0000 -0.3827 0.8853 0.6149
-0.7407 -0.3007 -0.1834 -0.6707 -0.6878 -0.2778 0.8832 0.6144
-0.6905 -0.3229 -0.1626 -0.0435 -0.9989 -0.0180 0.8816 0.6141
-0.6403 -0.3007 -0.1418 0.6260 -0.7354 0.2593 0.8800 0.6138
-0.6195 -0.2472 -0.1331 0.8517 -0.3876 0.3528 0.8783 0.6135
-0.6403 -0.1936 -0.1418 0.6260 0.7354 0.2593 0.8777 0.6157
-0.6905 -0.1714 -0.1626 -0.0435 0.9989 -0.0180 0.8793 0.6160
-0.7407 -0.1936 -0.1834 -0.6707 0.6878 -0.2778 0.8809 0.6163
-0.6680 -0.2558 -0.3052 0.0000 -1.0000 0.0000 0.8801 0.6234
-0.1429 -0.2558 -0.3052 0.0000 -1.0000 0.0000 0.8649 0.6234
-0.6680 -0.2558 0.2199 0.0000 -1.0000 0.0000 0.8801 0.6083
-0.1429 -0.2558 0.2199 0.0000 -1.0000 0.0000 0.8649 0.6083
-0.6680 -0.2380 -0.3052 -0.0000 1.0000 0.0000 0.8649 0.6226
-0.1429 -0.2380 -0.3052 -0.0000 1.0000 0.0000 0.8801 0.6226
-0.6680 -0.2380 0.2199 -0.0000 1.0000 0.0000 0.8649 0.6074
-0.1429 -0.2380 0.2199 -0.0000 1.0000 0.0000 0.8801 0.6074
-0.6371 -0.2472 -0.0449 0.9218 0.3876 -0.0000 0.8753 0.6171
-0.6195 -0.2472 0.0433 0.8517 0.3876 -0.3528 0.8739 0.6185
-0.6371 -0.2472 -0.0449 0.9218 0.3876 -0.0000 0.8753 0.6171
-0.7908 -0.2472 -0.0449 -1.0000 0.0000 0.0000 0.8812 0.6210
-0.7908 -0.2472 -0.0449 -1.0000 0.0000 0.0000 0.8812 0.6210
-0.7615 -0.2472 0.1022 -0.9239 0.0000 0.3827 0.8780 0.6245
-0.6195 -0.2472 0.0433 0.8517 0.3876 -0.3528 0.8739 0.6185
-0.5695 -0.2472 0.1181 0.6518 0.3876 -0.6518 0.8722 0.6193
-0.6195 -0.2472 0.0433 0.8517 0.3876 -0.3528 0.8739 0.6185
-0.6782 -0.2472 0.2268 -0.7071 -0.0000 0.7071 0.8735 0.6263
-0.6782 -0.2472 0.2268 -0.7071 -0.0000 0.7071 0.8735 0.6263
-0.7615 -0.2472 0.1022 -0.9239 0.0000 0.3827 0.8780 0.6245
-0.5695 -0.2472 0.1181 0.6518 0.3876 -0.6518 0.8722 0.6193
-0.4947 -0.2472 0.1681 0.3528 0.3876 -0.8517 0.8702 0.6193
-0.5695 -0.2472 0.1181 0.6518 0.3876 -0.6518 0.8722 0.6193
-0.5535 -0.2472 0.3102 -0.3827 -0.0000 0.9239 0.8688 0.6263
-0.5535 -0.2472 0.3102 -0.3827 -0.0000 0.9239 0.8688 0.6263
-0.6782 -0.2472 0.2268 -0.7071 -0.0000 0.7071 0.8735 0.6263
-0.4947 -0.2472 0.1681 0.3528 0.3876 -0.8517 0.8702 0.6193
-0.4065 -0.2472 0.1857 0.0000 0.3876 -0.9218 0.8684 0.6186
-0.4947 -0.2472 0.1681 0.3528 0.3876 -0.8517 0.8702 0.6193
-0.4065 -0.2472 0.3394 -0.0000 -0.0000 1.0000 0.8644 0.6244
-0.4065 -0.2472 0.3394 -0.0000 -0.0000 1.0000 0.8644 0.6244
-0.5535 -0.2472 0.3102 -0.3827 -0.0000 0.9239 0.8688 0.6263
-0.4065 -0.2472 0.1857 0.0000 0.3876 -0.9218 0.8684 0.6186
-0.3182 -0.2472 0.1681 -0.3528 0.3876 -0.8517 0.8671 0.6172
-0.4065 -0.2472 0.1857 0.0000 0.3876 -0.9218 0.8684 0.6186
-0.2594 -0.2472 0.3102 0.3827 0.0000 0.9239 0.8611 0.6210
-0.2594 -0.2472 0.3102 0.3827 0.0000 0.9239 0.8611 0.6210
-0.4065 -0.2472 0.3394 -0.0000 -0.0000 1.0000 0.8644 0.6244
-0.3182 -0.2472 0.1681 -0.3528 0.3876 -0.8517 0.8671 0.6172
-0.2434 -0.2472 0.1181 -0.6518 0.3876 -0.6518 0.8663 0.6153
-0.3182 -0.2472 0.1681 -0.3528 0.3876 -0.8517 0.8671 0.6172
-0.1347 -0.2472 0.2268 0.7071 -0.0000 0.7071 0.8594 0.6167
-0.1347 -0.2472 0.2268 0.7071 -0.0000 0.7071 0.8594 0.6167
-0.2594 -0.2472 0.3102 0.3827 0.0000 0.9239 0.8611 0.6210
-0.2434 -0.2472 0.1181 -0.6518 0.3876 -0.6518 0.8663 0.6153
-0.1934 -0.2472 0.0433 -0.8517 0.3876 -0.3528 0.8663 0.6134
-0.2434 -0.2472 0.1181 -0.6518 0.3876 -0.6518 0.8663 0.6153
-0.0514 -0.2472 0.1022 0.9239 0.0000 0.3827 0.8594 0.6120
-0.0514 -0.2472 0.1022 0.9239 0.0000 0.3827 0.8594 0.6120
-0.1347 -0.2472 0.2268 0.7071 -0.0000 0.7071 0.8594 0.6167
-0.1934 -0.2472 0.0433 -0.8517 0.3876 -0.3528 0.8663 0.6134
-0.1759 -0.2472 -0.0449 -0.9218 0.3876 -0.0000 0.8670 0.6116
-0.1934 -0.2472 0.0433 -0.8517 0.3876 -0.3528 0.8663 0.6134
-0.0222 -0.2472 -0.0449 1.0000 0.0000 0.0000 0.8611 0.6077
-0.0222 -0.2472 -0.0449 1.0000 0.0000 0.0000 0.8611 0.6077
-0.0514 -0.2472 0.1022 0.9239 0.0000 0.3827 0.8594 0.6120
-0.1759 -0.2472 -0.0449 -0.9218 0.3876 -0.0000 0.8670 0.6116
-0.1934 -0.2472 -0.1331 -0.8517 0.3876 0.3528 0.8683 0.6102
-0.1759 -0.2472 -0.0449 -0.9218 0.3876 -0.0000 0.8670 0.6116
-0.0514 -0.2472 -0.1920 0.9239 0.0000 -0.3827 0.8644 0.6043
-0.0514 -0.2472 -0.1920 0.9239 0.0000 -0.3827 0.8644 0.6043
-0.0222 -0.2472 -0.0449 1.0000 0.0000 0.0000 0.8611 0.6077
-0.1934 -0.2472 -0.1331 -0.8517 0.3876 0.3528 0.8683 0.6102
-0.2434 -0.2472 -0.2080 -0.6518 0.3876 0.6518 0.8701 0.6095
-0.1934 -0.2472 -0.1331 -0.8517 0.3876 0.3528 0.8683 0.6102
-0.1347 -0.2472 -0.3167 0.7071 0.0000 -0.7071 0.8688 0.6025
-0.1347 -0.2472 -0.3167 0.7071 0.0000 -0.7071 0.8688 0.6025
-0.0514 -0.2472 -0.1920 0.9239 0.0000 -0.3827 0.8644 0.6043
-0.2434 -0.2472 -0.2080 -0.6518 0.3876 0.6518 0.8701 0.6095
-0.3182 -0.2472 -0.2579 -0.3528 0.3876 0.8517 0.8720 0.6095
-0.2434 -0.2472 -0.2080 -0.6518 0.3876 0.6518 0.8701 0.6095
-0.2594 -0.2472 -0.4000 0.3827 0.0000 -0.9239 0.8735 0.6025
-0.2594 -0.2472 -0.4000 0.3827 0.0000 -0.9239 0.8735 0.6025
-0.1347 -0.2472 -0.3167 0.7071 0.0000 -0.7071 0.8688 0.6025
-0.3182 -0.2472 -0.2579 -0.3528 0.3876 0.8517 0.8720 0.6095
-0.4065 -0.2472 -0.2755 0.0000 0.3876 0.9218 0.8738 0.6102
-0.3182 -0.2472 -0.2579 -0.3528 0.3876 0.8517 0.8720 0.6095
-0.4065 -0.2472 -0.4292 -0.0000 0.0000 -1.0000 0.8778 0.6043
-0.4065 -0.2472 -0.4292 -0.0000 0.0000 -1.0000 0.8778 0.6043
-0.2594 -0.2472 -0.4000 0.3827 0.0000 -0.9239 0.8735 0.6025
-0.4065 -0.2472 -0.2755 0.0000 0.3876 0.9218 0.8738 0.6102
-0.4947 -0.2472 -0.2579 0.3528 0.3876 0.8517 0.8752 0.6116
-0.4065 -0.2472 -0.2755 0.0000 0.3876 0.9218 0.8738 0.6102
-0.5535 -0.2472 -0.4000 -0.3827 0.0000 -0.9239 0.8811 0.6077
-0.5535 -0.2472 -0.4000 -0.3827 0.0000 -0.9239 0.8811 0.6077
-0.4065 -0.2472 -0.4292 -0.0000 0.0000 -1.0000 0.8778 0.6043
-0.4947 -0.2472 -0.2579 0.3528 0.3876 0.8517 0.8752 0.6116
-0.5695 -0.2472 -0.2080 0.6518 0.3876 0.6518 0.8759 0.6134
-0.4947 -0.2472 -0.2579 0.3528 0.3876 0.8517 0.8752 0.6116
-0.6782 -0.2472 -0.3167 -0.7071 0.0000 -0.7071 0.8829 0.6120
-0.6782 -0.2472 -0.3167 -0.7071 0.0000 -0.7071 0.8829 0.6120
-0.5535 -0.2472 -0.4000 -0.3827 0.0000 -0.9239 0.8811 0.6077
-0.5695 -0.2472 -0.2080 0.6518 0.3876 0.6518 0.8759 0.6134
-0.6195 -0.2472 -0.1331 0.8517 0.3876 0.3528 0.8760 0.6153
-0.5695 -0.2472 -0.2080 0.6518 0.3876 0.6518 0.8759 0.6134
-0.7615 -0.2472 -0.1920 -0.9239 0.0000 -0.3827 0.8830 0.6167
-0.7615 -0.2472 -0.1920 -0.9239 0.0000 -0.3827 0.8830 0.6167
-0.6782 -0.2472 -0.3167 -0.7071 0.0000 -0.7071 0.8829 0.6120
-0.6195 -0.2472 -0.1331 0.8517 0.3876 0.3528 0.8760 0.6153
-0.6371 -0.2472 -0.0449 0.9218 0.3876 -0.0000 0.8753 0.6171
-0.6195 -0.2472 -0.1331 0.8517 0.3876 0.3528 0.8760 0.6153
-0.7908 -0.2472 -0.0449 -1.0000 0.0000 0.0000 0.8812 0.6210
-0.7908 -0.2472 -0.0449 -1.0000 0.0000 0.0000 0.8812 0.6210
-0.7615 -0.2472 -0.1920 -0.9239 0.0000 -0.3827 0.8830 0.6167
0 9 8
0 1 9
1 10 9
1 2 10
2 11 10
2 3 11
3 12 11
3 4 12
136 13 137
138 5 13
5 14 13
5 6 14
6 15 14
6 7 15
139 15 7
140 141 15
8 17 16
8 9 17
9 18 17
9 10 18
10 19 18
10 11 19
11 20 19
11 12 20
142 21 143
144 13 21
13 22 21
13 14 22
14 23 22
14 15 23
15 145 23
15 147 146
16 25 24
16 17 25
17 26 25
17 18 26
18 27 26
18 19 27
19 28 27
19 20 28
148 29 149
150 21 29
21 30 29
21 22 30
22 31 30
22 23 31
23 151 31
23 153 152
24 33 32
24 25 33
25 34 33
25 26 34
26 35 34
26 27 35
27 36 35
27 28 36
154 37 155
156 29 37
29 38 37
29 30 38
30 39 38
30 31 39
31 157 39
31 159 158
32 41 40
32 33 41
33 42 41
33 34 42
34 43 42
34 35 43
35 44 43
35 36 44
160 45 161
162 37 45
37 46 45
37 38 46
38 47 46
38 39 47
39 163 47
39 165 164
40 49 48
40 41 49
41 50 49
41 42 50
42 51 50
42 43 51
43 52 51
43 44 52
166 53 167
168 45 53
45 54 53
45 46 54
46 55 54
46 47 55
47 169 55
47 171 170
48 57 56
48 49 57
49 58 57
49 50 58
50 59 58
50 51 59
51 60 59
51 52 60
172 61 173
174 53 61
53 62 61
53 54 62
54 63 62
54 55 63
55 175 63
55 177 176
56 65 64
56 57 65
57 66 65
57 58 66
58 67 66
58 59 67
59 68 67
59 60 68
178 69 179
180 61 69
61 70 69
61 62 70
62 71 70
62 63 71
63 181 71
63 183 182
64 73 72
64 65 73
65 74 73
65 66 74
66 75 74
66 67 75
67 76 75
67 68 76
184 77 185
186 69 77
69 78 77
69 70 78
70 79 78
70 71 79
71 187 79
71 189 188
72 81 80
72 73 81
73 82 81
73 74 82
74 83 82
74 75 83
75 84 83
75 76 84
190 85 191
192 77 85
77 86 85
77 78 86
78 87 86
78 79 87
79 193 87
79 195 194
80 89 88
80 81 89
81 90 89
81 82 90
82 91 90
82 83 91
83 92 91
83 84 92
196 93 197
198 85 93
85 94 93
85 86 94
86 95 94
86 87 95
87 199 95
87 201 200
88 97 96
88 89 97
89 98 97
89 90 98
90 99 98
90 91 99
91 100 99
91 92 100
202 101 203
204 93 101
93 102 101
93 94 102
94 103 102
94 95 103
95 205 103
95 207 206
96 105 104
96 97 105
97 106 105
97 98 106
98 107 106
98 99 107
99 108 107
99 100 108
208 109 209
210 101 109
101 110 109
101 102 110
102 111 110
102 103 111
103 211 111
103 213 212
104 113 112
104 105 113
105 114 113
105 106 114
106 115 114
106 107 115
107 116 115
107 108 116
214 117 215
216 109 117
109 118 117
109 110 118
110 119 118
110 111 119
111 217 119
111 219 218
112 121 120
112 113 121
113 122 121
113 114 122
114 123 122
114 115 123
115 124 123
115 116 124
220 125 221
222 117 125
117 126 125
117 118 126
118 127 126
118 119 127
119 223 127
119 225 224
120 1 0
120 121 1
121 2 1
121 122 2
122 3 2
122 123 3
123 4 3
123 124 4
226 5 227
228 125 5
125 6 5
125 126 6
126 7 6
126 127 7
127 229 7
127 231 230
129 130 128
129 131 130
133 134 135
133 132 134
LABEL LGLWheel2
MATERIAL 2
TEXTURE 2
FLAG 0
GEOM 232 260
0.7908 0.2472 -0.0449 1.0000 -0.0000 0.0000 0.8902 0.6036
0.7683 0.3007 -0.0449 0.7259 0.6878 -0.0000 0.8882 0.6040
0.7139 0.3229 -0.0449 0.0471 0.9989 -0.0000 0.8865 0.6043
0.6596 0.3007 -0.0449 -0.6776 0.7354 -0.0000 0.8849 0.6046
0.6371 0.2472 -0.0449 -0.9218 0.3876 -0.0000 0.8832 0.6050
0.6596 0.1936 -0.0449 -0.6776 -0.7354 -0.0000 0.8876 0.6103
0.7139 0.1714 -0.0449 0.0471 -0.9989 -0.0000 0.8890 0.6112
0.7683 0.1936 -0.0449 0.7259 -0.6878 0.0000 0.8904 0.6121
0.7615 0.2472 0.1022 0.9239 -0.0000 0.3827 0.8885 0.5993
0.7407 0.3007 0.0936 0.6707 0.6878 0.2778 0.8867 0.6004
0.6905 0.3229 0.0728 0.0435 0.9989 0.0180 0.8853 0.6013
0.6403 0.3007 0.0520 -0.6260 0.7354 -0.2593 0.8839 0.6022
0.6195 0.2472 0.0433 -0.8517 0.3876 -0.3528 0.8825 0.6031
0.6403 0.1936 0.0520 -0.6260 -0.7354 -0.2593 0.8858 0.6122
0.6905 0.1714 0.0728 0.0435 -0.9989 0.0180 0.8867 0.6135
0.7407 0.1936 0.0936 0.6707 -0.6878 0.2778 0.8877 0.6149
0.6782 0.2472 0.2268 0.7071 -0.0000 0.7071 0.8852 0.5959
0.6623 0.3007 0.2109 0.5133 0.6878 0.5133 0.8839 0.5977
0.6239 0.3229 0.1725 0.0333 0.9989 0.0333 0.8830 0.5990
0.5854 0.3007 0.1341 -0.4791 0.7354 -0.4791 0.8821 0.6004
0.5695 0.2472 0.1181 -0.6518 0.3876 -0.6518 0.8811 0.6018
0.5854 0.1936 0.1341 -0.4791 -0.7354 -0.4791 0.8834 0.6132
0.6239 0.1714 0.1725 0.0333 -0.9989 0.0333 0.8837 0.6148
0.6623 0.1936 0.2109 0.5133 -0.6878 0.5133 0.8841 0.6165
0.5535 0.2472 0.3102 0.3827 -0.0000 0.9239 0.8808 0.5941
0.5449 0.3007 0.2894 0.2778 0.6878 0.6707 0.8803 0.5962
0.5241 0.3229 0.2391 0.0180 0.9989 0.0435 0.8800 0.5978
0.5033 0.3007 0.1889 -0.2593 0.7354 -0.6260 0.8797 0.5994
0.4947 0.2472 0.1681 -0.3528 0.3876 -0.8517 0.8794 0.6010
0.5033 0.1936 0.1889 -0.2593 -0.7354 -0.6260 0.8808 0.6132
0.5241 0.1714 0.2391 0.0180 -0.9989 0.0435 0.8805 0.6147
0.5449 0.1936 0.2894 0.2778 -0.6878 0.6707 0.8802 0.6163
0.4065 0.2472 0.3394 0.0000 -0.0000 1.0000 0.8760 0.5940
0.4065 0.3007 0.3169 0.0000 0.6878 0.7259 0.8765 0.5962
0.4065 0.3229 0.2625 0.0000 0.9989 0.0471 0.8768 0.5978
0.4065 0.3007 0.2082 0.0000 0.7354 -0.6776 0.8771 0.5994
0.4065 0.2472 0.1857 -0.0000 0.3876 -0.9218 0.8774 0.6011
0.4065 0.1936 0.2082 -0.0000 -0.7354 -0.6776 0.8784 0.6122
0.4065 0.1714 0.2625 -0.0000 -0.9989 0.0471 0.8775 0.6135
0.4065 0.1936 0.3169 -0.0000 -0.6878 0.7259 0.8766 0.6149
0.2594 0.2472 0.3102 -0.3827 0.0000 0.9239 0.8717 0.5960
0.2680 0.3007 0.2894 -0.2778 0.6878 0.6707 0.8729 0.5977
0.2888 0.3229 0.2391 -0.0180 0.9989 0.0435 0.8738 0.5991
0.3096 0.3007 0.1889 0.2593 0.7354 -0.6260 0.8747 0.6004
0.3182 0.2472 0.1681 0.3528 0.3876 -0.8517 0.8757 0.6018
0.3096 0.1936 0.1889 0.2593 -0.7354 -0.6260 0.8766 0.6103
0.2888 0.1714 0.2391 -0.0180 -0.9989 0.0435 0.8753 0.6112
0.2680 0.1936 0.2894 -0.2778 -0.6878 0.6707 0.8738 0.6121
0.1347 0.2472 0.2268 -0.7071 0.0000 0.7071 0.8684 0.5993
0.1506 0.3007 0.2109 -0.5133 0.6878 0.5133 0.8702 0.6005
0.1891 0.3229 0.1725 -0.0333 0.9989 0.0333 0.8716 0.6014
0.2275 0.3007 0.1341 0.4791 0.7354 -0.4791 0.8729 0.6023
0.2434 0.2472 0.1181 0.6518 0.3876 -0.6518 0.8743 0.6032
0.2275 0.1936 0.1341 0.4791 -0.7354 -0.4791 0.8756 0.6079
0.1891 0.1714 0.1725 -0.0333 -0.9989 0.0333 0.8740 0.6082
0.1506 0.1936 0.2109 -0.5133 -0.6878 0.5133 0.8724 0.6085
0.0514 0.2472 0.1022 -0.9239 0.0000 0.3827 0.8666 0.6036
0.0722 0.3007 0.0936 -0.6707 0.6878 0.2778 0.8687 0.6041
0.1224 0.3229 0.0728 -0.0435 0.9989 0.0180 0.8703 0.6044
0.1726 0.3007 0.0520 0.6260 0.7354 -0.2593 0.8719 0.6047
0.1934 0.2472 0.0433 0.8517 0.3876 -0.3528 0.8736 0.6050
0.1726 0.1936 0.0520 0.6260 -0.7354 -0.2593 0.8756 0.6053
0.1224 0.1714 0.0728 -0.0435 -0.9989 0.0180 0.8740 0.6050
0.0722 0.1936 0.0936 -0.6707 -0.6878 0.2778 0.8724 0.6046
0.0222 0.2472 -0.0449 -1.0000 0.0000 0.0000 0.8666 0.6083
0.0447 0.3007 -0.0449 -0.7259 0.6878 0.0000 0.8687 0.6079
0.0990 0.3229 -0.0449 -0.0471 0.9989 0.0000 0.8704 0.6076
0.1534 0.3007 -0.0449 0.6776 0.7354 -0.0000 0.8720 0.6073
0.1759 0.2472 -0.0449 0.9218 0.3876 -0.0000 0.8736 0.6070
0.1534 0.1936 -0.0449 0.6776 -0.7354 -0.0000 0.8766 0.6029
0.0990 0.1714 -0.0449 -0.0471 -0.9989 0.0000 0.8752 0.6020
0.0447 0.1936 -0.0449 -0.7259 -0.6878 0.0000 0.8738 0.6011
0.0514 0.2472 -0.1920 -0.9239 0.0000 -0.3827 0.8684 0.6127
0.0722 0.3007 -0.1834 -0.6707 0.6878 -0.2778 0.8702 0.6115
0.1224 0.3229 -0.1626 -0.0435 0.9989 -0.0180 0.8716 0.6106
0.1726 0.3007 -0.1418 0.6260 0.7354 0.2593 0.8730 0.6097
0.1934 0.2472 -0.1331 0.8517 0.3876 0.3528 0.8744 0.6088
0.1726 0.1936 -0.1418 0.6260 -0.7354 0.2593 0.8784 0.6010
0.1224 0.1714 -0.1626 -0.0435 -0.9989 -0.0180 0.8775 0.5997
0.0722 0.1936 -0.1834 -0.6707 -0.6878 -0.2778 0.8765 0.5983
0.1347 0.2472 -0.3167 -0.7071 0.0000 -0.7071 0.8718 0.6160
0.1506 0.3007 -0.3007 -0.5133 0.6878 -0.5133 0.8730 0.6143
0.1891 0.3229 -0.2623 -0.0333 0.9989 -0.0333 0.8739 0.6129
0.2275 0.3007 -0.2239 0.4791 0.7354 0.4791 0.8748 0.6115
0.2434 0.2472 -0.2080 0.6518 0.3876 0.6518 0.8758 0.6101
0.2275 0.1936 -0.2239 0.4791 -0.7354 0.4791 0.8807 0.6000
0.1891 0.1714 -0.2623 -0.0333 -0.9989 -0.0333 0.8804 0.5984
0.1506 0.1936 -0.3007 -0.5133 -0.6878 -0.5133 0.8801 0.5968
0.2594 0.2472 -0.4000 -0.3827 0.0000 -0.9239 0.8761 0.6178
0.2680 0.3007 -0.3792 -0.2778 0.6878 -0.6707 0.8766 0.6158
0.2888 0.3229 -0.3290 -0.0180 0.9989 -0.0435 0.8769 0.6141
0.3096 0.3007 -0.2787 0.2593 0.7354 0.6260 0.8772 0.6125
0.3182 0.2472 -0.2579 0.3528 0.3876 0.8517 0.8776 0.6109
0.3096 0.1936 -0.2787 0.2593 -0.7354 0.6260 0.8833 0.6000
0.2888 0.1714 -0.3290 -0.0180 -0.9989 -0.0435 0.8836 0.5984
0.2680 0.1936 -0.3792 -0.2778 -0.6878 -0.6707 0.8840 0.5968
0.4065 0.2472 -0.4292 0.0000 -0.0000 -1.0000 0.8808 0.6178
0.4065 0.3007 -0.4067 0.0000 0.6878 -0.7259 0.8805 0.6157
0.4065 0.3229 -0.3524 0.0000 0.9989 -0.0471 0.8801 0.6141
0.4065 0.3007 -0.2980 0.0000 0.7354 0.6776 0.8798 0.6125
0.4065 0.2472 -0.2755 0.0000 0.3876 0.9218 0.8795 0.6109
0.4065 0.1936 -0.2980 -0.0000 -0.7354 0.6776 0.8857 0.6010
0.4065 0.1714 -0.3524 -0.0000 -0.9989 -0.0471 0.8866 0.5997
0.4065 0.1936 -0.4067 -0.0000 -0.6878 -0.7259 0.8876 0.5983
0.5535 0.2472 -0.4000 0.3827 -0.0000 -0.9239 0.8852 0.6160
0.5449 0.3007 -0.3792 0.2778 0.6878 -0.6707 0.8840 0.6142
0.5241 0.3229 -0.3290 0.0180 0.9989 -0.0435 0.8831 0.6128
0.5033 0.3007 -0.2787 -0.2593 0.7354 0.6260 0.8822 0.6115
0.4947 0.2472 -0.2579 -0.3528 0.3876 0.8517 0.8813 0.6101
0.5033 0.1936 -0.2787 -0.2593 -0.7354 0.6260 0.8876 0.6029
0.5241 0.1714 -0.3290 0.0180 -0.9989 -0.0435 0.8889 0.6019
0.5449 0.1936 -0.3792 0.2778 -0.6878 -0.6707 0.8903 0.6010
0.6782 0.2472 -0.3167 0.7071 -0.0000 -0.7071 0.8885 0.6127
0.6623 0.3007 -0.3007 0.5133 0.6878 -0.5133 0.8868 0.6115
0.6239 0.3229 -0.2623 0.0333 0.9989 -0.0333 0.8854 0.6105
0.5854 0.3007 -0.2239 -0.4791 0.7354 0.4791 0.8840 0.6097
0.5695 0.2472 -0.2080 -0.6518 0.3876 0.6518 0.8826 0.6087
0.5854 0.1936 -0.2239 -0.4791 -0.7354 0.4791 0.8886 0.6053
0.6239 0.1714 -0.2623 0.0333 -0.9989 -0.0333 0.8902 0.6049
0.6623 0.1936 -0.3007 0.5133 -0.6878 -0.5133 0.8918 0.6046
0.7615 0.2472 -0.1920 0.9239 -0.0000 -0.3827 0.8903 0.6083
0.7407 0.3007 -0.1834 0.6707 0.6878 -0.2778 0.8882 0.6079
0.6905 0.3229 -0.1626 0.0435 0.9989 -0.0180 0.8865 0.6075
0.6403 0.3007 -0.1418 -0.6260 0.7354 0.2593 0.8850 0.6073
0.6195 0.2472 -0.1331 -0.8517 0.3876 0.3528 0.8833 0.6069
0.6403 0.1936 -0.1418 -0.6260 -0.7354 0.2593 0.8886 0.6079
0.6905 0.1714 -0.1626 0.0435 -0.9989 -0.0180 0.8902 0.6082
0.7407 0.1936 -0.1834 0.6707 -0.6878 -0.2778 0.8918 0.6085
0.6680 0.2558 -0.3052 0.0000 1.0000 0.0000 0.8847 0.6124
0.1429 0.2558 -0.3052 0.0000 1.0000 0.0000 0.8695 0.6124
0.6680 0.2558 0.2199 0.0000 1.0000 0.0000 0.8847 0.5972
0.1429 0.2558 0.2199 0.0000 1.0000 0.0000 0.8695 0.5972
0.6680 0.2380 -0.3052 -0.0000 -1.0000 0.0000 0.8728 0.6137
0.1429 0.2380 -0.3052 -0.0000 -1.0000 0.0000 0.8880 0.6137
0.6680 0.2380 0.2199 -0.0000 -1.0000 0.0000 0.8728 0.5985
0.1429 0.2380 0.2199 -0.0000 -1.0000 0.0000 0.8880 0.5985
0.6371 0.2472 -0.0449 -0.9218 -0.3876 -0.0000 0.8862 0.6093
0.6195 0.2472 0.0433 -0.8517 -0.3876 -0.3528 0.8849 0.6107
0.6371 0.2472 -0.0449 -0.9218 -0.3876 -0.0000 0.8862 0.6093
0.7908 0.2472 -0.0449 1.0000 -0.0000 0.0000 0.8922 0.6132
0.7908 0.2472 -0.0449 1.0000 -0.0000 0.0000 0.8922 0.6132
0.7615 0.2472 0.1022 0.9239 -0.0000 0.3827 0.8889 0.6167
0.6195 0.2472 0.0433 -0.8517 -0.3876 -0.3528 0.8849 0.6107
0.5695 0.2472 0.1181 -0.6518 -0.3876 -0.6518 0.8831 0.6115
0.6195 0.2472 0.0433 -0.8517 -0.3876 -0.3528 0.8849 0.6107
0.6782 0.2472 0.2268 0.7071 -0.0000 0.7071 0.8845 0.6185
0.6782 0.2472 0.2268 0.7071 -0.0000 0.7071 0.8845 0.6185
0.7615 0.2472 0.1022 0.9239 -0.0000 0.3827 0.8889 0.6167
0.5695 0.2472 0.1181 -0.6518 -0.3876 -0.6518 0.8831 0.6115
0.4947 0.2472 0.1681 -0.3528 -0.3876 -0.8517 0.8812 0.6115
0.5695 0.2472 0.1181 -0.6518 -0.3876 -0.6518 0.8831 0.6115
0.5535 0.2472 0.3102 0.3827 -0.0000 0.9239 0.8797 0.6186
0.5535 0.2472 0.3102 0.3827 -0.0000 0.9239 0.8797 0.6186
0.6782 0.2472 0.2268 0.7071 -0.0000 0.7071 0.8845 0.6185
0.4947 0.2472 0.1681 -0.3528 -0.3876 -0.8517 0.8812 0.6115
0.4065 0.2472 0.1857 -0.0000 -0.3876 -0.9218 0.8794 0.6108
0.4947 0.2472 0.1681 -0.3528 -0.3876 -0.8517 0.8812 0.6115
0.4065 0.2472 0.3394 0.0000 -0.0000 1.0000 0.8753 0.6166
0.4065 0.2472 0.3394 0.0000 -0.0000 1.0000 0.8753 0.6166
0.5535 0.2472 0.3102 0.3827 -0.0000 0.9239 0.8797 0.6186
0.4065 0.2472 0.1857 -0.0000 -0.3876 -0.9218 0.8794 0.6108
0.3182 0.2472 0.1681 0.3528 -0.3876 -0.8517 0.8781 0.6094
0.4065 0.2472 0.1857 -0.0000 -0.3876 -0.9218 0.8794 0.6108
0.2594 0.2472 0.3102 -0.3827 0.0000 0.9239 0.8721 0.6132
0.2594 0.2472 0.3102 -0.3827 0.0000 0.9239 0.8721 0.6132
0.4065 0.2472 0.3394 0.0000 -0.0000 1.0000 0.8753 0.6166
0.3182 0.2472 0.1681 0.3528 -0.3876 -0.8517 0.8781 0.6094
0.2434 0.2472 0.1181 0.6518 -0.3876 -0.6518 0.8773 0.6075
0.3182 0.2472 0.1681 0.3528 -0.3876 -0.8517 0.8781 0.6094
0.1347 0.2472 0.2268 -0.7071 0.0000 0.7071 0.8703 0.6089
0.1347 0.2472 0.2268 -0.7071 0.0000 0.7071 0.8703 0.6089
0.2594 0.2472 0.3102 -0.3827 0.0000 0.9239 0.8721 0.6132
0.2434 0.2472 0.1181 0.6518 -0.3876 -0.6518 0.8773 0.6075
0.1934 0.2472 0.0433 0.8517 -0.3876 -0.3528 0.8773 0.6056
0.2434 0.2472 0.1181 0.6518 -0.3876 -0.6518 0.8773 0.6075
0.0514 0.2472 0.1022 -0.9239 0.0000 0.3827 0.8703 0.6042
0.0514 0.2472 0.1022 -0.9239 0.0000 0.3827 0.8703 0.6042
0.1347 0.2472 0.2268 -0.7071 0.0000 0.7071 0.8703 0.6089
0.1934 0.2472 0.0433 0.8517 -0.3876 -0.3528 0.8773 0.6056
0.1759 0.2472 -0.0449 0.9218 -0.3876 -0.0000 0.8780 0.6038
0.1934 0.2472 0.0433 0.8517 -0.3876 -0.3528 0.8773 0.6056
0.0222 0.2472 -0.0449 -1.0000 0.0000 0.0000 0.8721 0.5999
0.0222 0.2472 -0.0449 -1.0000 0.0000 0.0000 0.8721 0.5999
0.0514 0.2472 0.1022 -0.9239 0.0000 0.3827 0.8703 0.6042
0.1759 0.2472 -0.0449 0.9218 -0.3876 -0.0000 0.8780 0.6038
0.1934 0.2472 -0.1331 0.8517 -0.3876 0.3528 0.8793 0.6024
0.1759 0.2472 -0.0449 0.9218 -0.3876 -0.0000 0.8780 0.6038
0.0514 0.2472 -0.1920 -0.9239 0.0000 -0.3827 0.8754 0.5965
0.0514 0.2472 -0.1920 -0.9239 0.0000 -0.3827 0.8754 0.5965
0.0222 0.2472 -0.0449 -1.0000 0.0000 0.0000 0.8721 0.5999
0.1934 0.2472 -0.1331 0.8517 -0.3876 0.3528 0.8793 0.6024
0.2434 0.2472 -0.2080 0.6518 -0.3876 0.6518 0.8810 0.6017
0.1934 0.2472 -0.1331 0.8517 -0.3876 0.3528 0.8793 0.6024
0.1347 0.2472 -0.3167 -0.7071 0.0000 -0.7071 0.8797 0.5947
0.1347 0.2472 -0.3167 -0.7071 0.0000 -0.7071 0.8797 0.5947
0.0514 0.2472 -0.1920 -0.9239 0.0000 -0.3827 0.8754 0.5965
0.2434 0.2472 -0.2080 0.6518 -0.3876 0.6518 0.8810 0.6017
0.3182 0.2472 -0.2579 0.3528 -0.3876 0.8517 0.8830 0.6017
0.2434 0.2472 -0.2080 0.6518 -0.3876 0.6518 0.8810 0.6017
0.2594 0.2472 -0.4000 -0.3827 0.0000 -0.9239 0.8844 0.5947
0.2594 0.2472 -0.4000 -0.3827 0.0000 -0.9239 0.8844 0.5947
0.1347 0.2472 -0.3167 -0.7071 0.0000 -0.7071 0.8797 0.5947
0.3182 0.2472 -0.2579 0.3528 -0.3876 0.8517 0.8830 0.6017
0.4065 0.2472 -0.2755 -0.0000 -0.3876 0.9218 0.8848 0.6024
0.3182 0.2472 -0.2579 0.3528 -0.3876 0.8517 0.8830 0.6017
0.4065 0.2472 -0.4292 0.0000 -0.0000 -1.0000 0.8888 0.5965
0.4065 0.2472 -0.4292 0.0000 -0.0000 -1.0000 0.8888 0.5965
0.2594 0.2472 -0.4000 -0.3827 0.0000 -0.9239 0.8844 0.5947
0.4065 0.2472 -0.2755 -0.0000 -0.3876 0.9218 0.8848 0.6024
0.4947 0.2472 -0.2579 -0.3528 -0.3876 0.8517 0.8861 0.6038
0.4065 0.2472 -0.2755 -0.0000 -0.3876 0.9218 0.8848 0.6024
0.5535 0.2472 -0.4000 0.3827 -0.0000 -0.9239 0.8921 0.5999
0.5535 0.2472 -0.4000 0.3827 -0.0000 -0.9239 0.8921 0.5999
0.4065 0.2472 -0.4292 0.0000 -0.0000 -1.0000 0.8888 0.5965
0.4947 0.2472 -0.2579 -0.3528 -0.3876 0.8517 0.8861 0.6038
0.5695 0.2472 -0.2080 -0.6518 -0.3876 0.6518 0.8869 0.6056
0.4947 0.2472 -0.2579 -0.3528 -0.3876 0.8517 0.8861 0.6038
0.6782 0.2472 -0.3167 0.7071 -0.0000 -0.7071 0.8939 0.6042
0.6782 0.2472 -0.3167 0.7071 -0.0000 -0.7071 0.8939 0.6042
0.5535 0.2472 -0.4000 0.3827 -0.0000 -0.9239 0.8921 0.5999
0.5695 0.2472 -0.2080 -0.6518 -0.3876 0.6518 0.8869 0.6056
0.6195 0.2472 -0.1331 -0.8517 -0.3876 0.3528 0.8869 0.6075
0.5695 0.2472 -0.2080 -0.6518 -0.3876 0.6518 0.8869 0.6056
0.7615 0.2472 -0.1920 0.9239 -0.0000 -0.3827 0.8939 0.6089
0.7615 0.2472 -0.1920 0.9239 -0.0000 -0.3827 0.8939 0.6089
0.6782 0.2472 -0.3167 0.7071 -0.0000 -0.7071 0.8939 0.6042
0.6195 0.2472 -0.1331 -0.8517 -0.3876 0.3528 0.8869 0.6075
0.6371 0.2472 -0.0449 -0.9218 -0.3876 -0.0000 0.8862 0.6093
0.6195 0.2472 -0.1331 -0.8517 -0.3876 0.3528 0.8869 0.6075
0.7908 0.2472 -0.0449 1.0000 -0.0000 0.0000 0.8922 0.6132
0.7908 0.2472 -0.0449 1.0000 -0.0000 0.0000 0.8922 0.6132
0.7615 0.2472 -0.1920 0.9239 -0.0000 -0.3827 0.8939 0.6089
0 9 8
0 1 9
1 10 9
1 2 10
2 11 10
2 3 11
3 12 11
3 4 12
136 13 137
138 5 13
5 14 13
5 6 14
6 15 14
6 7 15
139 15 7
140 141 15
8 17 16
8 9 17
9 18 17
9 10 18
10 19 18
10 11 19
11 20 19
11 12 20
142 21 143
144 13 21
13 22 21
13 14 22
14 23 22
14 15 23
15 145 23
15 147 146
16 25 24
16 17 25
17 26 25
17 18 26
18 27 26
18 19 27
19 28 27
19 20 28
148 29 149
150 21 29
21 30 29
21 22 30
22 31 30
22 23 31
23 151 31
23 153 152
24 33 32
24 25 33
25 34 33
25 26 34
26 35 34
26 27 35
27 36 35
27 28 36
154 37 155
156 29 37
29 38 37
29 30 38
30 39 38
30 31 39
31 157 39
31 159 158
32 41 40
32 33 41
33 42 41
33 34 42
34 43 42
34 35 43
35 44 43
35 36 44
160 45 161
162 37 45
37 46 45
37 38 46
38 47 46
38 39 47
39 163 47
39 165 164
40 49 48
40 41 49
41 50 49
41 42 50
42 51 50
42 43 51
43 52 51
43 44 52
166 53 167
168 45 53
45 54 53
45 46 54
46 55 54
46 47 55
47 169 55
47 171 170
48 57 56
48 49 57
49 58 57
49 50 58
50 59 58
50 51 59
51 60 59
51 52 60
172 61 173
174 53 61
53 62 61
53 54 62
54 63 62
54 55 63
55 175 63
55 177 176
56 65 64
56 57 65
57 66 65
57 58 66
58 67 66
58 59 67
59 68 67
59 60 68
178 69 179
180 61 69
61 70 69
61 62 70
62 71 70
62 63 71
63 181 71
63 183 182
64 73 72
64 65 73
65 74 73
65 66 74
66 75 74
66 67 75
67 76 75
67 68 76
184 77 185
186 69 77
69 78 77
69 70 78
70 79 78
70 71 79
71 187 79
71 189 188
72 81 80
72 73 81
73 82 81
73 74 82
74 83 82
74 75 83
75 84 83
75 76 84
190 85 191
192 77 85
77 86 85
77 78 86
78 87 86
78 79 87
79 193 87
79 195 194
80 89 88
80 81 89
81 90 89
81 82 90
82 91 90
82 83 91
83 92 91
83 84 92
196 93 197
198 85 93
85 94 93
85 86 94
86 95 94
86 87 95
87 199 95
87 201 200
88 97 96
88 89 97
89 98 97
89 90 98
90 99 98
90 91 99
91 100 99
91 92 100
202 101 203
204 93 101
93 102 101
93 94 102
94 103 102
94 95 103
95 205 103
95 207 206
96 105 104
96 97 105
97 106 105
97 98 106
98 107 106
98 99 107
99 108 107
99 100 108
208 109 209
210 101 109
101 110 109
101 102 110
102 111 110
102 103 111
103 211 111
103 213 212
104 113 112
104 105 113
105 114 113
105 106 114
106 115 114
106 107 115
107 116 115
107 108 116
214 117 215
216 109 117
109 118 117
109 110 118
110 119 118
110 111 119
111 217 119
111 219 218
112 121 120
112 113 121
113 122 121
113 114 122
114 123 122
114 115 123
115 124 123
115 116 124
220 125 221
222 117 125
117 126 125
117 118 126
118 127 126
118 119 127
119 223 127
119 225 224
120 1 0
120 121 1
121 2 1
121 122 2
122 3 2
122 123 3
123 4 3
123 124 4
226 5 227
228 125 5
125 6 5
125 126 6
126 7 6
126 127 7
127 229 7
127 231 230
129 130 128
129 131 130
133 134 135
133 132 134
LABEL LGLWheel1
MATERIAL 2
TEXTURE 2
FLAG 0
GEOM 232 260
0.7908 0.2472 -0.0449 1.0000 -0.0000 0.0000 0.0875 0.3290
0.7683 0.3007 -0.0449 0.7259 0.6878 -0.0000 0.0816 0.3301
0.7139 0.3229 -0.0449 0.0471 0.9989 -0.0000 0.0770 0.3310
0.6596 0.3007 -0.0449 -0.6776 0.7354 -0.0000 0.0725 0.3319
0.6371 0.2472 -0.0449 -0.9218 0.3876 -0.0000 0.0677 0.3328
0.6596 0.1936 -0.0449 -0.6776 -0.7354 -0.0000 0.1364 0.3458
0.7139 0.1714 -0.0449 0.0471 -0.9989 -0.0000 0.1402 0.3483
0.7683 0.1936 -0.0449 0.7259 -0.6878 0.0000 0.1442 0.3509
0.7615 0.2472 0.1022 0.9239 -0.0000 0.3827 0.0825 0.3168
0.7407 0.3007 0.0936 0.6707 0.6878 0.2778 0.0775 0.3200
0.6905 0.3229 0.0728 0.0435 0.9989 0.0180 0.0735 0.3226
0.6403 0.3007 0.0520 -0.6260 0.7354 -0.2593 0.0698 0.3251
0.6195 0.2472 0.0433 -0.8517 0.3876 -0.3528 0.0657 0.3277
0.6403 0.1936 0.0520 -0.6260 -0.7354 -0.2593 0.1313 0.3511
0.6905 0.1714 0.0728 0.0435 -0.9989 0.0180 0.1338 0.3548
0.7407 0.1936 0.0936 0.6707 -0.6878 0.2778 0.1365 0.3587
0.6782 0.2472 0.2268 0.7071 -0.0000 0.7071 0.0732 0.3074
0.6623 0.3007 0.2109 0.5133 0.6878 0.5133 0.0698 0.3122
0.6239 0.3229 0.1725 0.0333 0.9989 0.0333 0.0671 0.3161
0.5854 0.3007 0.1341 -0.4791 0.7354 -0.4791 0.0646 0.3199
0.5695 0.2472 0.1181 -0.6518 0.3876 -0.6518 0.0619 0.3238
0.5854 0.1936 0.1341 -0.4791 -0.7354 -0.4791 0.1245 0.3539
0.6239 0.1714 0.1725 0.0333 -0.9989 0.0333 0.1254 0.3584
0.6623 0.1936 0.2109 0.5133 -0.6878 0.5133 0.1264 0.3631
0.5535 0.2472 0.3102 0.3827 -0.0000 0.9239 0.0610 0.3021
0.5449 0.3007 0.2894 0.2778 0.6878 0.6707 0.0597 0.3081
0.5241 0.3229 0.2391 0.0180 0.9989 0.0435 0.0587 0.3127
0.5033 0.3007 0.1889 -0.2593 0.7354 -0.6260 0.0579 0.3171
0.4947 0.2472 0.1681 -0.3528 0.3876 -0.8517 0.0569 0.3218
0.5033 0.1936 0.1889 -0.2593 -0.7354 -0.6260 0.1172 0.3539
0.5241 0.1714 0.2391 0.0180 -0.9989 0.0435 0.1163 0.3583
0.5449 0.1936 0.2894 0.2778 -0.6878 0.6707 0.1154 0.3628
0.4065 0.2472 0.3394 0.0000 -0.0000 1.0000 0.0475 0.3021
0.4065 0.3007 0.3169 0.0000 0.6878 0.7259 0.0488 0.3082
0.4065 0.3229 0.2625 0.0000 0.9989 0.0471 0.0497 0.3127
0.4065 0.3007 0.2082 0.0000 0.7354 -0.6776 0.0506 0.3171
0.4065 0.2472 0.1857 -0.0000 0.3876 -0.9218 0.0515 0.3218
0.4065 0.1936 0.2082 -0.0000 -0.7354 -0.6776 0.1105 0.3510
0.4065 0.1714 0.2625 -0.0000 -0.9989 0.0471 0.1079 0.3548
0.4065 0.1936 0.3169 -0.0000 -0.6878 0.7259 0.1053 0.3587
0.2594 0.2472 0.3102 -0.3827 0.0000 0.9239 0.0353 0.3075
0.2680 0.3007 0.2894 -0.2778 0.6878 0.6707 0.0386 0.3122
0.2888 0.3229 0.2391 -0.0180 0.9989 0.0435 0.0413 0.3162
0.3096 0.3007 0.1889 0.2593 0.7354 -0.6260 0.0439 0.3200
0.3182 0.2472 0.1681 0.3528 0.3876 -0.8517 0.0465 0.3240
0.3096 0.1936 0.1889 0.2593 -0.7354 -0.6260 0.1054 0.3458
0.2888 0.1714 0.2391 -0.0180 -0.9989 0.0435 0.1016 0.3483
0.2680 0.1936 0.2894 -0.2778 -0.6878 0.6707 0.0976 0.3509
0.1347 0.2472 0.2268 -0.7071 0.0000 0.7071 0.0261 0.3168
0.1506 0.3007 0.2109 -0.5133 0.6878 0.5133 0.0310 0.3201
0.1891 0.3229 0.1725 -0.0333 0.9989 0.0333 0.0349 0.3227
0.2275 0.3007 0.1341 0.4791 0.7354 -0.4791 0.0388 0.3252
0.2434 0.2472 0.1181 0.6518 0.3876 -0.6518 0.0427 0.3279
0.2275 0.1936 0.1341 0.4791 -0.7354 -0.4791 0.1025 0.3389
0.1891 0.1714 0.1725 -0.0333 -0.9989 0.0333 0.0981 0.3399
0.1506 0.1936 0.2109 -0.5133 -0.6878 0.5133 0.0935 0.3408
0.0514 0.2472 0.1022 -0.9239 0.0000 0.3827 0.0211 0.3290
0.0722 0.3007 0.0936 -0.6707 0.6878 0.2778 0.0269 0.3303
0.1224 0.3229 0.0728 -0.0435 0.9989 0.0180 0.0316 0.3312
0.1726 0.3007 0.0520 0.6260 0.7354 -0.2593 0.0360 0.3320
0.1934 0.2472 0.0433 0.8517 0.3876 -0.3528 0.0407 0.3330
0.1726 0.1936 0.0520 0.6260 -0.7354 -0.2593 0.1025 0.3316
0.1224 0.1714 0.0728 -0.0435 -0.9989 0.0180 0.0981 0.3308
0.0722 0.1936 0.0936 -0.6707 -0.6878 0.2778 0.0935 0.3299
0.0222 0.2472 -0.0449 -1.0000 0.0000 0.0000 0.0211 0.3423
0.0447 0.3007 -0.0449 -0.7259 0.6878 0.0000 0.0270 0.3412
0.0990 0.3229 -0.0449 -0.0471 0.9989 0.0000 0.0316 0.3403
0.1534 0.3007 -0.0449 0.6776 0.7354 -0.0000 0.0361 0.3394
0.1759 0.2472 -0.0449 0.9218 0.3876 -0.0000 0.0408 0.3385
0.1534 0.1936 -0.0449 0.6776 -0.7354 -0.0000 0.1053 0.3249
0.0990 0.1714 -0.0449 -0.0471 -0.9989 0.0000 0.1015 0.3224
0.0447 0.1936 -0.0449 -0.7259 -0.6878 0.0000 0.0976 0.3198
0.0514 0.2472 -0.1920 -0.9239 0.0000 -0.3827 0.0262 0.3545
0.0722 0.3007 -0.1834 -0.6707 0.6878 -0.2778 0.0312 0.3513
0.1224 0.3229 -0.1626 -0.0435 0.9989 -0.0180 0.0351 0.3487
0.1726 0.3007 -0.1418 0.6260 0.7354 0.2593 0.0389 0.3461
0.1934 0.2472 -0.1331 0.8517 0.3876 0.3528 0.0429 0.3435
0.1726 0.1936 -0.1418 0.6260 -0.7354 0.2593 0.1103 0.3197
0.1224 0.1714 -0.1626 -0.0435 -0.9989 -0.0180 0.1078 0.3160
0.0722 0.1936 -0.1834 -0.6707 -0.6878 -0.2778 0.1052 0.3121
0.1347 0.2472 -0.3167 -0.7071 0.0000 -0.7071 0.0355 0.3639
0.1506 0.3007 -0.3007 -0.5133 0.6878 -0.5133 0.0390 0.3590
0.1891 0.3229 -0.2623 -0.0333 0.9989 -0.0333 0.0416 0.3551
0.2275 0.3007 -0.2239 0.4791 0.7354 0.4791 0.0441 0.3513
0.2434 0.2472 -0.2080 0.6518 0.3876 0.6518 0.0468 0.3474
0.2275 0.1936 -0.2239 0.4791 -0.7354 0.4791 0.1170 0.3169
0.1891 0.1714 -0.2623 -0.0333 -0.9989 -0.0333 0.1161 0.3125
0.1506 0.1936 -0.3007 -0.5133 -0.6878 -0.5133 0.1152 0.3078
0.2594 0.2472 -0.4000 -0.3827 0.0000 -0.9239 0.0478 0.3690
0.2680 0.3007 -0.3792 -0.2778 0.6878 -0.6707 0.0491 0.3632
0.2888 0.3229 -0.3290 -0.0180 0.9989 -0.0435 0.0500 0.3586
0.3096 0.3007 -0.2787 0.2593 0.7354 0.6260 0.0509 0.3541
0.3182 0.2472 -0.2579 0.3528 0.3876 0.8517 0.0519 0.3494
0.3096 0.1936 -0.2787 0.2593 -0.7354 0.6260 0.1243 0.3169
0.2888 0.1714 -0.3290 -0.0180 -0.9989 -0.0435 0.1251 0.3124
0.2680 0.1936 -0.3792 -0.2778 -0.6878 -0.6707 0.1261 0.3078
0.4065 0.2472 -0.4292 0.0000 -0.0000 -1.0000 0.0611 0.3690
0.4065 0.3007 -0.4067 0.0000 0.6878 -0.7259 0.0600 0.3632
0.4065 0.3229 -0.3524 0.0000 0.9989 -0.0471 0.0591 0.3585
0.4065 0.3007 -0.2980 0.0000 0.7354 0.6776 0.0582 0.3541
0.4065 0.2472 -0.2755 0.0000 0.3876 0.9218 0.0573 0.3494
0.4065 0.1936 -0.2980 -0.0000 -0.7354 0.6776 0.1310 0.3197
0.4065 0.1714 -0.3524 -0.0000 -0.9989 -0.0471 0.1335 0.3159
0.4065 0.1936 -0.4067 -0.0000 -0.6878 -0.7259 0.1362 0.3120
0.5535 0.2472 -0.4000 0.3827 -0.0000 -0.9239 0.0733 0.3639
0.5449 0.3007 -0.3792 0.2778 0.6878 -0.6707 0.0701 0.3589
0.5241 0.3229 -0.3290 0.0180 0.9989 -0.0435 0.0674 0.3550
0.5033 0.3007 -0.2787 -0.2593 0.7354 0.6260 0.0649 0.3513
0.4947 0.2472 -0.2579 -0.3528 0.3876 0.8517 0.0623 0.3473
0.5033 0.1936 -0.2787 -0.2593 -0.7354 0.6260 0.1362 0.3249
0.5241 0.1714 -0.3290 0.0180 -0.9989 -0.0435 0.1400 0.3223
0.5449 0.1936 -0.3792 0.2778 -0.6878 -0.6707 0.1439 0.3197
0.6782 0.2472 -0.3167 0.7071 -0.0000 -0.7071 0.0826 0.3545
0.6623 0.3007 -0.3007 0.5133 0.6878 -0.5133 0.0777 0.3511
0.6239 0.3229 -0.2623 0.0333 0.9989 -0.0333 0.0738 0.3485
0.5854 0.3007 -0.2239 -0.4791 0.7354 0.4791 0.0700 0.3461
0.5695 0.2472 -0.2080 -0.6518 0.3876 0.6518 0.0660 0.3434
0.5854 0.1936 -0.2239 -0.4791 -0.7354 0.4791 0.1391 0.3316
0.6239 0.1714 -0.2623 0.0333 -0.9989 -0.0333 0.1435 0.3307
0.6623 0.1936 -0.3007 0.5133 -0.6878 -0.5133 0.1481 0.3298
0.7615 0.2472 -0.1920 0.9239 -0.0000 -0.3827 0.0876 0.3422
0.7407 0.3007 -0.1834 0.6707 0.6878 -0.2778 0.0818 0.3410
0.6905 0.3229 -0.1626 0.0435 0.9989 -0.0180 0.0771 0.3401
0.6403 0.3007 -0.1418 -0.6260 0.7354 0.2593 0.0727 0.3393
0.6195 0.2472 -0.1331 -0.8517 0.3876 0.3528 0.0680 0.3384
0.6403 0.1936 -0.1418 -0.6260 -0.7354 0.2593 0.1391 0.3390
0.6905 0.1714 -0.1626 0.0435 -0.9989 -0.0180 0.1436 0.3398
0.7407 0.1936 -0.1834 0.6707 -0.6878 -0.2778 0.1482 0.3407
0.6680 0.2558 -0.3052 0.0000 1.0000 0.0000 0.0876 0.3020
0.1429 0.2558 -0.3052 0.0000 1.0000 0.0000 0.0499 0.3020
0.6680 0.2558 0.2199 0.0000 1.0000 0.0000 0.0876 0.2644
0.1429 0.2558 0.2199 0.0000 1.0000 0.0000 0.0499 0.2644
0.6680 0.2380 -0.3052 -0.0000 -1.0000 0.0000 0.0876 0.3020
0.1429 0.2380 -0.3052 -0.0000 -1.0000 0.0000 0.1253 0.3020
0.6680 0.2380 0.2199 -0.0000 -1.0000 0.0000 0.0876 0.2643
0.1429 0.2380 0.2199 -0.0000 -1.0000 0.0000 0.1253 0.2643
0.6371 0.2472 -0.0449 -0.9218 -0.3876 -0.0000 0.1324 0.3432
0.6195 0.2472 0.0433 -0.8517 -0.3876 -0.3528 0.1286 0.3471
0.6371 0.2472 -0.0449 -0.9218 -0.3876 -0.0000 0.1324 0.3432
0.7908 0.2472 -0.0449 1.0000 -0.0000 0.0000 0.1491 0.3541
0.7908 0.2472 -0.0449 1.0000 -0.0000 0.0000 0.1491 0.3541
0.7615 0.2472 0.1022 0.9239 -0.0000 0.3827 0.1400 0.3638
0.6195 0.2472 0.0433 -0.8517 -0.3876 -0.3528 0.1286 0.3471
0.5695 0.2472 0.1181 -0.6518 -0.3876 -0.6518 0.1236 0.3492
0.6195 0.2472 0.0433 -0.8517 -0.3876 -0.3528 0.1286 0.3471
0.6782 0.2472 0.2268 0.7071 -0.0000 0.7071 0.1275 0.3689
0.6782 0.2472 0.2268 0.7071 -0.0000 0.7071 0.1275 0.3689
0.7615 0.2472 0.1022 0.9239 -0.0000 0.3827 0.1400 0.3638
0.5695 0.2472 0.1181 -0.6518 -0.3876 -0.6518 0.1236 0.3492
0.4947 0.2472 0.1681 -0.3528 -0.3876 -0.8517 0.1182 0.3492
0.5695 0.2472 0.1181 -0.6518 -0.3876 -0.6518 0.1236 0.3492
0.5535 0.2472 0.3102 0.3827 -0.0000 0.9239 0.1142 0.3690
0.5535 0.2472 0.3102 0.3827 -0.0000 0.9239 0.1142 0.3690
0.6782 0.2472 0.2268 0.7071 -0.0000 0.7071 0.1275 0.3689
0.4947 0.2472 0.1681 -0.3528 -0.3876 -0.8517 0.1182 0.3492
0.4065 0.2472 0.1857 -0.0000 -0.3876 -0.9218 0.1132 0.3471
0.4947 0.2472 0.1681 -0.3528 -0.3876 -0.8517 0.1182 0.3492
0.4065 0.2472 0.3394 0.0000 -0.0000 1.0000 0.1018 0.3637
0.4065 0.2472 0.3394 0.0000 -0.0000 1.0000 0.1018 0.3637
0.5535 0.2472 0.3102 0.3827 -0.0000 0.9239 0.1142 0.3690
0.4065 0.2472 0.1857 -0.0000 -0.3876 -0.9218 0.1132 0.3471
0.3182 0.2472 0.1681 0.3528 -0.3876 -0.8517 0.1094 0.3432
0.4065 0.2472 0.1857 -0.0000 -0.3876 -0.9218 0.1132 0.3471
0.2594 0.2472 0.3102 -0.3827 0.0000 0.9239 0.0925 0.3541
0.2594 0.2472 0.3102 -0.3827 0.0000 0.9239 0.0925 0.3541
0.4065 0.2472 0.3394 0.0000 -0.0000 1.0000 0.1018 0.3637
0.3182 0.2472 0.1681 0.3528 -0.3876 -0.8517 0.1094 0.3432
0.2434 0.2472 0.1181 0.6518 -0.3876 -0.6518 0.1073 0.3380
0.3182 0.2472 0.1681 0.3528 -0.3876 -0.8517 0.1094 0.3432
0.1347 0.2472 0.2268 -0.7071 0.0000 0.7071 0.0876 0.3418
0.1347 0.2472 0.2268 -0.7071 0.0000 0.7071 0.0876 0.3418
0.2594 0.2472 0.3102 -0.3827 0.0000 0.9239 0.0925 0.3541
0.2434 0.2472 0.1181 0.6518 -0.3876 -0.6518 0.1073 0.3380
0.1934 0.2472 0.0433 0.8517 -0.3876 -0.3528 0.1072 0.3325
0.2434 0.2472 0.1181 0.6518 -0.3876 -0.6518 0.1073 0.3380
0.0514 0.2472 0.1022 -0.9239 0.0000 0.3827 0.0877 0.3286
0.0514 0.2472 0.1022 -0.9239 0.0000 0.3827 0.0877 0.3286
0.1347 0.2472 0.2268 -0.7071 0.0000 0.7071 0.0876 0.3418
0.1934 0.2472 0.0433 0.8517 -0.3876 -0.3528 0.1072 0.3325
0.1759 0.2472 -0.0449 0.9218 -0.3876 -0.0000 0.1092 0.3276
0.1934 0.2472 0.0433 0.8517 -0.3876 -0.3528 0.1072 0.3325
0.0222 0.2472 -0.0449 -1.0000 0.0000 0.0000 0.0927 0.3165
0.0222 0.2472 -0.0449 -1.0000 0.0000 0.0000 0.0927 0.3165
0.0514 0.2472 0.1022 -0.9239 0.0000 0.3827 0.0877 0.3286
0.1759 0.2472 -0.0449 0.9218 -0.3876 -0.0000 0.1092 0.3276
0.1934 0.2472 -0.1331 0.8517 -0.3876 0.3528 0.1129 0.3237
0.1759 0.2472 -0.0449 0.9218 -0.3876 -0.0000 0.1092 0.3276
0.0514 0.2472 -0.1920 -0.9239 0.0000 -0.3827 0.1019 0.3071
0.0514 0.2472 -0.1920 -0.9239 0.0000 -0.3827 0.1019 0.3071
0.0222 0.2472 -0.0449 -1.0000 0.0000 0.0000 0.0927 0.3165
0.1934 0.2472 -0.1331 0.8517 -0.3876 0.3528 0.1129 0.3237
0.2434 0.2472 -0.2080 0.6518 -0.3876 0.6518 0.1178 0.3216
0.1934 0.2472 -0.1331 0.8517 -0.3876 0.3528 0.1129 0.3237
0.1347 0.2472 -0.3167 -0.7071 0.0000 -0.7071 0.1141 0.3020
0.1347 0.2472 -0.3167 -0.7071 0.0000 -0.7071 0.1141 0.3020
0.0514 0.2472 -0.1920 -0.9239 0.0000 -0.3827 0.1019 0.3071
0.2434 0.2472 -0.2080 0.6518 -0.3876 0.6518 0.1178 0.3216
0.3182 0.2472 -0.2579 0.3528 -0.3876 0.8517 0.1233 0.3216
0.2434 0.2472 -0.2080 0.6518 -0.3876 0.6518 0.1178 0.3216
0.2594 0.2472 -0.4000 -0.3827 0.0000 -0.9239 0.1273 0.3020
0.2594 0.2472 -0.4000 -0.3827 0.0000 -0.9239 0.1273 0.3020
0.1347 0.2472 -0.3167 -0.7071 0.0000 -0.7071 0.1141 0.3020
0.3182 0.2472 -0.2579 0.3528 -0.3876 0.8517 0.1233 0.3216
0.4065 0.2472 -0.2755 -0.0000 -0.3876 0.9218 0.1283 0.3236
0.3182 0.2472 -0.2579 0.3528 -0.3876 0.8517 0.1233 0.3216
0.4065 0.2472 -0.4292 0.0000 -0.0000 -1.0000 0.1396 0.3071
0.4065 0.2472 -0.4292 0.0000 -0.0000 -1.0000 0.1396 0.3071
0.2594 0.2472 -0.4000 -0.3827 0.0000 -0.9239 0.1273 0.3020
0.4065 0.2472 -0.2755 -0.0000 -0.3876 0.9218 0.1283 0.3236
0.4947 0.2472 -0.2579 -0.3528 -0.3876 0.8517 0.1322 0.3275
0.4065 0.2472 -0.2755 -0.0000 -0.3876 0.9218 0.1283 0.3236
0.5535 0.2472 -0.4000 0.3827 -0.0000 -0.9239 0.1489 0.3164
0.5535 0.2472 -0.4000 0.3827 -0.0000 -0.9239 0.1489 0.3164
0.4065 0.2472 -0.4292 0.0000 -0.0000 -1.0000 0.1396 0.3071
0.4947 0.2472 -0.2579 -0.3528 -0.3876 0.8517 0.1322 0.3275
0.5695 0.2472 -0.2080 -0.6518 -0.3876 0.6518 0.1343 0.3326
0.4947 0.2472 -0.2579 -0.3528 -0.3876 0.8517 0.1322 0.3275
0.6782 0.2472 -0.3167 0.7071 -0.0000 -0.7071 0.1540 0.3287
0.6782 0.2472 -0.3167 0.7071 -0.0000 -0.7071 0.1540 0.3287
0.5535 0.2472 -0.4000 0.3827 -0.0000 -0.9239 0.1489 0.3164
0.5695 0.2472 -0.2080 -0.6518 -0.3876 0.6518 0.1343 0.3326
0.6195 0.2472 -0.1331 -0.8517 -0.3876 0.3528 0.1344 0.3381
0.5695 0.2472 -0.2080 -0.6518 -0.3876 0.6518 0.1343 0.3326
0.7615 0.2472 -0.1920 0.9239 -0.0000 -0.3827 0.1540 0.3419
0.7615 0.2472 -0.1920 0.9239 -0.0000 -0.3827 0.1540 0.3419
0.6782 0.2472 -0.3167 0.7071 -0.0000 -0.7071 0.1540 0.3287
0.6195 0.2472 -0.1331 -0.8517 -0.3876 0.3528 0.1344 0.3381
0.6371 0.2472 -0.0449 -0.9218 -0.3876 -0.0000 0.1324 0.3432
0.6195 0.2472 -0.1331 -0.8517 -0.3876 0.3528 0.1344 0.3381
0.7908 0.2472 -0.0449 1.0000 -0.0000 0.0000 0.1491 0.3541
0.7908 0.2472 -0.0449 1.0000 -0.0000 0.0000 0.1491 0.3541
0.7615 0.2472 -0.1920 0.9239 -0.0000 -0.3827 0.1540 0.3419
0 9 8
0 1 9
1 10 9
1 2 10
2 11 10
2 3 11
3 12 11
3 4 12
136 13 137
138 5 13
5 14 13
5 6 14
6 15 14
6 7 15
139 15 7
140 141 15
8 17 16
8 9 17
9 18 17
9 10 18
10 19 18
10 11 19
11 20 19
11 12 20
142 21 143
144 13 21
13 22 21
13 14 22
14 23 22
14 15 23
15 145 23
15 147 146
16 25 24
16 17 25
17 26 25
17 18 26
18 27 26
18 19 27
19 28 27
19 20 28
148 29 149
150 21 29
21 30 29
21 22 30
22 31 30
22 23 31
23 151 31
23 153 152
24 33 32
24 25 33
25 34 33
25 26 34
26 35 34
26 27 35
27 36 35
27 28 36
154 37 155
156 29 37
29 38 37
29 30 38
30 39 38
30 31 39
31 157 39
31 159 158
32 41 40
32 33 41
33 42 41
33 34 42
34 43 42
34 35 43
35 44 43
35 36 44
160 45 161
162 37 45
37 46 45
37 38 46
38 47 46
38 39 47
39 163 47
39 165 164
40 49 48
40 41 49
41 50 49
41 42 50
42 51 50
42 43 51
43 52 51
43 44 52
166 53 167
168 45 53
45 54 53
45 46 54
46 55 54
46 47 55
47 169 55
47 171 170
48 57 56
48 49 57
49 58 57
49 50 58
50 59 58
50 51 59
51 60 59
51 52 60
172 61 173
174 53 61
53 62 61
53 54 62
54 63 62
54 55 63
55 175 63
55 177 176
56 65 64
56 57 65
57 66 65
57 58 66
58 67 66
58 59 67
59 68 67
59 60 68
178 69 179
180 61 69
61 70 69
61 62 70
62 71 70
62 63 71
63 181 71
63 183 182
64 73 72
64 65 73
65 74 73
65 66 74
66 75 74
66 67 75
67 76 75
67 68 76
184 77 185
186 69 77
69 78 77
69 70 78
70 79 78
70 71 79
71 187 79
71 189 188
72 81 80
72 73 81
73 82 81
73 74 82
74 83 82
74 75 83
75 84 83
75 76 84
190 85 191
192 77 85
77 86 85
77 78 86
78 87 86
78 79 87
79 193 87
79 195 194
80 89 88
80 81 89
81 90 89
81 82 90
82 91 90
82 83 91
83 92 91
83 84 92
196 93 197
198 85 93
85 94 93
85 86 94
86 95 94
86 87 95
87 199 95
87 201 200
88 97 96
88 89 97
89 98 97
89 90 98
90 99 98
90 91 99
91 100 99
91 92 100
202 101 203
204 93 101
93 102 101
93 94 102
94 103 102
94 95 103
95 205 103
95 207 206
96 105 104
96 97 105
97 106 105
97 98 106
98 107 106
98 99 107
99 108 107
99 100 108
208 109 209
210 101 109
101 110 109
101 102 110
102 111 110
102 103 111
103 211 111
103 213 212
104 113 112
104 105 113
105 114 113
105 106 114
106 115 114
106 107 115
107 116 115
107 108 116
214 117 215
216 109 117
109 118 117
109 110 118
110 119 118
110 111 119
111 217 119
111 219 218
112 121 120
112 113 121
113 122 121
113 114 122
114 123 122
114 115 123
115 124 123
115 116 124
220 125 221
222 117 125
117 126 125
117 118 126
118 127 126
118 119 127
119 223 127
119 225 224
120 1 0
120 121 1
121 2 1
121 122 2
122 3 2
122 123 3
123 4 3
123 124 4
226 5 227
228 125 5
125 6 5
125 126 6
126 7 6
126 127 7
127 229 7
127 231 230
129 130 128
129 131 130
133 134 135
133 132 134
LABEL LGLWheel3
MATERIAL 2
TEXTURE 2
FLAG 0
GEOM 232 260
0.7908 0.2472 -0.0449 1.0000 -0.0000 0.0000 0.8903 0.6013
0.7683 0.3007 -0.0449 0.7259 0.6878 -0.0000 0.8882 0.6017
0.7139 0.3229 -0.0449 0.0471 0.9989 -0.0000 0.8865 0.6020
0.6596 0.3007 -0.0449 -0.6776 0.7354 -0.0000 0.8849 0.6024
0.6371 0.2472 -0.0449 -0.9218 0.3876 -0.0000 0.8832 0.6027
0.6596 0.1936 -0.0449 -0.6776 -0.7354 -0.0000 0.8872 0.6123
0.7139 0.1714 -0.0449 0.0471 -0.9989 -0.0000 0.8886 0.6132
0.7683 0.1936 -0.0449 0.7259 -0.6878 0.0000 0.8900 0.6141
0.7615 0.2472 0.1022 0.9239 -0.0000 0.3827 0.8885 0.5970
0.7407 0.3007 0.0936 0.6707 0.6878 0.2778 0.8867 0.5981
0.6905 0.3229 0.0728 0.0435 0.9989 0.0180 0.8853 0.5990
0.6403 0.3007 0.0520 -0.6260 0.7354 -0.2593 0.8839 0.5999
0.6195 0.2472 0.0433 -0.8517 0.3876 -0.3528 0.8825 0.6008
0.6403 0.1936 0.0520 -0.6260 -0.7354 -0.2593 0.8854 0.6142
0.6905 0.1714 0.0728 0.0435 -0.9989 0.0180 0.8863 0.6155
0.7407 0.1936 0.0936 0.6707 -0.6878 0.2778 0.8873 0.6169
0.6782 0.2472 0.2268 0.7071 -0.0000 0.7071 0.8852 0.5936
0.6623 0.3007 0.2109 0.5133 0.6878 0.5133 0.8840 0.5954
0.6239 0.3229 0.1725 0.0333 0.9989 0.0333 0.8830 0.5968
0.5854 0.3007 0.1341 -0.4791 0.7354 -0.4791 0.8821 0.5981
0.5695 0.2472 0.1181 -0.6518 0.3876 -0.6518 0.8811 0.5995
0.5854 0.1936 0.1341 -0.4791 -0.7354 -0.4791 0.8830 0.6152
0.6239 0.1714 0.1725 0.0333 -0.9989 0.0333 0.8833 0.6168
0.6623 0.1936 0.2109 0.5133 -0.6878 0.5133 0.8837 0.6185
0.5535 0.2472 0.3102 0.3827 -0.0000 0.9239 0.8808 0.5918
0.5449 0.3007 0.2894 0.2778 0.6878 0.6707 0.8804 0.5939
0.5241 0.3229 0.2391 0.0180 0.9989 0.0435 0.8800 0.5955
0.5033 0.3007 0.1889 -0.2593 0.7354 -0.6260 0.8797 0.5971
0.4947 0.2472 0.1681 -0.3528 0.3876 -0.8517 0.8794 0.5987
0.5033 0.1936 0.1889 -0.2593 -0.7354 -0.6260 0.8804 0.6152
0.5241 0.1714 0.2391 0.0180 -0.9989 0.0435 0.8801 0.6167
0.5449 0.1936 0.2894 0.2778 -0.6878 0.6707 0.8798 0.6184
0.4065 0.2472 0.3394 0.0000 -0.0000 1.0000 0.8760 0.5917
0.4065 0.3007 0.3169 0.0000 0.6878 0.7259 0.8765 0.5939
0.4065 0.3229 0.2625 0.0000 0.9989 0.0471 0.8768 0.5955
0.4065 0.3007 0.2082 0.0000 0.7354 -0.6776 0.8771 0.5971
0.4065 0.2472 0.1857 -0.0000 0.3876 -0.9218 0.8775 0.5988
0.4065 0.1936 0.2082 -0.0000 -0.7354 -0.6776 0.8780 0.6142
0.4065 0.1714 0.2625 -0.0000 -0.9989 0.0471 0.8771 0.6155
0.4065 0.1936 0.3169 -0.0000 -0.6878 0.7259 0.8762 0.6169
0.2594 0.2472 0.3102 -0.3827 0.0000 0.9239 0.8717 0.5937
0.2680 0.3007 0.2894 -0.2778 0.6878 0.6707 0.8729 0.5954
0.2888 0.3229 0.2391 -0.0180 0.9989 0.0435 0.8738 0.5968
0.3096 0.3007 0.1889 0.2593 0.7354 -0.6260 0.8747 0.5981
0.3182 0.2472 0.1681 0.3528 0.3876 -0.8517 0.8757 0.5995
0.3096 0.1936 0.1889 0.2593 -0.7354 -0.6260 0.8762 0.6123
0.2888 0.1714 0.2391 -0.0180 -0.9989 0.0435 0.8749 0.6132
0.2680 0.1936 0.2894 -0.2778 -0.6878 0.6707 0.8735 0.6141
0.1347 0.2472 0.2268 -0.7071 0.0000 0.7071 0.8684 0.5970
0.1506 0.3007 0.2109 -0.5133 0.6878 0.5133 0.8702 0.5982
0.1891 0.3229 0.1725 -0.0333 0.9989 0.0333 0.8716 0.5991
0.2275 0.3007 0.1341 0.4791 0.7354 -0.4791 0.8729 0.6000
0.2434 0.2472 0.1181 0.6518 0.3876 -0.6518 0.8743 0.6009
0.2275 0.1936 0.1341 0.4791 -0.7354 -0.4791 0.8752 0.6099
0.1891 0.1714 0.1725 -0.0333 -0.9989 0.0333 0.8736 0.6102
0.1506 0.1936 0.2109 -0.5133 -0.6878 0.5133 0.8720 0.6105
0.0514 0.2472 0.1022 -0.9239 0.0000 0.3827 0.8666 0.6013
0.0722 0.3007 0.0936 -0.6707 0.6878 0.2778 0.8687 0.6018
0.1224 0.3229 0.0728 -0.0435 0.9989 0.0180 0.8704 0.6021
0.1726 0.3007 0.0520 0.6260 0.7354 -0.2593 0.8720 0.6024
0.1934 0.2472 0.0433 0.8517 0.3876 -0.3528 0.8736 0.6027
0.1726 0.1936 0.0520 0.6260 -0.7354 -0.2593 0.8752 0.6073
0.1224 0.1714 0.0728 -0.0435 -0.9989 0.0180 0.8736 0.6070
0.0722 0.1936 0.0936 -0.6707 -0.6878 0.2778 0.8720 0.6066
0.0222 0.2472 -0.0449 -1.0000 0.0000 0.0000 0.8666 0.6060
0.0447 0.3007 -0.0449 -0.7259 0.6878 0.0000 0.8687 0.6057
0.0990 0.3229 -0.0449 -0.0471 0.9989 0.0000 0.8704 0.6053
0.1534 0.3007 -0.0449 0.6776 0.7354 -0.0000 0.8720 0.6050
0.1759 0.2472 -0.0449 0.9218 0.3876 -0.0000 0.8737 0.6047
0.1534 0.1936 -0.0449 0.6776 -0.7354 -0.0000 0.8762 0.6049
0.0990 0.1714 -0.0449 -0.0471 -0.9989 0.0000 0.8748 0.6040
0.0447 0.1936 -0.0449 -0.7259 -0.6878 0.0000 0.8734 0.6031
0.0514 0.2472 -0.1920 -0.9239 0.0000 -0.3827 0.8684 0.6104
0.0722 0.3007 -0.1834 -0.6707 0.6878 -0.2778 0.8702 0.6092
0.1224 0.3229 -0.1626 -0.0435 0.9989 -0.0180 0.8716 0.6083
0.1726 0.3007 -0.1418 0.6260 0.7354 0.2593 0.8730 0.6074
0.1934 0.2472 -0.1331 0.8517 0.3876 0.3528 0.8744 0.6065
0.1726 0.1936 -0.1418 0.6260 -0.7354 0.2593 0.8780 0.6030
0.1224 0.1714 -0.1626 -0.0435 -0.9989 -0.0180 0.8771 0.6017
0.0722 0.1936 -0.1834 -0.6707 -0.6878 -0.2778 0.8761 0.6003
0.1347 0.2472 -0.3167 -0.7071 0.0000 -0.7071 0.8718 0.6137
0.1506 0.3007 -0.3007 -0.5133 0.6878 -0.5133 0.8730 0.6120
0.1891 0.3229 -0.2623 -0.0333 0.9989 -0.0333 0.8739 0.6106
0.2275 0.3007 -0.2239 0.4791 0.7354 0.4791 0.8748 0.6093
0.2434 0.2472 -0.2080 0.6518 0.3876 0.6518 0.8758 0.6079
0.2275 0.1936 -0.2239 0.4791 -0.7354 0.4791 0.8803 0.6020
0.1891 0.1714 -0.2623 -0.0333 -0.9989 -0.0333 0.8800 0.6004
0.1506 0.1936 -0.3007 -0.5133 -0.6878 -0.5133 0.8797 0.5988
0.2594 0.2472 -0.4000 -0.3827 0.0000 -0.9239 0.8761 0.6156
0.2680 0.3007 -0.3792 -0.2778 0.6878 -0.6707 0.8766 0.6135
0.2888 0.3229 -0.3290 -0.0180 0.9989 -0.0435 0.8769 0.6118
0.3096 0.3007 -0.2787 0.2593 0.7354 0.6260 0.8772 0.6103
0.3182 0.2472 -0.2579 0.3528 0.3876 0.8517 0.8776 0.6086
0.3096 0.1936 -0.2787 0.2593 -0.7354 0.6260 0.8829 0.6020
0.2888 0.1714 -0.3290 -0.0180 -0.9989 -0.0435 0.8832 0.6004
0.2680 0.1936 -0.3792 -0.2778 -0.6878 -0.6707 0.8836 0.5988
0.4065 0.2472 -0.4292 0.0000 -0.0000 -1.0000 0.8809 0.6156
0.4065 0.3007 -0.4067 0.0000 0.6878 -0.7259 0.8805 0.6135
0.4065 0.3229 -0.3524 0.0000 0.9989 -0.0471 0.8802 0.6118
0.4065 0.3007 -0.2980 0.0000 0.7354 0.6776 0.8798 0.6102
0.4065 0.2472 -0.2755 0.0000 0.3876 0.9218 0.8795 0.6086
0.4065 0.1936 -0.2980 -0.0000 -0.7354 0.6776 0.8853 0.6030
0.4065 0.1714 -0.3524 -0.0000 -0.9989 -0.0471 0.8862 0.6017
0.4065 0.1936 -0.4067 -0.0000 -0.6878 -0.7259 0.8872 0.6003
0.5535 0.2472 -0.4000 0.3827 -0.0000 -0.9239 0.8852 0.6137
0.5449 0.3007 -0.3792 0.2778 0.6878 -0.6707 0.8841 0.6120
0.5241 0.3229 -0.3290 0.0180 0.9989 -0.0435 0.8831 0.6106
0.5033 0.3007 -0.2787 -0.2593 0.7354 0.6260 0.8822 0.6092
0.4947 0.2472 -0.2579 -0.3528 0.3876 0.8517 0.8813 0.6078
0.5033 0.1936 -0.2787 -0.2593 -0.7354 0.6260 0.8872 0.6049
0.5241 0.1714 -0.3290 0.0180 -0.9989 -0.0435 0.8885 0.6039
0.5449 0.1936 -0.3792 0.2778 -0.6878 -0.6707 0.8899 0.6030
0.6782 0.2472 -0.3167 0.7071 -0.0000 -0.7071 0.8885 0.6104
0.6623 0.3007 -0.3007 0.5133 0.6878 -0.5133 0.8868 0.6092
0.6239 0.3229 -0.2623 0.0333 0.9989 -0.0333 0.8854 0.6083
0.5854 0.3007 -0.2239 -0.4791 0.7354 0.4791 0.8840 0.6074
0.5695 0.2472 -0.2080 -0.6518 0.3876 0.6518 0.8826 0.6065
0.5854 0.1936 -0.2239 -0.4791 -0.7354 0.4791 0.8882 0.6073
0.6239 0.1714 -0.2623 0.0333 -0.9989 -0.0333 0.8898 0.6069
0.6623 0.1936 -0.3007 0.5133 -0.6878 -0.5133 0.8914 0.6066
0.7615 0.2472 -0.1920 0.9239 -0.0000 -0.3827 0.8903 0.6060
0.7407 0.3007 -0.1834 0.6707 0.6878 -0.2778 0.8882 0.6056
0.6905 0.3229 -0.1626 0.0435 0.9989 -0.0180 0.8866 0.6053
0.6403 0.3007 -0.1418 -0.6260 0.7354 0.2593 0.8850 0.6050
0.6195 0.2472 -0.1331 -0.8517 0.3876 0.3528 0.8833 0.6047
0.6403 0.1936 -0.1418 -0.6260 -0.7354 0.2593 0.8882 0.6099
0.6905 0.1714 -0.1626 0.0435 -0.9989 -0.0180 0.8898 0.6102
0.7407 0.1936 -0.1834 0.6707 -0.6878 -0.2778 0.8914 0.6105
0.6680 0.2558 -0.3052 0.0000 1.0000 0.0000 0.8903 0.6111
0.1429 0.2558 -0.3052 0.0000 1.0000 0.0000 0.8751 0.6111
0.6680 0.2558 0.2199 0.0000 1.0000 0.0000 0.8903 0.5960
0.1429 0.2558 0.2199 0.0000 1.0000 0.0000 0.8751 0.5960
0.6680 0.2380 -0.3052 -0.0000 -1.0000 0.0000 0.8760 0.6100
0.1429 0.2380 -0.3052 -0.0000 -1.0000 0.0000 0.8911 0.6100
0.6680 0.2380 0.2199 -0.0000 -1.0000 0.0000 0.8760 0.5948
0.1429 0.2380 0.2199 -0.0000 -1.0000 0.0000 0.8911 0.5948
0.6371 0.2472 -0.0449 -0.9218 -0.3876 -0.0000 0.8858 0.6114
0.6195 0.2472 0.0433 -0.8517 -0.3876 -0.3528 0.8845 0.6128
0.6371 0.2472 -0.0449 -0.9218 -0.3876 -0.0000 0.8858 0.6114
0.7908 0.2472 -0.0449 1.0000 -0.0000 0.0000 0.8918 0.6152
0.7908 0.2472 -0.0449 1.0000 -0.0000 0.0000 0.8918 0.6152
0.7615 0.2472 0.1022 0.9239 -0.0000 0.3827 0.8885 0.6187
0.6195 0.2472 0.0433 -0.8517 -0.3876 -0.3528 0.8845 0.6128
0.5695 0.2472 0.1181 -0.6518 -0.3876 -0.6518 0.8827 0.6135
0.6195 0.2472 0.0433 -0.8517 -0.3876 -0.3528 0.8845 0.6128
0.6782 0.2472 0.2268 0.7071 -0.0000 0.7071 0.8841 0.6205
0.6782 0.2472 0.2268 0.7071 -0.0000 0.7071 0.8841 0.6205
0.7615 0.2472 0.1022 0.9239 -0.0000 0.3827 0.8885 0.6187
0.5695 0.2472 0.1181 -0.6518 -0.3876 -0.6518 0.8827 0.6135
0.4947 0.2472 0.1681 -0.3528 -0.3876 -0.8517 0.8808 0.6135
0.5695 0.2472 0.1181 -0.6518 -0.3876 -0.6518 0.8827 0.6135
0.5535 0.2472 0.3102 0.3827 -0.0000 0.9239 0.8793 0.6206
0.5535 0.2472 0.3102 0.3827 -0.0000 0.9239 0.8793 0.6206
0.6782 0.2472 0.2268 0.7071 -0.0000 0.7071 0.8841 0.6205
0.4947 0.2472 0.1681 -0.3528 -0.3876 -0.8517 0.8808 0.6135
0.4065 0.2472 0.1857 -0.0000 -0.3876 -0.9218 0.8790 0.6128
0.4947 0.2472 0.1681 -0.3528 -0.3876 -0.8517 0.8808 0.6135
0.4065 0.2472 0.3394 0.0000 -0.0000 1.0000 0.8749 0.6186
0.4065 0.2472 0.3394 0.0000 -0.0000 1.0000 0.8749 0.6186
0.5535 0.2472 0.3102 0.3827 -0.0000 0.9239 0.8793 0.6206
0.4065 0.2472 0.1857 -0.0000 -0.3876 -0.9218 0.8790 0.6128
0.3182 0.2472 0.1681 0.3528 -0.3876 -0.8517 0.8777 0.6114
0.4065 0.2472 0.1857 -0.0000 -0.3876 -0.9218 0.8790 0.6128
0.2594 0.2472 0.3102 -0.3827 0.0000 0.9239 0.8717 0.6152
0.2594 0.2472 0.3102 -0.3827 0.0000 0.9239 0.8717 0.6152
0.4065 0.2472 0.3394 0.0000 -0.0000 1.0000 0.8749 0.6186
0.3182 0.2472 0.1681 0.3528 -0.3876 -0.8517 0.8777 0.6114
0.2434 0.2472 0.1181 0.6518 -0.3876 -0.6518 0.8769 0.6095
0.3182 0.2472 0.1681 0.3528 -0.3876 -0.8517 0.8777 0.6114
0.1347 0.2472 0.2268 -0.7071 0.0000 0.7071 0.8699 0.6109
0.1347 0.2472 0.2268 -0.7071 0.0000 0.7071 0.8699 0.6109
0.2594 0.2472 0.3102 -0.3827 0.0000 0.9239 0.8717 0.6152
0.2434 0.2472 0.1181 0.6518 -0.3876 -0.6518 0.8769 0.6095
0.1934 0.2472 0.0433 0.8517 -0.3876 -0.3528 0.8769 0.6076
0.2434 0.2472 0.1181 0.6518 -0.3876 -0.6518 0.8769 0.6095
0.0514 0.2472 0.1022 -0.9239 0.0000 0.3827 0.8699 0.6062
0.0514 0.2472 0.1022 -0.9239 0.0000 0.3827 0.8699 0.6062
0.1347 0.2472 0.2268 -0.7071 0.0000 0.7071 0.8699 0.6109
0.1934 0.2472 0.0433 0.8517 -0.3876 -0.3528 0.8769 0.6076
0.1759 0.2472 -0.0449 0.9218 -0.3876 -0.0000 0.8776 0.6058
0.1934 0.2472 0.0433 0.8517 -0.3876 -0.3528 0.8769 0.6076
0.0222 0.2472 -0.0449 -1.0000 0.0000 0.0000 0.8717 0.6019
0.0222 0.2472 -0.0449 -1.0000 0.0000 0.0000 0.8717 0.6019
0.0514 0.2472 0.1022 -0.9239 0.0000 0.3827 0.8699 0.6062
0.1759 0.2472 -0.0449 0.9218 -0.3876 -0.0000 0.8776 0.6058
0.1934 0.2472 -0.1331 0.8517 -0.3876 0.3528 0.8789 0.6044
0.1759 0.2472 -0.0449 0.9218 -0.3876 -0.0000 0.8776 0.6058
0.0514 0.2472 -0.1920 -0.9239 0.0000 -0.3827 0.8750 0.5985
0.0514 0.2472 -0.1920 -0.9239 0.0000 -0.3827 0.8750 0.5985
0.0222 0.2472 -0.0449 -1.0000 0.0000 0.0000 0.8717 0.6019
0.1934 0.2472 -0.1331 0.8517 -0.3876 0.3528 0.8789 0.6044
0.2434 0.2472 -0.2080 0.6518 -0.3876 0.6518 0.8806 0.6037
0.1934 0.2472 -0.1331 0.8517 -0.3876 0.3528 0.8789 0.6044
0.1347 0.2472 -0.3167 -0.7071 0.0000 -0.7071 0.8793 0.5967
0.1347 0.2472 -0.3167 -0.7071 0.0000 -0.7071 0.8793 0.5967
0.0514 0.2472 -0.1920 -0.9239 0.0000 -0.3827 0.8750 0.5985
0.2434 0.2472 -0.2080 0.6518 -0.3876 0.6518 0.8806 0.6037
0.3182 0.2472 -0.2579 0.3528 -0.3876 0.8517 0.8826 0.6037
0.2434 0.2472 -0.2080 0.6518 -0.3876 0.6518 0.8806 0.6037
0.2594 0.2472 -0.4000 -0.3827 0.0000 -0.9239 0.8840 0.5967
0.2594 0.2472 -0.4000 -0.3827 0.0000 -0.9239 0.8840 0.5967
0.1347 0.2472 -0.3167 -0.7071 0.0000 -0.7071 0.8793 0.5967
0.3182 0.2472 -0.2579 0.3528 -0.3876 0.8517 0.8826 0.6037
0.4065 0.2472 -0.2755 -0.0000 -0.3876 0.9218 0.8844 0.6044
0.3182 0.2472 -0.2579 0.3528 -0.3876 0.8517 0.8826 0.6037
0.4065 0.2472 -0.4292 0.0000 -0.0000 -1.0000 0.8884 0.5985
0.4065 0.2472 -0.4292 0.0000 -0.0000 -1.0000 0.8884 0.5985
0.2594 0.2472 -0.4000 -0.3827 0.0000 -0.9239 0.8840 0.5967
0.4065 0.2472 -0.2755 -0.0000 -0.3876 0.9218 0.8844 0.6044
0.4947 0.2472 -0.2579 -0.3528 -0.3876 0.8517 0.8857 0.6058
0.4065 0.2472 -0.2755 -0.0000 -0.3876 0.9218 0.8844 0.6044
0.5535 0.2472 -0.4000 0.3827 -0.0000 -0.9239 0.8917 0.6019
0.5535 0.2472 -0.4000 0.3827 -0.0000 -0.9239 0.8917 0.6019
0.4065 0.2472 -0.4292 0.0000 -0.0000 -1.0000 0.8884 0.5985
0.4947 0.2472 -0.2579 -0.3528 -0.3876 0.8517 0.8857 0.6058
0.5695 0.2472 -0.2080 -0.6518 -0.3876 0.6518 0.8865 0.6076
0.4947 0.2472 -0.2579 -0.3528 -0.3876 0.8517 0.8857 0.6058
0.6782 0.2472 -0.3167 0.7071 -0.0000 -0.7071 0.8935 0.6062
0.6782 0.2472 -0.3167 0.7071 -0.0000 -0.7071 0.8935 0.6062
0.5535 0.2472 -0.4000 0.3827 -0.0000 -0.9239 0.8917 0.6019
0.5695 0.2472 -0.2080 -0.6518 -0.3876 0.6518 0.8865 0.6076
0.6195 0.2472 -0.1331 -0.8517 -0.3876 0.3528 0.8865 0.6095
0.5695 0.2472 -0.2080 -0.6518 -0.3876 0.6518 0.8865 0.6076
0.7615 0.2472 -0.1920 0.9239 -0.0000 -0.3827 0.8935 0.6109
0.7615 0.2472 -0.1920 0.9239 -0.0000 -0.3827 0.8935 0.6109
0.6782 0.2472 -0.3167 0.7071 -0.0000 -0.7071 0.8935 0.6062
0.6195 0.2472 -0.1331 -0.8517 -0.3876 0.3528 0.8865 0.6095
0.6371 0.2472 -0.0449 -0.9218 -0.3876 -0.0000 0.8858 0.6114
0.6195 0.2472 -0.1331 -0.8517 -0.3876 0.3528 0.8865 0.6095
0.7908 0.2472 -0.0449 1.0000 -0.0000 0.0000 0.8918 0.6152
0.7908 0.2472 -0.0449 1.0000 -0.0000 0.0000 0.8918 0.6152
0.7615 0.2472 -0.1920 0.9239 -0.0000 -0.3827 0.8935 0.6109
0 9 8
0 1 9
1 10 9
1 2 10
2 11 10
2 3 11
3 12 11
3 4 12
136 13 137
138 5 13
5 14 13
5 6 14
6 15 14
6 7 15
139 15 7
140 141 15
8 17 16
8 9 17
9 18 17
9 10 18
10 19 18
10 11 19
11 20 19
11 12 20
142 21 143
144 13 21
13 22 21
13 14 22
14 23 22
14 15 23
15 145 23
15 147 146
16 25 24
16 17 25
17 26 25
17 18 26
18 27 26
18 19 27
19 28 27
19 20 28
148 29 149
150 21 29
21 30 29
21 22 30
22 31 30
22 23 31
23 151 31
23 153 152
24 33 32
24 25 33
25 34 33
25 26 34
26 35 34
26 27 35
27 36 35
27 28 36
154 37 155
156 29 37
29 38 37
29 30 38
30 39 38
30 31 39
31 157 39
31 159 158
32 41 40
32 33 41
33 42 41
33 34 42
34 43 42
34 35 43
35 44 43
35 36 44
160 45 161
162 37 45
37 46 45
37 38 46
38 47 46
38 39 47
39 163 47
39 165 164
40 49 48
40 41 49
41 50 49
41 42 50
42 51 50
42 43 51
43 52 51
43 44 52
166 53 167
168 45 53
45 54 53
45 46 54
46 55 54
46 47 55
47 169 55
47 171 170
48 57 56
48 49 57
49 58 57
49 50 58
50 59 58
50 51 59
51 60 59
51 52 60
172 61 173
174 53 61
53 62 61
53 54 62
54 63 62
54 55 63
55 175 63
55 177 176
56 65 64
56 57 65
57 66 65
57 58 66
58 67 66
58 59 67
59 68 67
59 60 68
178 69 179
180 61 69
61 70 69
61 62 70
62 71 70
62 63 71
63 181 71
63 183 182
64 73 72
64 65 73
65 74 73
65 66 74
66 75 74
66 67 75
67 76 75
67 68 76
184 77 185
186 69 77
69 78 77
69 70 78
70 79 78
70 71 79
71 187 79
71 189 188
72 81 80
72 73 81
73 82 81
73 74 82
74 83 82
74 75 83
75 84 83
75 76 84
190 85 191
192 77 85
77 86 85
77 78 86
78 87 86
78 79 87
79 193 87
79 195 194
80 89 88
80 81 89
81 90 89
81 82 90
82 91 90
82 83 91
83 92 91
83 84 92
196 93 197
198 85 93
85 94 93
85 86 94
86 95 94
86 87 95
87 199 95
87 201 200
88 97 96
88 89 97
89 98 97
89 90 98
90 99 98
90 91 99
91 100 99
91 92 100
202 101 203
204 93 101
93 102 101
93 94 102
94 103 102
94 95 103
95 205 103
95 207 206
96 105 104
96 97 105
97 106 105
97 98 106
98 107 106
98 99 107
99 108 107
99 100 108
208 109 209
210 101 109
101 110 109
101 102 110
102 111 110
102 103 111
103 211 111
103 213 212
104 113 112
104 105 113
105 114 113
105 106 114
106 115 114
106 107 115
107 116 115
107 108 116
214 117 215
216 109 117
109 118 117
109 110 118
110 119 118
110 111 119
111 217 119
111 219 218
112 121 120
112 113 121
113 122 121
113 114 122
114 123 122
114 115 123
115 124 123
115 116 124
220 125 221
222 117 125
117 126 125
117 118 126
118 127 126
118 119 127
119 223 127
119 225 224
120 1 0
120 121 1
121 2 1
121 122 2
122 3 2
122 123 3
123 4 3
123 124 4
226 5 227
228 125 5
125 6 5
125 126 6
126 7 6
126 127 7
127 229 7
127 231 230
129 130 128
129 131 130
133 134 135
133 132 134
LABEL LGCrossP
MATERIAL 3
TEXTURE 0
FLAG 0
GEOM 40 16
0.1218 -0.0000 -0.4389 0.9239 0.3827 0.0000
0.1218 -0.0000 0.4389 0.9239 0.3827 0.0000
0.0861 0.0861 -0.4389 0.9239 0.3827 0.0000
0.0861 0.0861 0.4389 0.9239 0.3827 0.0000
0.0000 0.1218 -0.4389 0.3827 0.9239 0.0000
0.0000 0.1218 0.4389 0.3827 0.9239 0.0000
-0.0861 0.0861 -0.4389 -0.3827 0.9239 -0.0000
-0.0861 0.0861 0.4389 -0.3827 0.9239 -0.0000
-0.1218 0.0000 -0.4389 -0.9239 0.3827 -0.0000
-0.1218 0.0000 0.4389 -0.9239 0.3827 -0.0000
-0.0861 -0.0861 -0.4389 -0.9239 -0.3827 -0.0000
-0.0861 -0.0861 0.4389 -0.9239 -0.3827 -0.0000
-0.0000 -0.1218 -0.4389 -0.3827 -0.9239 -0.0000
-0.0000 -0.1218 0.4389 -0.3827 -0.9239 -0.0000
0.0861 -0.0861 -0.4389 0.3827 -0.9239 0.0000
0.0861 -0.0861 0.4389 0.3827 -0.9239 0.0000
0.0861 0.0861 -0.4389 0.3827 0.9239 0.0000
0.0861 0.0861 0.4389 0.3827 0.9239 0.0000
0.0861 0.0861 -0.4389 0.3827 0.9239 0.0000
0.0000 0.1218 -0.4389 -0.3827 0.9239 -0.0000
0.0000 0.1218 0.4389 -0.3827 0.9239 -0.0000
0.0000 0.1218 -0.4389 -0.3827 0.9239 -0.0000
-0.0861 0.0861 -0.4389 -0.9239 0.3827 -0.0000
-0.0861 0.0861 0.4389 -0.9239 0.3827 -0.0000
-0.0861 0.0861 -0.4389 -0.9239 0.3827 -0.0000
-0.1218 0.0000 -0.4389 -0.9239 -0.3827 -0.0000
-0.1218 0.0000 0.4389 -0.9239 -0.3827 -0.0000
-0.1218 0.0000 -0.4389 -0.9239 -0.3827 -0.0000
-0.0861 -0.0861 -0.4389 -0.3827 -0.9239 -0.0000
-0.0861 -0.0861 0.4389 -0.3827 -0.9239 -0.0000
-0.0861 -0.0861 -0.4389 -0.3827 -0.9239 -0.0000
-0.0000 -0.1218 -0.4389 0.3827 -0.9239 0.0000
-0.0000 -0.1218 0.4389 0.3827 -0.9239 0.0000
-0.0000 -0.1218 -0.4389 0.3827 -0.9239 0.0000
0.0861 -0.0861 -0.4389 0.9239 -0.3827 0.0000
0.0861 -0.0861 0.4389 0.9239 -0.3827 0.0000
0.1218 -0.0000 0.4389 0.9239 -0.3827 0.0000
0.0861 -0.0861 -0.4389 0.9239 -0.3827 0.0000
0.1218 -0.0000 0.4389 0.9239 -0.3827 0.0000
0.1218 -0.0000 -0.4389 0.9239 -0.3827 0.0000
0 3 1
0 2 3
16 5 17
18 4 5
19 7 20
21 6 7
22 9 23
24 8 9
25 11 26
27 10 11
28 13 29
30 12 13
31 15 32
33 14 15
34 36 35
37 39 38
LABEL LGLArm
MATERIAL 3
TEXTURE 0
FLAG 0
GEOM 48 32
-0.3808 0.0000 0.0863 0.0000 0.0000 1.0000
-0.3808 0.0610 0.0610 0.0000 0.7071 0.7071
-0.3808 0.0863 -0.0000 0.0000 1.0000 -0.0000
-0.3808 0.0610 -0.0610 0.0000 0.7071 -0.7071
-0.3808 0.0000 -0.0863 0.0000 -0.0000 -1.0000
-0.3808 -0.0610 -0.0610 -0.0000 -0.7071 -0.7071
-0.3808 -0.0863 0.0000 -0.0000 -1.0000 0.0000
-0.3808 -0.0610 0.0610 -0.0000 -0.7071 0.7071
-1.2742 0.0000 0.0863 0.0000 0.0000 1.0000
-1.2742 0.0610 0.0610 0.0000 0.7071 0.7071
-1.2742 0.0863 -0.0000 0.0000 1.0000 -0.0000
-1.2742 0.0610 -0.0610 0.0000 0.7071 -0.7071
-1.2742 0.0000 -0.0863 0.0000 0.0000 -1.0000
-1.2742 -0.0610 -0.0610 -0.0000 -0.7071 -0.7071
-1.2742 -0.0863 0.0000 -0.0000 -1.0000 0.0000
-1.2742 -0.0610 0.0610 -0.0000 -0.7071 0.7071
-0.3808 0.0000 0.0606 1.0000 -0.0000 0.0000
-0.3808 0.0429 0.0429 1.0000 -0.0000 -0.0000
-0.3808 0.0606 -0.0000 1.0000 -0.0000 -0.0000
-0.3808 0.0429 -0.0429 1.0000 -0.0000 0.0000
-0.3808 0.0000 -0.0606 1.0000 -0.0000 0.0000
-0.3808 -0.0429 -0.0429 1.0000 -0.0000 0.0000
-0.3808 -0.0606 0.0000 1.0000 -0.0000 0.0000
-0.3808 -0.0429 0.0429 1.0000 -0.0000 0.0000
-0.3808 0.0000 -0.0863 1.0000 -0.0000 0.0000
-0.3808 -0.0610 -0.0610 1.0000 -0.0000 0.0000
-0.3808 0.0000 -0.0863 1.0000 -0.0000 0.0000
-0.3808 0.0610 -0.0610 1.0000 -0.0000 0.0000
-0.3808 0.0000 -0.0863 1.0000 -0.0000 0.0000
-0.3808 0.0610 -0.0610 1.0000 -0.0000 0.0000
-0.3808 -0.0610 0.0610 1.0000 -0.0000 0.0000
-0.3808 0.0000 0.0863 1.0000 -0.0000 0.0000
-0.3808 -0.0610 0.0610 1.0000 -0.0000 0.0000
-0.3808 0.0863 -0.0000 1.0000 -0.0000 -0.0000
-0.3808 0.0610 -0.0610 1.0000 -0.0000 0.0000
-0.3808 0.0863 -0.0000 1.0000 -0.0000 -0.0000
-0.3808 -0.0863 0.0000 1.0000 -0.0000 0.0000
-0.3808 -0.0610 0.0610 1.0000 -0.0000 0.0000
-0.3808 -0.0863 0.0000 1.0000 -0.0000 0.0000
-0.3808 0.0610 0.0610 1.0000 -0.0000 -0.0000
-0.3808 0.0863 -0.0000 1.0000 -0.0000 -0.0000
-0.3808 0.0610 0.0610 1.0000 -0.0000 -0.0000
-0.3808 -0.0610 -0.0610 1.0000 -0.0000 0.0000
-0.3808 -0.0863 0.0000 1.0000 -0.0000 0.0000
-0.3808 -0.0610 -0.0610 1.0000 -0.0000 0.0000
-0.3808 0.0000 0.0863 1.0000 -0.0000 0.0000
-0.3808 0.0610 0.0610 1.0000 -0.0000 -0.0000
-0.3808 0.0000 0.0863 1.0000 -0.0000 0.0000
4 13 12
4 5 13
3 12 11
3 4 12
7 8 15
7 0 8
2 11 10
2 3 11
6 15 14
6 7 15
1 10 9
1 2 10
5 14 13
5 6 14
0 9 8
0 1 9
24 21 25
26 20 21
27 20 28
29 19 20
30 16 31
32 23 16
33 19 34
35 18 19
36 23 37
38 22 23
39 18 40
41 17 18
42 22 43
44 21 22
45 17 46
47 16 17
LABEL LGLFork
MATERIAL 3
TEXTURE 0
FLAG 0
GEOM 209 140
0.0000 -0.1051 0.0343 -0.0000 -1.0000 0.0000
0.0000 0.0929 -0.0396 -0.0000 -0.4472 -0.8944
-0.0610 -0.1051 -0.0396 -0.0000 -1.0000 0.0000
-0.0610 0.0929 0.0343 -0.7345 0.3441 0.5849
-0.0610 0.0929 -0.0396 -0.7345 0.3441 -0.5849
0.0000 0.1395 0.0343 -0.0597 0.7223 0.6890
0.0000 0.1395 -0.0396 -0.0597 0.7223 -0.6890
-0.0425 0.1324 0.0343 -0.4760 0.6278 0.6159
-0.0425 0.1324 -0.0396 -0.4760 0.6278 -0.6159
0.3783 0.0929 0.0343 0.2398 -0.6429 0.7274
0.3783 0.0929 -0.0396 -0.0000 -0.7071 -0.7071
0.3783 0.1395 0.0343 0.2398 0.6429 0.7274
0.3783 0.1395 -0.0396 0.0000 0.7071 -0.7071
0.4406 0.0929 -0.0118 0.8239 -0.5661 0.0262
0.4077 0.0929 -0.0396 0.2644 -0.6374 -0.7237
0.4406 0.1395 -0.0118 0.8239 0.5661 0.0262
0.4077 0.1395 -0.0396 0.2644 0.6374 -0.7237
0.0000 0.0929 0.0343 0.7071 -0.0000 0.7071
0.0000 -0.1051 -0.0396 0.0000 0.4472 -0.8944
-0.0610 -0.1051 0.0343 -0.0000 -1.0000 0.0000
0.0000 -0.1517 0.0343 -0.0597 -0.7223 0.6890
0.0000 -0.1517 -0.0396 -0.0597 -0.7223 -0.6890
-0.0425 -0.1446 0.0343 -0.4760 -0.6278 0.6159
-0.0425 -0.1446 -0.0396 -0.4760 -0.6278 -0.6159
0.3783 -0.1051 0.0343 0.2398 0.6429 0.7274
0.3783 -0.1051 -0.0396 0.0000 0.7071 -0.7071
0.3783 -0.1517 0.0343 0.2398 -0.6429 0.7274
0.3783 -0.1517 -0.0396 -0.0000 -0.7071 -0.7071
0.4406 -0.1051 -0.0118 0.8239 0.5661 0.0262
0.4077 -0.1051 -0.0396 0.2644 0.6374 -0.7237
0.4406 -0.1517 -0.0118 0.8239 -0.5661 0.0262
0.4077 -0.1517 -0.0396 0.2644 -0.6374 -0.7237
-0.0346 0.0000 0.0342 0.0000 -0.0000 1.0000
-0.1995 0.0000 0.0342 0.0000 -0.0000 1.0000
-0.0346 0.0242 0.0242 0.0000 0.7071 0.7071
-0.1995 0.0242 0.0242 0.0000 0.7071 0.7071
-0.0346 0.0342 -0.0000 0.0000 1.0000 -0.0000
-0.1995 0.0342 -0.0000 0.0000 1.0000 -0.0000
-0.0346 0.0242 -0.0242 0.0000 0.7071 -0.7071
-0.1995 0.0242 -0.0242 0.0000 0.7071 -0.7071
-0.0346 0.0000 -0.0342 0.0000 -0.0000 -1.0000
-0.1995 0.0000 -0.0342 0.0000 -0.0000 -1.0000
-0.0346 -0.0242 -0.0242 -0.0000 -0.7071 -0.7071
-0.1995 -0.0242 -0.0242 -0.0000 -0.7071 -0.7071
-0.0346 -0.0342 0.0000 -0.0000 -1.0000 0.0000
-0.1995 -0.0342 0.0000 -0.0000 -1.0000 0.0000
-0.0346 -0.0242 0.0242 -0.0000 -0.7071 0.7071
-0.1995 -0.0242 0.0242 -0.0000 -0.7071 0.7071
-0.2095 0.0000 0.0618 0.9408 -0.0000 0.3389
-0.2095 0.0437 0.0437 0.9408 0.2396 0.2396
-0.2095 0.0618 -0.0000 0.9408 0.3389 -0.0000
-0.2095 0.0437 -0.0437 0.9408 0.2396 -0.2396
-0.2095 0.0000 -0.0618 0.9408 -0.0000 -0.3389
-0.2095 -0.0437 -0.0437 0.9408 -0.2396 -0.2396
-0.2095 -0.0618 0.0000 0.9408 -0.3389 0.0000
-0.2095 -0.0437 0.0437 0.9408 -0.2396 0.2396
0.4065 -0.2938 -0.0970 0.0000 -0.0000 -1.0000
0.4065 0.2822 -0.0970 0.0000 -0.0000 -1.0000
0.4449 -0.2938 -0.0811 0.7071 -0.0000 -0.7071
0.4449 0.2822 -0.0811 0.7071 -0.0000 -0.7071
0.4607 -0.2938 -0.0427 1.0000 -0.0000 0.0000
0.4607 0.2822 -0.0427 1.0000 -0.0000 0.0000
0.4449 -0.2938 -0.0043 0.7071 -0.0000 0.7071
0.4449 0.2822 -0.0043 0.7071 -0.0000 0.7071
0.4065 -0.2938 0.0116 0.0000 0.0000 1.0000
0.4065 0.2822 0.0116 0.0000 0.0000 1.0000
0.3681 -0.2938 -0.0043 -0.7071 0.0000 0.7071
0.3681 0.2822 -0.0043 -0.7071 0.0000 0.7071
0.3522 -0.2938 -0.0427 -1.0000 0.0000 0.0000
0.3522 0.2822 -0.0427 -1.0000 0.0000 -0.0000
0.3681 -0.2938 -0.0811 -0.7071 0.0000 -0.7071
0.3681 0.2822 -0.0811 0.0000 1.0000 0.0000
-1.1012 0.0000 0.0618 0.0000 0.0000 1.0000
-1.1012 0.0437 0.0437 0.0000 0.7071 0.7071
-1.1012 0.0618 -0.0000 0.0000 1.0000 -0.0000
-1.1012 0.0437 -0.0437 0.0000 0.7071 -0.7071
-1.1012 0.0000 -0.0618 0.0000 0.0000 -1.0000
-1.1012 -0.0437 -0.0437 -0.0000 -0.7071 -0.7071
-1.1012 -0.0618 0.0000 -0.0000 -1.0000 0.0000
-1.1012 -0.0437 0.0437 -0.0000 -0.7071 0.7071
-0.1995 0.0000 -0.0342 0.9408 -0.0000 -0.3389
-0.1995 0.0242 -0.0242 0.9408 0.2396 -0.2396
-0.1995 0.0000 -0.0342 0.9408 -0.0000 -0.3389
-0.1995 -0.0242 0.0242 0.9408 -0.2396 0.2396
-0.1995 -0.0342 0.0000 0.9408 -0.3389 0.0000
-0.1995 -0.0242 0.0242 0.9408 -0.2396 0.2396
-0.1995 0.0342 -0.0000 0.9408 0.3389 -0.0000
-0.1995 0.0242 0.0242 0.9408 0.2396 0.2396
-0.1995 0.0342 -0.0000 0.9408 0.3389 -0.0000
-0.1995 -0.0242 -0.0242 0.9408 -0.2396 -0.2396
-0.1995 0.0000 -0.0342 0.9408 -0.0000 -0.3389
-0.1995 -0.0242 -0.0242 0.9408 -0.2396 -0.2396
-0.1995 0.0000 0.0342 0.9408 -0.0000 0.3389
-0.1995 -0.0242 0.0242 0.9408 -0.2396 0.2396
-0.1995 0.0000 0.0342 0.9408 -0.0000 0.3389
-0.1995 0.0242 -0.0242 0.9408 0.2396 -0.2396
-0.1995 0.0342 -0.0000 0.9408 0.3389 -0.0000
-0.1995 0.0242 -0.0242 0.9408 0.2396 -0.2396
-0.1995 -0.0342 0.0000 0.9408 -0.3389 0.0000
-0.1995 -0.0242 -0.0242 0.9408 -0.2396 -0.2396
-0.1995 -0.0342 0.0000 0.9408 -0.3389 0.0000
-0.1995 0.0242 0.0242 0.9408 0.2396 0.2396
-0.1995 0.0000 0.0342 0.9408 -0.0000 0.3389
-0.1995 0.0242 0.0242 0.9408 0.2396 0.2396
0.4065 0.2822 -0.0970 0.0000 1.0000 0.0000
0.4449 0.2822 -0.0811 0.0000 1.0000 0.0000
0.4607 0.2822 -0.0427 0.0000 1.0000 0.0000
0.4607 0.2822 -0.0427 0.0000 1.0000 0.0000
0.4449 0.2822 -0.0043 0.0000 1.0000 0.0000
0.4065 0.2822 0.0116 0.0000 1.0000 0.0000
0.4065 0.2822 0.0116 0.0000 1.0000 0.0000
0.3681 0.2822 -0.0043 0.0000 1.0000 0.0000
0.3522 0.2822 -0.0427 0.0000 1.0000 0.0000
0.3522 0.2822 -0.0427 0.0000 1.0000 0.0000
0.4065 0.2822 -0.0970 0.0000 1.0000 0.0000
0.4065 0.2822 -0.0970 0.0000 1.0000 0.0000
0.4607 0.2822 -0.0427 0.0000 1.0000 0.0000
0.4065 0.2822 0.0116 0.0000 1.0000 0.0000
0.4065 0.2822 0.0116 0.0000 1.0000 0.0000
0.3522 0.2822 -0.0427 0.0000 1.0000 0.0000
0.4065 0.2822 -0.0970 0.0000 1.0000 0.0000
0.3681 0.2822 -0.0811 -0.7071 0.0000 -0.7071
0.3681 0.2822 -0.0811 -0.7071 0.0000 -0.7071
0.3681 0.2822 -0.0811 -0.7071 0.0000 -0.7071
0.4449 -0.2938 -0.0811 -0.0000 -1.0000 0.0000
0.4065 -0.2938 -0.0970 -0.0000 -1.0000 0.0000
0.3681 -0.2938 -0.0811 -0.0000 -1.0000 0.0000
0.3681 -0.2938 -0.0811 -0.0000 -1.0000 0.0000
0.3522 -0.2938 -0.0427 -0.0000 -1.0000 0.0000
0.3681 -0.2938 -0.0043 -0.0000 -1.0000 0.0000
0.3681 -0.2938 -0.0043 -0.0000 -1.0000 0.0000
0.4065 -0.2938 0.0116 -0.0000 -1.0000 0.0000
0.4449 -0.2938 -0.0043 -0.0000 -1.0000 0.0000
0.4449 -0.2938 -0.0043 -0.0000 -1.0000 0.0000
0.4607 -0.2938 -0.0427 -0.0000 -1.0000 0.0000
0.4449 -0.2938 -0.0811 -0.0000 -1.0000 0.0000
0.4449 -0.2938 -0.0811 -0.0000 -1.0000 0.0000
0.3681 -0.2938 -0.0811 -0.0000 -1.0000 0.0000
0.3681 -0.2938 -0.0043 -0.0000 -1.0000 0.0000
0.3681 -0.2938 -0.0043 -0.0000 -1.0000 0.0000
0.4449 -0.2938 -0.0043 -0.0000 -1.0000 0.0000
0.4449 -0.2938 -0.0811 -0.0000 -1.0000 0.0000
0.0000 -0.1051 -0.0396 -0.0000 -1.0000 0.0000
-0.0610 -0.1051 0.0343 -0.7071 0.0000 0.7071
-0.0610 0.0929 0.0343 -0.7071 0.0000 0.7071
-0.0610 -0.1051 0.0343 -0.7071 0.0000 0.7071
0.0000 -0.1051 0.0343 0.7071 -0.0000 0.7071
-0.0610 0.0929 -0.0396 -0.7071 0.0000 -0.7071
-0.0610 -0.1051 -0.0396 -0.7071 0.0000 -0.7071
0.0000 -0.1051 -0.0396 0.7071 -0.0000 -0.7071
-0.0610 0.0929 -0.0396 -0.7071 0.0000 -0.7071
0.0000 -0.1051 -0.0396 0.7071 -0.0000 -0.7071
0.0000 0.0929 -0.0396 0.7071 -0.0000 -0.7071
0.0000 -0.1051 -0.0396 0.7071 -0.0000 -0.7071
0.0000 -0.1051 0.0343 0.7071 -0.0000 0.7071
0.0000 -0.1051 -0.0396 0.7071 -0.0000 -0.7071
0.0000 0.0929 -0.0396 0.7071 -0.0000 -0.7071
-0.0610 0.0929 -0.0396 -0.7071 0.0000 -0.7071
-0.0610 0.0929 0.0343 -0.7071 0.0000 0.7071
-0.0610 -0.1051 0.0343 -0.7071 0.0000 0.7071
-0.0610 0.0929 -0.0396 -0.7071 0.0000 -0.7071
-0.0610 -0.1051 0.0343 -0.7071 0.0000 0.7071
-0.0610 -0.1051 -0.0396 -0.7071 0.0000 -0.7071
0.0000 0.0929 0.0343 -0.0000 -0.4472 0.8944
0.0000 0.0929 0.0343 -0.0000 -0.4472 0.8944
0.0000 0.0929 0.0343 -0.0000 -0.4472 0.8944
0.0000 0.0929 0.0343 -0.0000 -0.4472 0.8944
0.0000 0.0929 0.0343 -0.0000 -0.4472 0.8944
-0.0610 0.0929 -0.0396 0.0000 1.0000 0.0000
0.0000 0.0929 -0.0396 0.0000 1.0000 0.0000
0.0000 0.0929 0.0343 0.0000 1.0000 0.0000
-0.0610 0.0929 -0.0396 0.0000 1.0000 0.0000
0.0000 0.0929 0.0343 0.0000 1.0000 0.0000
-0.0610 0.0929 0.0343 0.0000 1.0000 0.0000
-0.0610 -0.1051 -0.0396 -0.7345 -0.3441 -0.5849
-0.0610 -0.1051 -0.0396 -0.7345 -0.3441 -0.5849
-0.0610 -0.1051 0.0343 -0.7345 -0.3441 0.5849
-0.0610 -0.1051 0.0343 -0.7345 -0.3441 0.5849
-0.0610 -0.1051 -0.0396 -0.7345 -0.3441 -0.5849
0.0000 -0.1051 0.0343 0.0000 0.4472 0.8944
0.0000 -0.1051 0.0343 0.0000 0.4472 0.8944
-0.0610 -0.1051 0.0343 -0.7345 -0.3441 0.5849
0.0000 -0.1051 0.0343 0.0000 0.4472 0.8944
0.0000 -0.1051 0.0343 0.0000 0.4472 0.8944
0.0000 -0.1051 0.0343 0.0000 0.4472 0.8944
-0.2095 -0.0437 -0.0437 -0.0000 -0.7071 -0.7071
-0.2095 0.0000 -0.0618 0.0000 -0.0000 -1.0000
-0.2095 -0.0437 -0.0437 -0.0000 -0.7071 -0.7071
-0.2095 0.0000 -0.0618 0.0000 -0.0000 -1.0000
-0.2095 0.0437 -0.0437 0.0000 0.7071 -0.7071
-0.2095 0.0000 -0.0618 0.0000 -0.0000 -1.0000
-0.2095 0.0000 0.0618 0.0000 -0.0000 1.0000
-0.2095 -0.0437 0.0437 -0.0000 -0.7071 0.7071
-0.2095 0.0000 0.0618 0.0000 -0.0000 1.0000
-0.2095 0.0437 -0.0437 0.0000 0.7071 -0.7071
-0.2095 0.0618 -0.0000 0.0000 1.0000 -0.0000
-0.2095 0.0437 -0.0437 0.0000 0.7071 -0.7071
-0.2095 -0.0437 0.0437 -0.0000 -0.7071 0.7071
-0.2095 -0.0618 0.0000 -0.0000 -1.0000 0.0000
-0.2095 -0.0437 0.0437 -0.0000 -0.7071 0.7071
-0.2095 0.0618 -0.0000 0.0000 1.0000 -0.0000
-0.2095 0.0437 0.0437 0.0000 0.7071 0.7071
-0.2095 0.0618 -0.0000 0.0000 1.0000 -0.0000
-0.2095 -0.0618 0.0000 -0.0000 -1.0000 0.0000
-0.2095 -0.0437 -0.0437 -0.0000 -0.7071 -0.7071
-0.2095 -0.0618 0.0000 -0.0000 -1.0000 0.0000
-0.2095 0.0437 0.0437 0.0000 0.7071 0.7071
-0.2095 0.0000 0.0618 0.0000 -0.0000 1.0000
-0.2095 0.0437 0.0437 0.0000 0.7071 0.7071
4 6 1
4 8 6
7 6 8
7 5 6
3 8 4
3 7 8
6 10 1
6 12 10
9 15 11
9 13 15
5 12 6
5 11 12
14 15 13
14 16 15
12 14 10
12 16 14
11 16 12
11 15 16
10 13 9
10 14 13
22 21 20
22 23 21
21 25 27
21 18 25
24 30 28
24 26 30
20 27 26
20 21 27
29 30 31
29 28 30
27 29 31
27 25 29
26 31 30
26 27 31
25 28 29
25 24 28
32 35 33
32 34 35
34 37 35
34 36 37
36 39 37
36 38 39
38 41 39
38 40 41
40 43 41
40 42 43
42 45 43
42 44 45
44 47 45
44 46 47
46 33 47
46 32 33
80 51 81
82 52 51
83 54 84
85 55 54
86 49 87
88 50 49
89 52 90
91 53 52
92 55 93
94 48 55
95 50 96
97 51 50
98 53 99
100 54 53
101 48 102
103 49 48
56 59 58
56 57 59
58 61 60
58 59 61
60 63 62
60 61 63
62 65 64
62 63 65
64 67 66
64 65 67
66 69 68
66 67 69
104 106 105
107 109 108
110 112 111
113 114 71
115 117 116
118 120 119
70 57 56
70 121 57
68 122 70
68 69 123
124 126 125
127 129 128
130 132 131
133 135 134
136 138 137
139 141 140
2 0 19
2 142 0
143 17 144
145 146 17
147 149 148
150 152 151
153 17 154
155 156 17
157 159 158
160 162 161
163 7 3
164 5 7
165 11 5
166 9 11
1 9 167
1 10 9
168 170 169
171 173 172
174 21 23
175 18 21
176 23 22
177 178 23
179 22 20
180 181 22
182 26 24
183 20 26
18 24 25
18 184 24
185 76 186
187 77 76
188 75 189
190 76 75
191 79 192
193 72 79
194 74 195
196 75 74
197 78 198
199 79 78
200 73 201
202 74 73
203 77 204
205 78 77
206 72 207
208 73 72
LABEL LGCrossF
MATERIAL 3
TEXTURE 0
FLAG 0
GEOM 16 16
-0.3558 0.1493 -0.0005 -0.0000 1.0000 -0.0036
0.3558 0.1493 -0.0005 -0.0000 1.0000 -0.0036
-0.3558 0.1060 0.1052 -0.0000 0.7096 0.7046
0.3558 0.1060 0.1052 -0.0000 0.7096 0.7046
-0.3558 0.0005 0.1493 0.0000 0.0036 1.0000
0.3558 0.0005 0.1493 0.0000 0.0036 1.0000
-0.3558 -0.1052 0.1060 0.0000 -0.7046 0.7096
0.3558 -0.1052 0.1060 0.0000 -0.7046 0.7096
-0.3558 -0.1493 0.0005 0.0000 -1.0000 0.0036
0.3558 -0.1493 0.0005 0.0000 -1.0000 0.0036
-0.3558 -0.1060 -0.1052 -0.0000 -0.7096 -0.7046
0.3558 -0.1060 -0.1052 -0.0000 -0.7096 -0.7046
-0.3558 -0.0005 -0.1493 -0.0000 -0.0036 -1.0000
0.3558 -0.0005 -0.1493 -0.0000 -0.0036 -1.0000
-0.3558 0.1052 -0.1060 -0.0000 0.7046 -0.7096
0.3558 0.1052 -0.1060 -0.0000 0.7046 -0.7096
0 3 1
0 2 3
2 5 3
2 4 5
4 7 5
4 6 7
6 9 7
6 8 9
8 11 9
8 10 11
10 13 11
10 12 13
12 15 13
12 14 15
14 1 15
14 0 1
LABEL LGFrontArm
MATERIAL 3
TEXTURE 0
FLAG 0
GEOM 104 96
-0.0000 0.0353 0.3006 -0.0000 0.9217 0.3880
-0.0000 0.0342 0.0102 -0.0000 0.7607 0.6491
0.0242 0.0252 0.3006 0.6576 0.6758 0.3329
0.0242 0.0242 0.0102 0.5363 0.5386 0.6499
0.0342 0.0011 0.3007 0.9888 0.0942 0.1155
0.0342 0.0000 0.0103 0.7584 0.0023 0.6518
0.0242 -0.0231 0.3008 0.7825 -0.4813 -0.3951
0.0242 -0.0241 0.0104 0.5363 -0.5339 0.6537
-0.0000 -0.0331 0.3008 -0.0000 -0.6965 -0.7176
-0.0000 -0.0341 0.0104 -0.0000 -0.7560 0.6545
-0.0242 -0.0231 0.3008 -0.7825 -0.4813 -0.3951
-0.0242 -0.0241 0.0104 -0.5363 -0.5339 0.6537
-0.0342 0.0011 0.3007 -0.9888 0.0942 0.1155
-0.0342 0.0000 0.0103 -0.7584 0.0023 0.6518
-0.0242 0.0252 0.3006 -0.6576 0.6758 0.3329
-0.0242 0.0242 0.0102 -0.5363 0.5386 0.6499
-0.0000 0.0618 0.0001 -0.0000 0.8578 0.5139
0.0437 0.0437 0.0002 0.6053 0.6071 0.5148
0.0618 0.0000 0.0003 0.8560 0.0019 0.5170
0.0437 -0.0437 0.0005 0.6053 -0.6034 0.5192
-0.0000 -0.0618 0.0006 0.0000 -0.8541 0.5201
-0.0437 -0.0437 0.0005 -0.6053 -0.6034 0.5192
-0.0618 0.0000 0.0003 -0.8560 0.0019 0.5170
-0.0437 0.0437 0.0002 -0.6053 0.6071 0.5148
0.0000 0.0612 -0.1712 0.0000 1.0000 -0.0036
0.0437 0.0431 -0.1711 0.7071 0.7071 -0.0025
0.0618 -0.0006 -0.1710 1.0000 0.0000 0.0000
0.0437 -0.0443 -0.1708 0.7071 -0.7071 0.0025
0.0000 -0.0625 -0.1707 0.0000 -1.0000 0.0036
-0.0437 -0.0443 -0.1708 -0.7071 -0.7071 0.0025
-0.0618 -0.0006 -0.1710 -1.0000 0.0000 -0.0000
-0.0437 0.0431 -0.1711 -0.7071 0.7071 -0.0025
0.0000 0.0857 -0.1713 -0.0000 0.0036 1.0000
0.0610 0.0604 -0.1712 -0.0000 0.0036 1.0000
0.0863 -0.0006 -0.1710 -0.0000 0.0036 1.0000
0.0610 -0.0616 -0.1707 0.0000 0.0036 1.0000
0.0000 -0.0869 -0.1706 0.0000 0.0036 1.0000
-0.0610 -0.0616 -0.1707 -0.0000 0.0036 1.0000
-0.0863 -0.0006 -0.1710 -0.0000 0.0036 1.0000
-0.0610 0.0604 -0.1712 0.0000 0.0036 1.0000
0.0000 0.0818 -1.2515 -0.0000 1.0000 -0.0036
0.0610 0.0565 -1.2514 0.7071 0.7071 -0.0025
0.0863 -0.0045 -1.2511 1.0000 0.0000 0.0000
0.0610 -0.0655 -1.2509 0.7071 -0.7071 0.0025
0.0000 -0.0908 -1.2508 0.0000 -1.0000 0.0036
-0.0610 -0.0655 -1.2509 -0.7071 -0.7071 0.0025
-0.0863 -0.0045 -1.2511 -1.0000 0.0000 -0.0000
-0.0610 0.0565 -1.2514 -0.7071 0.7071 -0.0025
-0.0000 -0.0449 0.3680 -0.0000 0.6318 0.7751
0.0242 -0.0482 0.3585 0.5938 0.4972 0.6326
0.0342 -0.0560 0.3356 0.9973 0.0691 0.0236
0.0242 -0.0638 0.3128 0.5945 -0.2188 -0.7737
-0.0000 -0.0671 0.3033 0.0000 -0.1894 -0.9819
-0.0242 -0.0638 0.3128 -0.5945 -0.2188 -0.7737
-0.0342 -0.0560 0.3356 -0.9973 0.0691 0.0236
-0.0242 -0.0482 0.3585 -0.5938 0.4972 0.6326
-0.0437 0.0431 -0.1711 0.0000 0.0036 1.0000
-0.0618 -0.0006 -0.1710 -0.0000 0.0036 1.0000
-0.0437 0.0431 -0.1711 0.0000 0.0036 1.0000
0.0618 -0.0006 -0.1710 -0.0000 0.0036 1.0000
0.0437 0.0431 -0.1711 -0.0000 0.0036 1.0000
0.0618 -0.0006 -0.1710 -0.0000 0.0036 1.0000
-0.0618 -0.0006 -0.1710 -0.0000 0.0036 1.0000
-0.0437 -0.0443 -0.1708 -0.0000 0.0036 1.0000
-0.0618 -0.0006 -0.1710 -0.0000 0.0036 1.0000
0.0437 0.0431 -0.1711 -0.0000 0.0036 1.0000
0.0000 0.0612 -0.1712 -0.0000 0.0036 1.0000
0.0437 0.0431 -0.1711 -0.0000 0.0036 1.0000
-0.0437 -0.0443 -0.1708 -0.0000 0.0036 1.0000
0.0000 -0.0625 -0.1707 0.0000 0.0036 1.0000
-0.0437 -0.0443 -0.1708 -0.0000 0.0036 1.0000
0.0000 -0.0625 -0.1707 0.0000 0.0036 1.0000
0.0437 -0.0443 -0.1708 0.0000 0.0036 1.0000
0.0000 -0.0625 -0.1707 0.0000 0.0036 1.0000
0.0000 0.0612 -0.1712 -0.0000 0.0036 1.0000
-0.0437 0.0431 -0.1711 0.0000 0.0036 1.0000
0.0000 0.0612 -0.1712 -0.0000 0.0036 1.0000
0.0437 -0.0443 -0.1708 0.0000 0.0036 1.0000
0.0618 -0.0006 -0.1710 -0.0000 0.0036 1.0000
0.0437 -0.0443 -0.1708 0.0000 0.0036 1.0000
-0.0863 -0.0006 -0.1710 -1.0000 0.0000 -0.0000
-0.0610 -0.0616 -0.1707 -0.7071 -0.7071 0.0025
-0.0863 -0.0006 -0.1710 -1.0000 0.0000 -0.0000
0.0610 0.0604 -0.1712 0.7071 0.7071 -0.0025
0.0000 0.0857 -0.1713 -0.0000 1.0000 -0.0036
0.0610 0.0604 -0.1712 0.7071 0.7071 -0.0025
-0.0610 -0.0616 -0.1707 -0.7071 -0.7071 0.0025
0.0000 -0.0869 -0.1706 0.0000 -1.0000 0.0036
-0.0610 -0.0616 -0.1707 -0.7071 -0.7071 0.0025
0.0000 -0.0869 -0.1706 0.0000 -1.0000 0.0036
0.0610 -0.0616 -0.1707 0.7071 -0.7071 0.0025
0.0000 -0.0869 -0.1706 0.0000 -1.0000 0.0036
0.0000 0.0857 -0.1713 -0.0000 1.0000 -0.0036
-0.0610 0.0604 -0.1712 -0.7071 0.7071 -0.0025
0.0000 0.0857 -0.1713 -0.0000 1.0000 -0.0036
0.0610 -0.0616 -0.1707 0.7071 -0.7071 0.0025
0.0863 -0.0006 -0.1710 1.0000 0.0000 0.0000
0.0610 -0.0616 -0.1707 0.7071 -0.7071 0.0025
-0.0610 0.0604 -0.1712 -0.7071 0.7071 -0.0025
-0.0863 -0.0006 -0.1710 -1.0000 0.0000 -0.0000
-0.0610 0.0604 -0.1712 -0.7071 0.7071 -0.0025
0.0863 -0.0006 -0.1710 1.0000 0.0000 0.0000
0.0610 0.0604 -0.1712 0.7071 0.7071 -0.0025
0.0863 -0.0006 -0.1710 1.0000 0.0000 0.0000
0 3 1
0 2 3
2 5 3
2 4 5
4 7 5
4 6 7
6 9 7
6 8 9
8 11 9
8 10 11
10 13 11
10 12 13
12 15 13
12 14 15
14 1 15
14 0 1
9 19 7
9 20 19
15 22 13
15 23 22
5 17 3
5 18 17
11 20 9
11 21 20
1 23 15
1 16 23
7 18 5
7 19 18
13 21 11
13 22 21
3 16 1
3 17 16
16 31 23
16 24 31
19 26 18
19 27 26
23 30 22
23 31 30
18 25 17
18 26 25
22 29 21
22 30 29
17 24 16
17 25 24
21 28 20
21 29 28
20 27 19
20 28 27
56 38 57
58 39 38
59 33 60
61 34 33
62 37 63
64 38 37
65 32 66
67 33 32
68 36 69
70 37 36
71 35 72
73 36 35
74 39 75
76 32 39
77 34 78
79 35 34
80 45 81
82 46 45
83 40 84
85 41 40
86 44 87
88 45 44
89 43 90
91 44 43
92 47 93
94 40 47
95 42 96
97 43 42
98 46 99
100 47 46
101 41 102
103 42 41
8 53 10
8 52 53
14 48 0
14 55 48
4 51 6
4 50 51
10 54 12
10 53 54
6 52 8
6 51 52
0 49 2
0 48 49
12 55 14
12 54 55
2 50 4
2 49 50
LABEL LGFrontAxel
MATERIAL 3
TEXTURE 0
FLAG 0
GEOM 54 28
-0.1747 -0.0543 0.0002 0.0000 -1.0000 0.0036
0.1747 -0.0543 0.0002 0.0000 -1.0000 0.0036
-0.1747 -0.0382 0.0385 0.0000 -0.7046 0.7096
0.1747 -0.0382 0.0385 0.0000 -0.7046 0.7096
-0.1747 0.0002 0.0543 -0.0000 0.0036 1.0000
0.1747 0.0002 0.0543 -0.0000 0.0036 1.0000
-0.1747 0.0385 0.0382 -0.0000 0.7096 0.7046
0.1747 0.0385 0.0382 -0.0000 0.7096 0.7046
-0.1747 0.0543 -0.0002 -0.0000 1.0000 -0.0036
0.1747 0.0543 -0.0002 -0.0000 1.0000 -0.0036
-0.1747 0.0382 -0.0385 -0.0000 0.7046 -0.7096
0.1747 0.0382 -0.0385 -0.0000 0.7046 -0.7096
-0.1747 -0.0002 -0.0543 0.0000 -0.0036 -1.0000
0.1747 -0.0002 -0.0543 0.0000 -0.0036 -1.0000
-0.1747 -0.0385 -0.0382 0.0000 -0.7096 -0.7046
0.1747 -0.0385 -0.0382 1.0000 0.0000 0.0000
0.1747 -0.0543 0.0002 1.0000 0.0000 0.0000
0.1747 -0.0382 0.0385 1.0000 0.0000 0.0000
0.1747 0.0002 0.0543 1.0000 0.0000 0.0000
0.1747 0.0002 0.0543 1.0000 0.0000 0.0000
0.1747 0.0385 0.0382 1.0000 0.0000 0.0000
0.1747 0.0543 -0.0002 1.0000 0.0000 0.0000
0.1747 0.0543 -0.0002 1.0000 0.0000 0.0000
0.1747 0.0382 -0.0385 1.0000 0.0000 0.0000
0.1747 -0.0002 -0.0543 1.0000 0.0000 0.0000
0.1747 -0.0002 -0.0543 1.0000 0.0000 0.0000
0.1747 -0.0543 0.0002 1.0000 0.0000 0.0000
0.1747 -0.0543 0.0002 1.0000 0.0000 0.0000
0.1747 0.0002 0.0543 1.0000 0.0000 0.0000
0.1747 0.0543 -0.0002 1.0000 0.0000 0.0000
0.1747 0.0543 -0.0002 1.0000 0.0000 0.0000
0.1747 -0.0002 -0.0543 1.0000 0.0000 0.0000
0.1747 -0.0543 0.0002 1.0000 0.0000 0.0000
0.1747 -0.0385 -0.0382 0.0000 -0.7096 -0.7046
0.1747 -0.0385 -0.0382 0.0000 -0.7096 -0.7046
0.1747 -0.0385 -0.0382 0.0000 -0.7096 -0.7046
-0.1747 -0.0382 0.0385 -1.0000 -0.0000 0.0000
-0.1747 -0.0543 0.0002 -1.0000 -0.0000 0.0000
-0.1747 -0.0385 -0.0382 -1.0000 -0.0000 0.0000
-0.1747 -0.0385 -0.0382 -1.0000 -0.0000 0.0000
-0.1747 -0.0002 -0.0543 -1.0000 -0.0000 0.0000
-0.1747 0.0382 -0.0385 -1.0000 -0.0000 0.0000
-0.1747 0.0382 -0.0385 -1.0000 -0.0000 0.0000
-0.1747 0.0543 -0.0002 -1.0000 -0.0000 0.0000
-0.1747 0.0385 0.0382 -1.0000 -0.0000 0.0000
-0.1747 0.0385 0.0382 -1.0000 -0.0000 0.0000
-0.1747 0.0002 0.0543 -1.0000 -0.0000 0.0000
-0.1747 -0.0382 0.0385 -1.0000 -0.0000 0.0000
-0.1747 -0.0382 0.0385 -1.0000 -0.0000 0.0000
-0.1747 -0.0385 -0.0382 -1.0000 -0.0000 0.0000
-0.1747 0.0382 -0.0385 -1.0000 -0.0000 0.0000
-0.1747 0.0382 -0.0385 -1.0000 -0.0000 0.0000
-0.1747 0.0385 0.0382 -1.0000 -0.0000 0.0000
-0.1747 -0.0382 0.0385 -1.0000 -0.0000 0.0000
0 3 2
0 1 3
2 5 4
2 3 5
4 7 6
4 5 7
6 9 8
6 7 9
8 11 10
8 9 11
10 13 12
10 11 13
16 18 17
19 21 20
22 24 23
25 26 15
27 29 28
30 32 31
14 1 0
14 33 1
12 34 14
12 13 35
36 38 37
39 41 40
42 44 43
45 47 46
48 50 49
51 53 52
LABEL LGFrontLeftWheel
MATERIAL 2
TEXTURE 2
FLAG 0
GEOM 226 260
0.0000 0.0011 0.3087 -0.0000 0.0036 1.0000 0.8794 0.6111
0.0535 0.0010 0.2906 0.6319 0.0028 0.7751 0.8777 0.6115
0.0757 0.0009 0.2469 0.9984 0.0002 0.0564 0.8762 0.6117
0.0535 0.0007 0.2033 0.6785 -0.0026 -0.7346 0.8749 0.6120
0.0000 0.0007 0.1852 0.3200 -0.0034 -0.9474 0.8734 0.6123
-0.0535 0.0007 0.2033 -0.6785 -0.0026 -0.7346 0.8738 0.6173
-0.0757 0.0009 0.2469 -0.9984 0.0002 0.0564 0.8750 0.6181
-0.0535 0.0010 0.2906 -0.6319 0.0028 0.7751 0.8762 0.6189
0.0000 0.1192 0.2848 -0.0000 0.3860 0.9225 0.8779 0.6075
0.0535 0.1122 0.2681 0.6319 0.2992 0.7150 0.8764 0.6084
0.0757 0.0953 0.2278 0.9984 0.0218 0.0521 0.8752 0.6092
0.0535 0.0785 0.1875 0.6785 -0.2836 -0.6777 0.8740 0.6100
0.0000 0.0715 0.1709 0.3200 -0.3657 -0.8740 0.8728 0.6107
-0.0535 0.0785 0.1875 -0.6785 -0.2836 -0.6777 0.8723 0.6189
-0.0757 0.0953 0.2278 -0.9984 0.0218 0.0521 0.8731 0.6200
-0.0535 0.1122 0.2681 -0.6319 0.2992 0.7150 0.8739 0.6212
0.0000 0.2191 0.2175 0.0000 0.7093 0.7049 0.8751 0.6046
0.0535 0.2062 0.2047 0.6321 0.5490 0.5468 0.8741 0.6061
0.0757 0.1752 0.1740 0.9985 0.0377 0.0395 0.8733 0.6073
0.0535 0.1443 0.1432 0.6785 -0.5213 -0.5176 0.8725 0.6084
0.0000 0.1314 0.1305 0.3200 -0.6723 -0.6675 0.8717 0.6096
-0.0535 0.1443 0.1432 -0.6785 -0.5213 -0.5176 0.8702 0.6198
-0.0757 0.1752 0.1740 -0.9985 0.0377 0.0395 0.8705 0.6211
-0.0535 0.2062 0.2047 -0.6321 0.5490 0.5468 0.8708 0.6226
0.0000 0.2856 0.1171 0.0000 0.9251 0.3798 0.8714 0.6030
0.0543 0.2689 0.1102 0.6349 0.7143 0.2942 0.8710 0.6048
0.0757 0.2285 0.0937 0.9987 0.0459 0.0204 0.8707 0.6062
0.0535 0.1881 0.0771 0.6785 -0.6797 -0.2787 0.8705 0.6075
0.0000 0.1714 0.0703 0.3200 -0.8766 -0.3594 0.8702 0.6090
-0.0535 0.1881 0.0771 -0.6785 -0.6797 -0.2787 0.8680 0.6198
-0.0757 0.2285 0.0937 -0.9987 0.0459 0.0204 0.8678 0.6211
-0.0543 0.2689 0.1102 -0.6349 0.7143 0.2942 0.8675 0.6225
0.0000 0.3087 -0.0011 0.0000 1.0000 -0.0041 0.8673 0.6030
0.0543 0.2906 -0.0010 0.6349 0.7725 -0.0040 0.8677 0.6049
0.0757 0.2469 -0.0009 0.9987 0.0502 -0.0016 0.8680 0.6062
0.0535 0.2033 -0.0007 0.6785 -0.7346 0.0026 0.8683 0.6076
0.0000 0.1852 -0.0007 0.3200 -0.9474 0.0034 0.8685 0.6090
-0.0535 0.2033 -0.0007 -0.6785 -0.7346 0.0026 0.8660 0.6189
-0.0757 0.2469 -0.0009 -0.9987 0.0502 -0.0016 0.8652 0.6200
-0.0543 0.2906 -0.0010 -0.6349 0.7725 -0.0040 0.8644 0.6212
0.0000 0.2848 -0.1192 -0.0000 0.9223 -0.3865 0.8636 0.6046
0.0535 0.2681 -0.1122 0.6321 0.7143 -0.3003 0.8646 0.6061
0.0757 0.2278 -0.0953 0.9985 0.0498 -0.0224 0.8654 0.6073
0.0535 0.1875 -0.0785 0.6785 -0.6777 0.2836 0.8662 0.6084
0.0000 0.1709 -0.0715 0.3200 -0.8740 0.3657 0.8670 0.6096
-0.0535 0.1875 -0.0785 -0.6785 -0.6777 0.2836 0.8644 0.6173
-0.0757 0.2278 -0.0953 -0.9985 0.0498 -0.0224 0.8633 0.6181
-0.0535 0.2681 -0.1122 -0.6321 0.7143 -0.3003 0.8621 0.6188
0.0000 0.2175 -0.2191 0.0000 0.7046 -0.7096 0.8608 0.6074
0.0535 0.2047 -0.2062 0.6319 0.5461 -0.5500 0.8623 0.6085
0.0757 0.1740 -0.1752 0.9984 0.0398 -0.0401 0.8635 0.6093
0.0535 0.1432 -0.1443 0.6785 -0.5176 0.5213 0.8647 0.6100
0.0000 0.1305 -0.1314 0.3200 -0.6675 0.6723 0.8659 0.6108
-0.0535 0.1432 -0.1443 -0.6785 -0.5176 0.5213 0.8636 0.6152
-0.0757 0.1740 -0.1752 -0.9984 0.0398 -0.0401 0.8622 0.6155
-0.0535 0.2047 -0.2062 -0.6319 0.5461 -0.5500 0.8608 0.6158
0.0000 0.1171 -0.2856 0.0000 0.3794 -0.9252 0.8593 0.6111
0.0535 0.1102 -0.2689 0.6319 0.2940 -0.7171 0.8611 0.6115
0.0757 0.0937 -0.2285 0.9984 0.0214 -0.0522 0.8625 0.6118
0.0535 0.0771 -0.1881 0.6785 -0.2787 0.6797 0.8638 0.6121
0.0000 0.0703 -0.1714 0.3200 -0.3594 0.8766 0.8653 0.6124
-0.0535 0.0771 -0.1881 -0.6785 -0.2787 0.6797 0.8636 0.6130
-0.0757 0.0937 -0.2285 -0.9984 0.0214 -0.0522 0.8622 0.6128
-0.0535 0.1102 -0.2689 -0.6319 0.2940 -0.7171 0.8608 0.6125
0.0000 -0.0011 -0.3087 0.0000 -0.0036 -1.0000 0.8593 0.6152
0.0535 -0.0010 -0.2906 0.6319 -0.0028 -0.7751 0.8611 0.6148
0.0757 -0.0009 -0.2469 0.9984 -0.0002 -0.0564 0.8625 0.6146
0.0535 -0.0007 -0.2033 0.6785 0.0026 0.7346 0.8638 0.6143
0.0000 -0.0007 -0.1852 0.3200 0.0034 0.9474 0.8653 0.6140
-0.0535 -0.0007 -0.2033 -0.6785 0.0026 0.7346 0.8644 0.6110
-0.0757 -0.0009 -0.2469 -0.9984 -0.0002 -0.0564 0.8633 0.6102
-0.0535 -0.0010 -0.2906 -0.6319 -0.0028 -0.7751 0.8621 0.6094
0.0000 -0.1192 -0.2848 0.0000 -0.3860 -0.9225 0.8608 0.6189
0.0535 -0.1122 -0.2681 0.6319 -0.2992 -0.7150 0.8624 0.6179
0.0757 -0.0953 -0.2278 0.9984 -0.0218 -0.0521 0.8636 0.6171
0.0535 -0.0785 -0.1875 0.6785 0.2836 0.6777 0.8647 0.6163
0.0000 -0.0715 -0.1709 0.3200 0.3657 0.8740 0.8659 0.6155
-0.0535 -0.0785 -0.1875 -0.6785 0.2836 0.6777 0.8659 0.6094
-0.0757 -0.0953 -0.2278 -0.9984 -0.0218 -0.0521 0.8652 0.6083
-0.0535 -0.1122 -0.2681 -0.6319 -0.2992 -0.7150 0.8644 0.6071
0.0000 -0.2191 -0.2175 0.0000 -0.7096 -0.7046 0.8637 0.6217
0.0535 -0.2062 -0.2047 0.6319 -0.5500 -0.5461 0.8647 0.6203
0.0757 -0.1752 -0.1740 0.9984 -0.0401 -0.0398 0.8655 0.6191
0.0535 -0.1443 -0.1432 0.6785 0.5213 0.5176 0.8663 0.6179
0.0000 -0.1314 -0.1305 0.3200 0.6723 0.6675 0.8671 0.6167
-0.0535 -0.1443 -0.1432 -0.6785 0.5213 0.5176 0.8680 0.6085
-0.0757 -0.1752 -0.1740 -0.9984 -0.0401 -0.0398 0.8677 0.6072
-0.0535 -0.2062 -0.2047 -0.6319 -0.5500 -0.5461 0.8674 0.6058
0.0000 -0.2856 -0.1171 0.0000 -0.9252 -0.3794 0.8674 0.6233
0.0535 -0.2689 -0.1102 0.6319 -0.7171 -0.2940 0.8678 0.6215
0.0757 -0.2285 -0.0937 0.9984 -0.0522 -0.0214 0.8681 0.6201
0.0535 -0.1881 -0.0771 0.6785 0.6797 0.2787 0.8683 0.6188
0.0000 -0.1714 -0.0703 0.3200 0.8766 0.3594 0.8686 0.6173
-0.0535 -0.1881 -0.0771 -0.6785 0.6797 0.2787 0.8702 0.6085
-0.0757 -0.2285 -0.0937 -0.9984 -0.0522 -0.0214 0.8704 0.6072
-0.0535 -0.2689 -0.1102 -0.6319 -0.7171 -0.2940 0.8707 0.6058
0.0000 -0.3087 0.0011 0.0000 -1.0000 0.0036 0.8714 0.6233
0.0535 -0.2906 0.0010 0.6319 -0.7751 0.0028 0.8711 0.6215
0.0757 -0.2469 0.0009 0.9984 -0.0564 0.0002 0.8708 0.6201
0.0535 -0.2033 0.0007 0.6785 0.7346 -0.0026 0.8705 0.6188
0.0000 -0.1852 0.0007 0.3200 0.9474 -0.0034 0.8703 0.6173
-0.0535 -0.2033 0.0007 -0.6785 0.7346 -0.0026 0.8722 0.6094
-0.0757 -0.2469 0.0009 -0.9984 -0.0564 0.0002 0.8730 0.6082
-0.0535 -0.2906 0.0010 -0.6319 -0.7751 0.0028 0.8738 0.6071
0.0000 -0.2848 0.1192 -0.0000 -0.9225 0.3860 0.8751 0.6217
0.0535 -0.2681 0.1122 0.6319 -0.7150 0.2992 0.8741 0.6202
0.0757 -0.2278 0.0953 0.9984 -0.0521 0.0218 0.8734 0.6190
0.0535 -0.1875 0.0785 0.6785 0.6777 -0.2836 0.8726 0.6179
0.0000 -0.1709 0.0715 0.3200 0.8740 -0.3657 0.8718 0.6167
-0.0535 -0.1875 0.0785 -0.6785 0.6777 -0.2836 0.8738 0.6110
-0.0757 -0.2278 0.0953 -0.9984 -0.0521 0.0218 0.8749 0.6102
-0.0535 -0.2681 0.1122 -0.6319 -0.7150 0.2992 0.8761 0.6094
0.0000 -0.2175 0.2191 0.0000 -0.7046 0.7096 0.8779 0.6189
0.0535 -0.2047 0.2062 0.6319 -0.5461 0.5500 0.8765 0.6179
0.0757 -0.1740 0.1752 0.9984 -0.0398 0.0401 0.8753 0.6171
0.0535 -0.1432 0.1443 0.6785 0.5176 -0.5213 0.8741 0.6163
0.0000 -0.1305 0.1314 0.3200 0.6675 -0.6723 0.8729 0.6155
-0.0535 -0.1432 0.1443 -0.6785 0.5176 -0.5213 0.8746 0.6130
-0.0757 -0.1740 0.1752 -0.9984 -0.0398 0.0401 0.8760 0.6127
-0.0535 -0.2047 0.2062 -0.6319 -0.5461 0.5500 0.8774 0.6125
0.0000 -0.1171 0.2856 -0.0000 -0.3794 0.9252 0.8795 0.6152
0.0535 -0.1102 0.2689 0.6319 -0.2940 0.7171 0.8777 0.6148
0.0757 -0.0937 0.2285 0.9984 -0.0214 0.0522 0.8763 0.6145
0.0535 -0.0771 0.1881 0.6785 0.2787 -0.6797 0.8749 0.6143
0.0000 -0.0703 0.1714 0.3200 0.3594 -0.8766 0.8735 0.6140
-0.0535 -0.0771 0.1881 -0.6785 0.2787 -0.6797 0.8747 0.6153
-0.0757 -0.0937 0.2285 -0.9984 -0.0214 0.0522 0.8760 0.6155
-0.0535 -0.1102 0.2689 -0.6319 -0.2940 0.7171 0.8774 0.6158
0.0351 -0.2072 0.2078 1.0000 0.0000 0.0000 0.8759 0.6211
0.0351 -0.2087 -0.2064 1.0000 0.0000 0.0000 0.8639 0.6211
0.0351 0.2069 0.2063 1.0000 0.0000 0.0000 0.8759 0.6091
0.0351 0.2054 -0.2078 1.0000 0.0000 0.0000 0.8639 0.6091
-0.0332 -0.2087 -0.2064 -1.0000 0.0000 0.0000 0.8808 0.6076
-0.0332 -0.2072 0.2078 -1.0000 0.0000 0.0000 0.8808 0.6195
-0.0332 0.2054 -0.2078 -1.0000 0.0000 0.0000 0.8688 0.6076
-0.0332 0.2069 0.2063 -1.0000 0.0000 0.0000 0.8688 0.6195
0.0000 0.0007 0.1852 -0.3200 -0.0034 -0.9474 0.8726 0.6165
0.0000 0.0715 0.1709 -0.3200 -0.3657 -0.8740 0.8715 0.6177
0.0000 0.0007 0.1852 -0.3200 -0.0034 -0.9474 0.8726 0.6165
0.0000 0.0011 0.3087 -0.0000 0.0036 1.0000 0.8777 0.6198
0.0000 0.0011 0.3087 -0.0000 0.0036 1.0000 0.8777 0.6198
0.0000 0.1192 0.2848 -0.0000 0.3860 0.9225 0.8749 0.6228
0.0000 0.0715 0.1709 -0.3200 -0.3657 -0.8740 0.8715 0.6177
0.0000 0.1314 0.1305 -0.3200 -0.6723 -0.6675 0.8700 0.6183
0.0000 0.0715 0.1709 -0.3200 -0.3657 -0.8740 0.8715 0.6177
0.0000 0.2191 0.2175 0.0000 0.7093 0.7049 0.8712 0.6243
0.0000 0.2191 0.2175 0.0000 0.7093 0.7049 0.8712 0.6243
0.0000 0.1192 0.2848 -0.0000 0.3860 0.9225 0.8749 0.6228
0.0000 0.1314 0.1305 -0.3200 -0.6723 -0.6675 0.8700 0.6183
0.0000 0.1714 0.0703 -0.3200 -0.8766 -0.3594 0.8683 0.6184
0.0000 0.1314 0.1305 -0.3200 -0.6723 -0.6675 0.8700 0.6183
0.0000 0.2856 0.1171 0.0000 0.9251 0.3798 0.8671 0.6244
0.0000 0.2856 0.1171 0.0000 0.9251 0.3798 0.8671 0.6244
0.0000 0.2191 0.2175 0.0000 0.7093 0.7049 0.8712 0.6243
0.0000 0.1714 0.0703 -0.3200 -0.8766 -0.3594 0.8683 0.6184
0.0000 0.1852 -0.0007 -0.3200 -0.9474 0.0034 0.8668 0.6177
0.0000 0.1714 0.0703 -0.3200 -0.8766 -0.3594 0.8683 0.6184
0.0000 0.3087 -0.0011 0.0000 1.0000 -0.0041 0.8633 0.6227
0.0000 0.3087 -0.0011 0.0000 1.0000 -0.0041 0.8633 0.6227
0.0000 0.2856 0.1171 0.0000 0.9251 0.3798 0.8671 0.6244
0.0000 0.1852 -0.0007 -0.3200 -0.9474 0.0034 0.8668 0.6177
0.0000 0.1709 -0.0715 -0.3200 -0.8740 0.3657 0.8657 0.6165
0.0000 0.1852 -0.0007 -0.3200 -0.9474 0.0034 0.8668 0.6177
0.0000 0.2848 -0.1192 -0.0000 0.9223 -0.3865 0.8605 0.6198
0.0000 0.2848 -0.1192 -0.0000 0.9223 -0.3865 0.8605 0.6198
0.0000 0.3087 -0.0011 0.0000 1.0000 -0.0041 0.8633 0.6227
0.0000 0.1709 -0.0715 -0.3200 -0.8740 0.3657 0.8657 0.6165
0.0000 0.1305 -0.1314 -0.3200 -0.6675 0.6723 0.8650 0.6149
0.0000 0.1709 -0.0715 -0.3200 -0.8740 0.3657 0.8657 0.6165
0.0000 0.2175 -0.2191 0.0000 0.7046 -0.7096 0.8591 0.6161
0.0000 0.2175 -0.2191 0.0000 0.7046 -0.7096 0.8591 0.6161
0.0000 0.2848 -0.1192 -0.0000 0.9223 -0.3865 0.8605 0.6198
0.0000 0.1305 -0.1314 -0.3200 -0.6675 0.6723 0.8650 0.6149
0.0000 0.0703 -0.1714 -0.3200 -0.3594 0.8766 0.8650 0.6133
0.0000 0.1305 -0.1314 -0.3200 -0.6675 0.6723 0.8650 0.6149
0.0000 0.2175 -0.2191 0.0000 0.7046 -0.7096 0.8591 0.6161
0.0000 0.0703 -0.1714 -0.3200 -0.3594 0.8766 0.8650 0.6133
0.0000 -0.0007 -0.1852 -0.3200 0.0034 0.9474 0.8656 0.6118
0.0000 0.0703 -0.1714 -0.3200 -0.3594 0.8766 0.8650 0.6133
0.0000 -0.0011 -0.3087 0.0000 -0.0036 -1.0000 0.8606 0.6084
0.0000 -0.0011 -0.3087 0.0000 -0.0036 -1.0000 0.8606 0.6084
0.0000 -0.0007 -0.1852 -0.3200 0.0034 0.9474 0.8656 0.6118
0.0000 -0.0715 -0.1709 -0.3200 0.3657 0.8740 0.8667 0.6106
0.0000 -0.0007 -0.1852 -0.3200 0.0034 0.9474 0.8656 0.6118
0.0000 -0.1192 -0.2848 0.0000 -0.3860 -0.9225 0.8634 0.6056
0.0000 -0.1192 -0.2848 0.0000 -0.3860 -0.9225 0.8634 0.6056
0.0000 -0.0011 -0.3087 0.0000 -0.0036 -1.0000 0.8606 0.6084
0.0000 -0.0715 -0.1709 -0.3200 0.3657 0.8740 0.8667 0.6106
0.0000 -0.1314 -0.1305 -0.3200 0.6723 0.6675 0.8682 0.6100
0.0000 -0.0715 -0.1709 -0.3200 0.3657 0.8740 0.8667 0.6106
0.0000 -0.2191 -0.2175 0.0000 -0.7096 -0.7046 0.8671 0.6040
0.0000 -0.2191 -0.2175 0.0000 -0.7096 -0.7046 0.8671 0.6040
0.0000 -0.1192 -0.2848 0.0000 -0.3860 -0.9225 0.8634 0.6056
0.0000 -0.1314 -0.1305 -0.3200 0.6723 0.6675 0.8682 0.6100
0.0000 -0.1714 -0.0703 -0.3200 0.8766 0.3594 0.8699 0.6100
0.0000 -0.1314 -0.1305 -0.3200 0.6723 0.6675 0.8682 0.6100
0.0000 -0.2856 -0.1171 0.0000 -0.9252 -0.3794 0.8711 0.6040
0.0000 -0.2856 -0.1171 0.0000 -0.9252 -0.3794 0.8711 0.6040
0.0000 -0.2191 -0.2175 0.0000 -0.7096 -0.7046 0.8671 0.6040
0.0000 -0.1714 -0.0703 -0.3200 0.8766 0.3594 0.8699 0.6100
0.0000 -0.1852 0.0007 -0.3200 0.9474 -0.0034 0.8714 0.6106
0.0000 -0.1714 -0.0703 -0.3200 0.8766 0.3594 0.8699 0.6100
0.0000 -0.3087 0.0011 0.0000 -1.0000 0.0036 0.8748 0.6056
0.0000 -0.3087 0.0011 0.0000 -1.0000 0.0036 0.8748 0.6056
0.0000 -0.2856 -0.1171 0.0000 -0.9252 -0.3794 0.8711 0.6040
0.0000 -0.1852 0.0007 -0.3200 0.9474 -0.0034 0.8714 0.6106
0.0000 -0.1709 0.0715 -0.3200 0.8740 -0.3657 0.8726 0.6118
0.0000 -0.1852 0.0007 -0.3200 0.9474 -0.0034 0.8714 0.6106
0.0000 -0.2848 0.1192 -0.0000 -0.9225 0.3860 0.8776 0.6084
0.0000 -0.2848 0.1192 -0.0000 -0.9225 0.3860 0.8776 0.6084
0.0000 -0.3087 0.0011 0.0000 -1.0000 0.0036 0.8748 0.6056
0.0000 -0.1709 0.0715 -0.3200 0.8740 -0.3657 0.8726 0.6118
0.0000 -0.1305 0.1314 -0.3200 0.6675 -0.6723 0.8732 0.6133
0.0000 -0.1709 0.0715 -0.3200 0.8740 -0.3657 0.8726 0.6118
0.0000 -0.2175 0.2191 0.0000 -0.7046 0.7096 0.8792 0.6121
0.0000 -0.2175 0.2191 0.0000 -0.7046 0.7096 0.8792 0.6121
0.0000 -0.2848 0.1192 -0.0000 -0.9225 0.3860 0.8776 0.6084
0.0000 -0.1305 0.1314 -0.3200 0.6675 -0.6723 0.8732 0.6133
0.0000 -0.0703 0.1714 -0.3200 0.3594 -0.8766 0.8732 0.6150
0.0000 -0.1305 0.1314 -0.3200 0.6675 -0.6723 0.8732 0.6133
0.0000 -0.2175 0.2191 0.0000 -0.7046 0.7096 0.8792 0.6121
0.0000 -0.0703 0.1714 -0.3200 0.3594 -0.8766 0.8732 0.6150
0.0000 0.0007 0.1852 -0.3200 -0.0034 -0.9474 0.8726 0.6165
0.0000 -0.0703 0.1714 -0.3200 0.3594 -0.8766 0.8732 0.6150
0.0000 0.0011 0.3087 -0.0000 0.0036 1.0000 0.8777 0.6198
0.0000 0.0011 0.3087 -0.0000 0.0036 1.0000 0.8777 0.6198
0 9 8
0 1 9
1 10 9
1 2 10
2 11 10
2 3 11
3 12 11
3 4 12
136 13 137
138 5 13
5 14 13
5 6 14
6 15 14
6 7 15
139 15 7
140 141 15
8 17 16
8 9 17
9 18 17
9 10 18
10 19 18
10 11 19
11 20 19
11 12 20
142 21 143
144 13 21
13 22 21
13 14 22
14 23 22
14 15 23
15 145 23
15 147 146
16 25 24
16 17 25
17 26 25
17 18 26
18 27 26
18 19 27
19 28 27
19 20 28
148 29 149
150 21 29
21 30 29
21 22 30
22 31 30
22 23 31
23 151 31
23 153 152
24 33 32
24 25 33
25 34 33
25 26 34
26 35 34
26 27 35
27 36 35
27 28 36
154 37 155
156 29 37
29 38 37
29 30 38
30 39 38
30 31 39
31 157 39
31 159 158
32 41 40
32 33 41
33 42 41
33 34 42
34 43 42
34 35 43
35 44 43
35 36 44
160 45 161
162 37 45
37 46 45
37 38 46
38 47 46
38 39 47
39 163 47
39 165 164
40 49 48
40 41 49
41 50 49
41 42 50
42 51 50
42 43 51
43 52 51
43 44 52
166 53 167
168 45 53
45 54 53
45 46 54
46 55 54
46 47 55
47 169 55
47 171 170
48 57 56
48 49 57
49 58 57
49 50 58
50 59 58
50 51 59
51 60 59
51 52 60
172 61 173
174 53 61
53 62 61
53 54 62
54 63 62
54 55 63
55 56 63
55 175 56
56 65 64
56 57 65
57 66 65
57 58 66
58 67 66
58 59 67
59 68 67
59 60 68
176 69 177
178 61 69
61 70 69
61 62 70
62 71 70
62 63 71
63 179 71
63 56 180
64 73 72
64 65 73
65 74 73
65 66 74
66 75 74
66 67 75
67 76 75
67 68 76
181 77 182
183 69 77
69 78 77
69 70 78
70 79 78
70 71 79
71 184 79
71 186 185
72 81 80
72 73 81
73 82 81
73 74 82
74 83 82
74 75 83
75 84 83
75 76 84
187 85 188
189 77 85
77 86 85
77 78 86
78 87 86
78 79 87
79 190 87
79 192 191
80 89 88
80 81 89
81 90 89
81 82 90
82 91 90
82 83 91
83 92 91
83 84 92
193 93 194
195 85 93
85 94 93
85 86 94
86 95 94
86 87 95
87 196 95
87 198 197
88 97 96
88 89 97
89 98 97
89 90 98
90 99 98
90 91 99
91 100 99
91 92 100
199 101 200
201 93 101
93 102 101
93 94 102
94 103 102
94 95 103
95 202 103
95 204 203
96 105 104
96 97 105
97 106 105
97 98 106
98 107 106
98 99 107
99 108 107
99 100 108
205 109 206
207 101 109
101 110 109
101 102 110
102 111 110
102 103 111
103 208 111
103 210 209
104 113 112
104 105 113
105 114 113
105 106 114
106 115 114
106 107 115
107 116 115
107 108 116
211 117 212
213 109 117
109 118 117
109 110 118
110 119 118
110 111 119
111 214 119
111 216 215
112 121 120
112 113 121
113 122 121
113 114 122
114 123 122
114 115 123
115 124 123
115 116 124
217 125 218
219 117 125
117 126 125
117 118 126
118 127 126
118 119 127
119 120 127
119 220 120
120 1 0
120 121 1
121 2 1
121 122 2
122 3 2
122 123 3
123 4 3
123 124 4
221 5 222
223 125 5
125 6 5
125 126 6
126 7 6
126 127 7
127 224 7
127 120 225
129 130 128
129 131 130
133 134 132
133 135 134
LABEL LGFrontRightWheel
MATERIAL 2
TEXTURE 2
FLAG 0
GEOM 226 260
0.0000 0.0011 0.3087 -0.0000 0.0036 1.0000 0.8982 0.5977
0.0535 0.0010 0.2906 0.6319 0.0028 0.7751 0.8965 0.5981
0.0757 0.0009 0.2469 0.9984 0.0002 0.0564 0.8950 0.5983
0.0535 0.0007 0.2033 0.6785 -0.0026 -0.7346 0.8937 0.5986
0.0000 0.0007 0.1852 0.3200 -0.0034 -0.9474 0.8922 0.5989
-0.0535 0.0007 0.2033 -0.6785 -0.0026 -0.7346 0.8937 0.6028
-0.0757 0.0009 0.2469 -0.9984 0.0002 0.0564 0.8948 0.6036
-0.0535 0.0010 0.2906 -0.6319 0.0028 0.7751 0.8960 0.6044
0.0000 0.1192 0.2848 -0.0000 0.3860 0.9225 0.8967 0.5940
0.0535 0.1122 0.2681 0.6319 0.2992 0.7150 0.8952 0.5950
0.0757 0.0953 0.2278 0.9984 0.0218 0.0521 0.8940 0.5958
0.0535 0.0785 0.1875 0.6785 -0.2836 -0.6777 0.8929 0.5966
0.0000 0.0715 0.1709 0.3200 -0.3657 -0.8740 0.8916 0.5973
-0.0535 0.0785 0.1875 -0.6785 -0.2836 -0.6777 0.8921 0.6044
-0.0757 0.0953 0.2278 -0.9984 0.0218 0.0521 0.8929 0.6055
-0.0535 0.1122 0.2681 -0.6319 0.2992 0.7150 0.8937 0.6067
0.0000 0.2191 0.2175 0.0000 0.7093 0.7049 0.8939 0.5912
0.0535 0.2062 0.2047 0.6321 0.5490 0.5468 0.8929 0.5927
0.0757 0.1752 0.1740 0.9985 0.0377 0.0395 0.8921 0.5938
0.0535 0.1443 0.1432 0.6785 -0.5213 -0.5176 0.8913 0.5950
0.0000 0.1314 0.1305 0.3200 -0.6723 -0.6675 0.8905 0.5962
-0.0535 0.1443 0.1432 -0.6785 -0.5213 -0.5176 0.8901 0.6053
-0.0757 0.1752 0.1740 -0.9985 0.0377 0.0395 0.8903 0.6066
-0.0535 0.2062 0.2047 -0.6321 0.5490 0.5468 0.8906 0.6081
0.0000 0.2856 0.1171 0.0000 0.9251 0.3798 0.8902 0.5896
0.0543 0.2689 0.1102 0.6349 0.7143 0.2942 0.8898 0.5914
0.0757 0.2285 0.0937 0.9987 0.0459 0.0204 0.8895 0.5928
0.0535 0.1881 0.0771 0.6785 -0.6797 -0.2787 0.8893 0.5941
0.0000 0.1714 0.0703 0.3200 -0.8766 -0.3594 0.8890 0.5956
-0.0535 0.1881 0.0771 -0.6785 -0.6797 -0.2787 0.8878 0.6053
-0.0757 0.2285 0.0937 -0.9987 0.0459 0.0204 0.8876 0.6066
-0.0543 0.2689 0.1102 -0.6349 0.7143 0.2942 0.8873 0.6080
0.0000 0.3087 -0.0011 0.0000 1.0000 -0.0041 0.8861 0.5896
0.0543 0.2906 -0.0010 0.6349 0.7725 -0.0040 0.8865 0.5915
0.0757 0.2469 -0.0009 0.9987 0.0502 -0.0016 0.8868 0.5928
0.0535 0.2033 -0.0007 0.6785 -0.7346 0.0026 0.8871 0.5942
0.0000 0.1852 -0.0007 0.3200 -0.9474 0.0034 0.8873 0.5956
-0.0535 0.2033 -0.0007 -0.6785 -0.7346 0.0026 0.8858 0.6044
-0.0757 0.2469 -0.0009 -0.9987 0.0502 -0.0016 0.8850 0.6055
-0.0543 0.2906 -0.0010 -0.6349 0.7725 -0.0040 0.8842 0.6067
0.0000 0.2848 -0.1192 -0.0000 0.9223 -0.3865 0.8824 0.5912
0.0535 0.2681 -0.1122 0.6321 0.7143 -0.3003 0.8834 0.5927
0.0757 0.2278 -0.0953 0.9985 0.0498 -0.0224 0.8842 0.5939
0.0535 0.1875 -0.0785 0.6785 -0.6777 0.2836 0.8850 0.5950
0.0000 0.1709 -0.0715 0.3200 -0.8740 0.3657 0.8858 0.5962
-0.0535 0.1875 -0.0785 -0.6785 -0.6777 0.2836 0.8843 0.6028
-0.0757 0.2278 -0.0953 -0.9985 0.0498 -0.0224 0.8831 0.6036
-0.0535 0.2681 -0.1122 -0.6321 0.7143 -0.3003 0.8819 0.6044
0.0000 0.2175 -0.2191 0.0000 0.7046 -0.7096 0.8796 0.5940
0.0535 0.2047 -0.2062 0.6319 0.5461 -0.5500 0.8811 0.5951
0.0757 0.1740 -0.1752 0.9984 0.0398 -0.0401 0.8823 0.5958
0.0535 0.1432 -0.1443 0.6785 -0.5176 0.5213 0.8835 0.5966
0.0000 0.1305 -0.1314 0.3200 -0.6675 0.6723 0.8847 0.5974
-0.0535 0.1432 -0.1443 -0.6785 -0.5176 0.5213 0.8834 0.6007
-0.0757 0.1740 -0.1752 -0.9984 0.0398 -0.0401 0.8821 0.6010
-0.0535 0.2047 -0.2062 -0.6319 0.5461 -0.5500 0.8807 0.6013
0.0000 0.1171 -0.2856 0.0000 0.3794 -0.9252 0.8781 0.5977
0.0535 0.1102 -0.2689 0.6319 0.2940 -0.7171 0.8799 0.5981
0.0757 0.0937 -0.2285 0.9984 0.0214 -0.0522 0.8813 0.5984
0.0535 0.0771 -0.1881 0.6785 -0.2787 0.6797 0.8826 0.5987
0.0000 0.0703 -0.1714 0.3200 -0.3594 0.8766 0.8841 0.5990
-0.0535 0.0771 -0.1881 -0.6785 -0.2787 0.6797 0.8834 0.5985
-0.0757 0.0937 -0.2285 -0.9984 0.0214 -0.0522 0.8821 0.5983
-0.0535 0.1102 -0.2689 -0.6319 0.2940 -0.7171 0.8807 0.5980
0.0000 -0.0011 -0.3087 0.0000 -0.0036 -1.0000 0.8781 0.6018
0.0535 -0.0010 -0.2906 0.6319 -0.0028 -0.7751 0.8799 0.6014
0.0757 -0.0009 -0.2469 0.9984 -0.0002 -0.0564 0.8813 0.6012
0.0535 -0.0007 -0.2033 0.6785 0.0026 0.7346 0.8826 0.6009
0.0000 -0.0007 -0.1852 0.3200 0.0034 0.9474 0.8841 0.6006
-0.0535 -0.0007 -0.2033 -0.6785 0.0026 0.7346 0.8842 0.5965
-0.0757 -0.0009 -0.2469 -0.9984 -0.0002 -0.0564 0.8831 0.5957
-0.0535 -0.0010 -0.2906 -0.6319 -0.0028 -0.7751 0.8819 0.5949
0.0000 -0.1192 -0.2848 0.0000 -0.3860 -0.9225 0.8796 0.6055
0.0535 -0.1122 -0.2681 0.6319 -0.2992 -0.7150 0.8812 0.6045
0.0757 -0.0953 -0.2278 0.9984 -0.0218 -0.0521 0.8824 0.6037
0.0535 -0.0785 -0.1875 0.6785 0.2836 0.6777 0.8835 0.6029
0.0000 -0.0715 -0.1709 0.3200 0.3657 0.8740 0.8847 0.6021
-0.0535 -0.0785 -0.1875 -0.6785 0.2836 0.6777 0.8858 0.5949
-0.0757 -0.0953 -0.2278 -0.9984 -0.0218 -0.0521 0.8850 0.5938
-0.0535 -0.1122 -0.2681 -0.6319 -0.2992 -0.7150 0.8842 0.5926
0.0000 -0.2191 -0.2175 0.0000 -0.7096 -0.7046 0.8825 0.6083
0.0535 -0.2062 -0.2047 0.6319 -0.5500 -0.5461 0.8835 0.6068
0.0757 -0.1752 -0.1740 0.9984 -0.0401 -0.0398 0.8843 0.6057
0.0535 -0.1443 -0.1432 0.6785 0.5213 0.5176 0.8851 0.6045
0.0000 -0.1314 -0.1305 0.3200 0.6723 0.6675 0.8859 0.6033
-0.0535 -0.1443 -0.1432 -0.6785 0.5213 0.5176 0.8878 0.5941
-0.0757 -0.1752 -0.1740 -0.9984 -0.0401 -0.0398 0.8875 0.5927
-0.0535 -0.2062 -0.2047 -0.6319 -0.5500 -0.5461 0.8872 0.5913
0.0000 -0.2856 -0.1171 0.0000 -0.9252 -0.3794 0.8862 0.6099
0.0535 -0.2689 -0.1102 0.6319 -0.7171 -0.2940 0.8866 0.6081
0.0757 -0.2285 -0.0937 0.9984 -0.0522 -0.0214 0.8869 0.6067
0.0535 -0.1881 -0.0771 0.6785 0.6797 0.2787 0.8871 0.6054
0.0000 -0.1714 -0.0703 0.3200 0.8766 0.3594 0.8874 0.6039
-0.0535 -0.1881 -0.0771 -0.6785 0.6797 0.2787 0.8900 0.5941
-0.0757 -0.2285 -0.0937 -0.9984 -0.0522 -0.0214 0.8903 0.5927
-0.0535 -0.2689 -0.1102 -0.6319 -0.7171 -0.2940 0.8905 0.5913
0.0000 -0.3087 0.0011 0.0000 -1.0000 0.0036 0.8902 0.6099
0.0535 -0.2906 0.0010 0.6319 -0.7751 0.0028 0.8899 0.6081
0.0757 -0.2469 0.0009 0.9984 -0.0564 0.0002 0.8896 0.6067
0.0535 -0.2033 0.0007 0.6785 0.7346 -0.0026 0.8893 0.6054
0.0000 -0.1852 0.0007 0.3200 0.9474 -0.0034 0.8891 0.6039
-0.0535 -0.2033 0.0007 -0.6785 0.7346 -0.0026 0.8920 0.5949
-0.0757 -0.2469 0.0009 -0.9984 -0.0564 0.0002 0.8928 0.5938
-0.0535 -0.2906 0.0010 -0.6319 -0.7751 0.0028 0.8936 0.5926
0.0000 -0.2848 0.1192 -0.0000 -0.9225 0.3860 0.8939 0.6083
0.0535 -0.2681 0.1122 0.6319 -0.7150 0.2992 0.8929 0.6068
0.0757 -0.2278 0.0953 0.9984 -0.0521 0.0218 0.8922 0.6056
0.0535 -0.1875 0.0785 0.6785 0.6777 -0.2836 0.8914 0.6045
0.0000 -0.1709 0.0715 0.3200 0.8740 -0.3657 0.8906 0.6033
-0.0535 -0.1875 0.0785 -0.6785 0.6777 -0.2836 0.8936 0.5965
-0.0757 -0.2278 0.0953 -0.9984 -0.0521 0.0218 0.8948 0.5957
-0.0535 -0.2681 0.1122 -0.6319 -0.7150 0.2992 0.8959 0.5949
0.0000 -0.2175 0.2191 0.0000 -0.7046 0.7096 0.8968 0.6055
0.0535 -0.2047 0.2062 0.6319 -0.5461 0.5500 0.8953 0.6045
0.0757 -0.1740 0.1752 0.9984 -0.0398 0.0401 0.8941 0.6037
0.0535 -0.1432 0.1443 0.6785 0.5176 -0.5213 0.8929 0.6029
0.0000 -0.1305 0.1314 0.3200 0.6675 -0.6723 0.8917 0.6021
-0.0535 -0.1432 0.1443 -0.6785 0.5176 -0.5213 0.8945 0.5985
-0.0757 -0.1740 0.1752 -0.9984 -0.0398 0.0401 0.8958 0.5982
-0.0535 -0.2047 0.2062 -0.6319 -0.5461 0.5500 0.8972 0.5980
0.0000 -0.1171 0.2856 -0.0000 -0.3794 0.9252 0.8983 0.6018
0.0535 -0.1102 0.2689 0.6319 -0.2940 0.7171 0.8965 0.6014
0.0757 -0.0937 0.2285 0.9984 -0.0214 0.0522 0.8951 0.6011
0.0535 -0.0771 0.1881 0.6785 0.2787 -0.6797 0.8937 0.6009
0.0000 -0.0703 0.1714 0.3200 0.3594 -0.8766 0.8923 0.6006
-0.0535 -0.0771 0.1881 -0.6785 0.2787 -0.6797 0.8945 0.6008
-0.0757 -0.0937 0.2285 -0.9984 -0.0214 0.0522 0.8958 0.6010
-0.0535 -0.1102 0.2689 -0.6319 -0.2940 0.7171 0.8973 0.6013
0.0351 -0.2072 0.2078 1.0000 0.0000 0.0000 0.8766 0.6031
0.0351 -0.2087 -0.2064 1.0000 0.0000 0.0000 0.8647 0.6031
0.0351 0.2069 0.2063 1.0000 0.0000 0.0000 0.8766 0.5911
0.0351 0.2054 -0.2078 1.0000 0.0000 0.0000 0.8647 0.5911
-0.0332 -0.2087 -0.2064 -1.0000 0.0000 0.0000 0.8758 0.5909
-0.0332 -0.2072 0.2078 -1.0000 0.0000 0.0000 0.8758 0.6029
-0.0332 0.2054 -0.2078 -1.0000 0.0000 0.0000 0.8638 0.5909
-0.0332 0.2069 0.2063 -1.0000 0.0000 0.0000 0.8638 0.6029
0.0000 0.0007 0.1852 -0.3200 -0.0034 -0.9474 0.8925 0.6020
0.0000 0.0715 0.1709 -0.3200 -0.3657 -0.8740 0.8913 0.6032
0.0000 0.0007 0.1852 -0.3200 -0.0034 -0.9474 0.8925 0.6020
0.0000 0.0011 0.3087 -0.0000 0.0036 1.0000 0.8975 0.6053
0.0000 0.0011 0.3087 -0.0000 0.0036 1.0000 0.8975 0.6053
0.0000 0.1192 0.2848 -0.0000 0.3860 0.9225 0.8948 0.6083
0.0000 0.0715 0.1709 -0.3200 -0.3657 -0.8740 0.8913 0.6032
0.0000 0.1314 0.1305 -0.3200 -0.6723 -0.6675 0.8898 0.6039
0.0000 0.0715 0.1709 -0.3200 -0.3657 -0.8740 0.8913 0.6032
0.0000 0.2191 0.2175 0.0000 0.7093 0.7049 0.8910 0.6098
0.0000 0.2191 0.2175 0.0000 0.7093 0.7049 0.8910 0.6098
0.0000 0.1192 0.2848 -0.0000 0.3860 0.9225 0.8948 0.6083
0.0000 0.1314 0.1305 -0.3200 -0.6723 -0.6675 0.8898 0.6039
0.0000 0.1714 0.0703 -0.3200 -0.8766 -0.3594 0.8882 0.6039
0.0000 0.1314 0.1305 -0.3200 -0.6723 -0.6675 0.8898 0.6039
0.0000 0.2856 0.1171 0.0000 0.9251 0.3798 0.8869 0.6099
0.0000 0.2856 0.1171 0.0000 0.9251 0.3798 0.8869 0.6099
0.0000 0.2191 0.2175 0.0000 0.7093 0.7049 0.8910 0.6098
0.0000 0.1714 0.0703 -0.3200 -0.8766 -0.3594 0.8882 0.6039
0.0000 0.1852 -0.0007 -0.3200 -0.9474 0.0034 0.8866 0.6032
0.0000 0.1714 0.0703 -0.3200 -0.8766 -0.3594 0.8882 0.6039
0.0000 0.3087 -0.0011 0.0000 1.0000 -0.0041 0.8832 0.6082
0.0000 0.3087 -0.0011 0.0000 1.0000 -0.0041 0.8832 0.6082
0.0000 0.2856 0.1171 0.0000 0.9251 0.3798 0.8869 0.6099
0.0000 0.1852 -0.0007 -0.3200 -0.9474 0.0034 0.8866 0.6032
0.0000 0.1709 -0.0715 -0.3200 -0.8740 0.3657 0.8855 0.6020
0.0000 0.1852 -0.0007 -0.3200 -0.9474 0.0034 0.8866 0.6032
0.0000 0.2848 -0.1192 -0.0000 0.9223 -0.3865 0.8804 0.6053
0.0000 0.2848 -0.1192 -0.0000 0.9223 -0.3865 0.8804 0.6053
0.0000 0.3087 -0.0011 0.0000 1.0000 -0.0041 0.8832 0.6082
0.0000 0.1709 -0.0715 -0.3200 -0.8740 0.3657 0.8855 0.6020
0.0000 0.1305 -0.1314 -0.3200 -0.6675 0.6723 0.8848 0.6005
0.0000 0.1709 -0.0715 -0.3200 -0.8740 0.3657 0.8855 0.6020
0.0000 0.2175 -0.2191 0.0000 0.7046 -0.7096 0.8789 0.6016
0.0000 0.2175 -0.2191 0.0000 0.7046 -0.7096 0.8789 0.6016
0.0000 0.2848 -0.1192 -0.0000 0.9223 -0.3865 0.8804 0.6053
0.0000 0.1305 -0.1314 -0.3200 -0.6675 0.6723 0.8848 0.6005
0.0000 0.0703 -0.1714 -0.3200 -0.3594 0.8766 0.8848 0.5988
0.0000 0.1305 -0.1314 -0.3200 -0.6675 0.6723 0.8848 0.6005
0.0000 0.2175 -0.2191 0.0000 0.7046 -0.7096 0.8789 0.6016
0.0000 0.0703 -0.1714 -0.3200 -0.3594 0.8766 0.8848 0.5988
0.0000 -0.0007 -0.1852 -0.3200 0.0034 0.9474 0.8854 0.5973
0.0000 0.0703 -0.1714 -0.3200 -0.3594 0.8766 0.8848 0.5988
0.0000 -0.0011 -0.3087 0.0000 -0.0036 -1.0000 0.8804 0.5939
0.0000 -0.0011 -0.3087 0.0000 -0.0036 -1.0000 0.8804 0.5939
0.0000 -0.0007 -0.1852 -0.3200 0.0034 0.9474 0.8854 0.5973
0.0000 -0.0715 -0.1709 -0.3200 0.3657 0.8740 0.8865 0.5961
0.0000 -0.0007 -0.1852 -0.3200 0.0034 0.9474 0.8854 0.5973
0.0000 -0.1192 -0.2848 0.0000 -0.3860 -0.9225 0.8832 0.5911
0.0000 -0.1192 -0.2848 0.0000 -0.3860 -0.9225 0.8832 0.5911
0.0000 -0.0011 -0.3087 0.0000 -0.0036 -1.0000 0.8804 0.5939
0.0000 -0.0715 -0.1709 -0.3200 0.3657 0.8740 0.8865 0.5961
0.0000 -0.1314 -0.1305 -0.3200 0.6723 0.6675 0.8880 0.5955
0.0000 -0.0715 -0.1709 -0.3200 0.3657 0.8740 0.8865 0.5961
0.0000 -0.2191 -0.2175 0.0000 -0.7096 -0.7046 0.8869 0.5895
0.0000 -0.2191 -0.2175 0.0000 -0.7096 -0.7046 0.8869 0.5895
0.0000 -0.1192 -0.2848 0.0000 -0.3860 -0.9225 0.8832 0.5911
0.0000 -0.1314 -0.1305 -0.3200 0.6723 0.6675 0.8880 0.5955
0.0000 -0.1714 -0.0703 -0.3200 0.8766 0.3594 0.8897 0.5955
0.0000 -0.1314 -0.1305 -0.3200 0.6723 0.6675 0.8880 0.5955
0.0000 -0.2856 -0.1171 0.0000 -0.9252 -0.3794 0.8909 0.5895
0.0000 -0.2856 -0.1171 0.0000 -0.9252 -0.3794 0.8909 0.5895
0.0000 -0.2191 -0.2175 0.0000 -0.7096 -0.7046 0.8869 0.5895
0.0000 -0.1714 -0.0703 -0.3200 0.8766 0.3594 0.8897 0.5955
0.0000 -0.1852 0.0007 -0.3200 0.9474 -0.0034 0.8912 0.5961
0.0000 -0.1714 -0.0703 -0.3200 0.8766 0.3594 0.8897 0.5955
0.0000 -0.3087 0.0011 0.0000 -1.0000 0.0036 0.8946 0.5911
0.0000 -0.3087 0.0011 0.0000 -1.0000 0.0036 0.8946 0.5911
0.0000 -0.2856 -0.1171 0.0000 -0.9252 -0.3794 0.8909 0.5895
0.0000 -0.1852 0.0007 -0.3200 0.9474 -0.0034 0.8912 0.5961
0.0000 -0.1709 0.0715 -0.3200 0.8740 -0.3657 0.8924 0.5973
0.0000 -0.1852 0.0007 -0.3200 0.9474 -0.0034 0.8912 0.5961
0.0000 -0.2848 0.1192 -0.0000 -0.9225 0.3860 0.8975 0.5939
0.0000 -0.2848 0.1192 -0.0000 -0.9225 0.3860 0.8975 0.5939
0.0000 -0.3087 0.0011 0.0000 -1.0000 0.0036 0.8946 0.5911
0.0000 -0.1709 0.0715 -0.3200 0.8740 -0.3657 0.8924 0.5973
0.0000 -0.1305 0.1314 -0.3200 0.6675 -0.6723 0.8930 0.5988
0.0000 -0.1709 0.0715 -0.3200 0.8740 -0.3657 0.8924 0.5973
0.0000 -0.2175 0.2191 0.0000 -0.7046 0.7096 0.8990 0.5976
0.0000 -0.2175 0.2191 0.0000 -0.7046 0.7096 0.8990 0.5976
0.0000 -0.2848 0.1192 -0.0000 -0.9225 0.3860 0.8975 0.5939
0.0000 -0.1305 0.1314 -0.3200 0.6675 -0.6723 0.8930 0.5988
0.0000 -0.0703 0.1714 -0.3200 0.3594 -0.8766 0.8931 0.6005
0.0000 -0.1305 0.1314 -0.3200 0.6675 -0.6723 0.8930 0.5988
0.0000 -0.2175 0.2191 0.0000 -0.7046 0.7096 0.8990 0.5976
0.0000 -0.0703 0.1714 -0.3200 0.3594 -0.8766 0.8931 0.6005
0.0000 0.0007 0.1852 -0.3200 -0.0034 -0.9474 0.8925 0.6020
0.0000 -0.0703 0.1714 -0.3200 0.3594 -0.8766 0.8931 0.6005
0.0000 0.0011 0.3087 -0.0000 0.0036 1.0000 0.8975 0.6053
0.0000 0.0011 0.3087 -0.0000 0.0036 1.0000 0.8975 0.6053
0 9 8
0 1 9
1 10 9
1 2 10
2 11 10
2 3 11
3 12 11
3 4 12
136 13 137
138 5 13
5 14 13
5 6 14
6 15 14
6 7 15
139 15 7
140 141 15
8 17 16
8 9 17
9 18 17
9 10 18
10 19 18
10 11 19
11 20 19
11 12 20
142 21 143
144 13 21
13 22 21
13 14 22
14 23 22
14 15 23
15 145 23
15 147 146
16 25 24
16 17 25
17 26 25
17 18 26
18 27 26
18 19 27
19 28 27
19 20 28
148 29 149
150 21 29
21 30 29
21 22 30
22 31 30
22 23 31
23 151 31
23 153 152
24 33 32
24 25 33
25 34 33
25 26 34
26 35 34
26 27 35
27 36 35
27 28 36
154 37 155
156 29 37
29 38 37
29 30 38
30 39 38
30 31 39
31 157 39
31 159 158
32 41 40
32 33 41
33 42 41
33 34 42
34 43 42
34 35 43
35 44 43
35 36 44
160 45 161
162 37 45
37 46 45
37 38 46
38 47 46
38 39 47
39 163 47
39 165 164
40 49 48
40 41 49
41 50 49
41 42 50
42 51 50
42 43 51
43 52 51
43 44 52
166 53 167
168 45 53
45 54 53
45 46 54
46 55 54
46 47 55
47 169 55
47 171 170
48 57 56
48 49 57
49 58 57
49 50 58
50 59 58
50 51 59
51 60 59
51 52 60
172 61 173
174 53 61
53 62 61
53 54 62
54 63 62
54 55 63
55 56 63
55 175 56
56 65 64
56 57 65
57 66 65
57 58 66
58 67 66
58 59 67
59 68 67
59 60 68
176 69 177
178 61 69
61 70 69
61 62 70
62 71 70
62 63 71
63 179 71
63 56 180
64 73 72
64 65 73
65 74 73
65 66 74
66 75 74
66 67 75
67 76 75
67 68 76
181 77 182
183 69 77
69 78 77
69 70 78
70 79 78
70 71 79
71 184 79
71 186 185
72 81 80
72 73 81
73 82 81
73 74 82
74 83 82
74 75 83
75 84 83
75 76 84
187 85 188
189 77 85
77 86 85
77 78 86
78 87 86
78 79 87
79 190 87
79 192 191
80 89 88
80 81 89
81 90 89
81 82 90
82 91 90
82 83 91
83 92 91
83 84 92
193 93 194
195 85 93
85 94 93
85 86 94
86 95 94
86 87 95
87 196 95
87 198 197
88 97 96
88 89 97
89 98 97
89 90 98
90 99 98
90 91 99
91 100 99
91 92 100
199 101 200
201 93 101
93 102 101
93 94 102
94 103 102
94 95 103
95 202 103
95 204 203
96 105 104
96 97 105
97 106 105
97 98 106
98 107 106
98 99 107
99 108 107
99 100 108
205 109 206
207 101 109
101 110 109
101 102 110
102 111 110
102 103 111
103 208 111
103 210 209
104 113 112
104 105 113
105 114 113
105 106 114
106 115 114
106 107 115
107 116 115
107 108 116
211 117 212
213 109 117
109 118 117
109 110 118
110 119 118
110 111 119
111 214 119
111 216 215
112 121 120
112 113 121
113 122 121
113 114 122
114 123 122
114 115 123
115 124 123
115 116 124
217 125 218
219 117 125
117 126 125
117 118 126
118 127 126
118 119 127
119 120 127
119 220 120
120 1 0
120 121 1
121 2 1
121 122 2
122 3 2
122 123 3
123 4 3
123 124 4
221 5 222
223 125 5
125 6 5
125 126 6
126 7 6
126 127 7
127 224 7
127 120 225
129 130 128
129 131 130
133 134 132
133 135 134
LABEL CockpitPanelF
MATERIAL 1
TEXTURE 1
FLAG 0
GEOM 23 12
0.2392 0.0586 0.0457 -0.4521 -0.0001 -0.8920 0.2960 0.0810
0.2391 0.0920 0.0457 -0.4518 -0.0003 -0.8921 0.2960 0.0660
0.2393 -0.1640 0.0457 -0.4521 -0.0001 -0.8920 0.2961 0.2069
0.3294 0.0586 -0.0000 -0.4521 -0.0001 -0.8920 0.3414 0.0810
0.3294 -0.2219 -0.0000 -0.4521 -0.0001 -0.8920 0.3414 0.2068
0.0356 0.2080 0.0457 0.0000 0.0000 -1.0000 0.9613 0.8102
-0.2392 0.0586 0.0457 0.0000 0.0000 -1.0000 0.9540 0.8142
-0.2391 0.0920 0.0457 0.0000 0.0000 -1.0000 0.9540 0.8133
-0.2393 -0.1640 0.0457 0.4521 -0.0001 -0.8920 0.0814 0.2069
-0.3294 0.0586 -0.0000 0.4521 -0.0001 -0.8920 0.0360 0.0811
-0.3294 -0.2219 -0.0000 0.4521 -0.0001 -0.8920 0.0360 0.2069
-0.0356 0.2080 0.0457 0.0000 0.0000 -1.0000 0.9594 0.8102
0.2392 0.0586 0.0457 0.0000 0.0000 -1.0000 0.9667 0.8142
0.2391 0.0920 0.0457 0.0000 0.0000 -1.0000 0.9667 0.8133
0.2391 0.0920 0.0457 0.0000 0.0000 -1.0000 0.9667 0.8133
0.2391 0.0920 0.0457 0.0000 0.0000 -1.0000 0.9667 0.8133
-0.2392 0.0586 0.0457 0.4521 -0.0001 -0.8920 0.0814 0.0811
-0.2391 0.0920 0.0457 0.4518 -0.0003 -0.8921 0.0814 0.0660
-0.2392 0.0586 0.0457 0.4518 -0.0003 -0.8921 0.0814 0.0811
-0.2393 -0.1640 0.0457 0.0000 -0.0000 -1.0000 0.9540 0.8217
0.2393 -0.1640 0.0457 0.0000 -0.0000 -1.0000 0.9668 0.8217
0.2393 -0.1640 0.0457 0.0000 -0.0000 -1.0000 0.9668 0.8217
0.2392 0.0586 0.0457 0.0000 -0.0000 -1.0000 0.9667 0.8142
3 2 0
3 4 2
1 3 0
6 13 12
14 11 5
11 6 7
15 6 11
9 8 10
9 16 8
17 18 9
6 20 19
6 22 21
LABEL FrontWindowOutside
MATERIAL 4
TEXTURE 0
FLAG 0
GEOM 3 1
-0.3314 0.6001 13.3680 -0.6388 0.6236 0.4507
-0.0261 0.8994 13.3866 -0.6388 0.6236 0.4507
-0.0317 0.6130 13.7751 -0.6388 0.6236 0.4507
1 0 2
LABEL CockpitPanelHoodTop
MATERIAL 1
TEXTURE 1
FLAG 0
GEOM 12 4
0.3294 0.1215 0.5979 0.4714 0.8179 0.3297 0.9515 0.8831
0.0297 0.1302 1.0050 0.4714 0.8179 0.3297 0.9629 0.8731
0.0387 0.2891 0.5979 0.4714 0.8179 0.3297 0.9497 0.8730
-0.3294 0.1215 0.5979 -0.4714 0.8179 0.3297 0.9514 0.8809
-0.0297 0.1302 1.0050 -0.4714 0.8179 0.3297 0.9625 0.8714
-0.0387 0.2891 0.5979 -0.4714 0.8179 0.3297 0.9498 0.8715
0.0297 0.1302 1.0050 0.0000 0.9315 0.3637 0.9629 0.8731
-0.0297 0.1302 1.0050 0.0000 0.9315 0.3637 0.9625 0.8714
-0.0387 0.2891 0.5979 0.0000 0.9315 0.3637 0.9498 0.8715
0.0297 0.1302 1.0050 0.0000 0.9315 0.3637 0.9629 0.8731
-0.0387 0.2891 0.5979 0.0000 0.9315 0.3637 0.9498 0.8715
0.0387 0.2891 0.5979 0.0000 0.9315 0.3637 0.9497 0.8730
0 2 1
3 4 5
6 8 7
9 11 10
LABEL FrontWindowInside
MATERIAL 4
TEXTURE 0
FLAG 0
GEOM 3 1
0.3303 0.6015 13.3839 -0.6322 -0.6280 -0.4539
0.0241 0.8963 13.4025 -0.6322 -0.6280 -0.4539
0.0297 0.6100 13.7909 -0.6322 -0.6280 -0.4539
1 0 2
LABEL CanopyWindowOutside
MATERIAL 4
TEXTURE 0
FLAG 0
GEOM 6 4
-0.4381 0.3523 -0.1384 -0.7968 0.5823 0.1612
-0.2675 0.5861 -0.1247 -0.7968 0.5823 0.1612
-0.3759 0.2243 0.5420 -0.7116 0.6120 0.3451
-0.0633 0.5319 0.5789 -0.7116 0.6120 0.3451
-0.1915 0.5618 0.3240 -0.7564 0.6009 0.2583
-0.4103 0.2609 0.3439 -0.7544 0.6016 0.2626
4 0 5
4 1 0
3 5 2
3 4 5
LABEL CanopyWindowInside
MATERIAL 4
TEXTURE 0
FLAG 0
GEOM 6 4
-0.4409 0.3465 -0.1384 0.7922 -0.5886 -0.1614
-0.2667 0.5804 -0.1247 0.7922 -0.5886 -0.1614
-0.3792 0.2196 0.5420 0.7074 -0.6178 -0.3433
-0.0612 0.5271 0.5789 0.7074 -0.6178 -0.3433
-0.1912 0.5558 0.3242 0.7518 -0.6070 -0.2577
-0.4130 0.2549 0.3438 0.7500 -0.6076 -0.2614
4 0 1
4 5 0
3 5 4
3 2 5
MATERIALS 4
VCCockpit
Body
BasicMetal
Glass
MATERIAL VCCockpit
0.926 0.926 0.926 1.000
0.000 0.000 0.000 1.000
0.000 0.000 0.000 0.786 82.690
0.149 0.149 0.149 1.000
MATERIAL Body
0.926 0.926 0.926 1.000
0.063 0.063 0.063 1.000
0.071 0.071 0.071 1.000 227.000
0.000 0.000 0.000 1.000
MATERIAL BasicMetal
0.035 0.035 0.035 1.000
0.090 0.090 0.090 1.000
1.000 1.000 1.000 1.000 10.000
0.000 0.000 0.000 0.000
MATERIAL Glass
0.408 0.350 0.800 0.651
1.000 1.000 1.000 1.000
1.000 1.000 1.000 1.000 50.170
0.000 0.000 0.000 1.000
TEXTURES 2
SR71_VCCockPit.dds
SR71R_200_Body.dds
