MSHX1
GROUPS 160
LABEL CockpitPanelHood
MATERIAL 1
TEXTURE 1
FLAG 0
GEOM 22 10
0.3294 0.1215 0.5979 0.0000 0.0000 -1.0000 0.9010 0.4082
0.0387 0.2891 0.5979 0.0000 0.0000 -1.0000 0.9253 0.1854
-0.3294 0.1215 0.5979 0.0000 0.0000 -1.0000 0.9270 0.1967
-0.0387 0.2891 0.5979 0.0000 0.0000 -1.0000 0.9253 0.1867
0.0387 0.2849 0.5979 0.0000 0.0000 -1.0000 0.9254 0.1854
-0.0387 0.2849 0.5979 0.0000 0.0000 -1.0000 0.9254 0.1867
0.0298 0.1323 0.9926 0.0000 -0.9327 -0.3608 0.9381 0.1853
-0.0298 0.1323 0.9926 0.0000 -0.9327 -0.3608 0.9384 0.1869
0.3294 0.1175 0.5979 0.0000 0.0000 -1.0000 0.9011 0.4082
-0.3294 0.1175 0.5979 0.0000 0.0000 -1.0000 0.9271 0.1967
0.0387 0.2849 0.5979 0.0000 -0.9327 -0.3608 0.9254 0.1854
-0.0387 0.2849 0.5979 0.0000 -0.9327 -0.3608 0.9254 0.1867
0.0387 0.2849 0.5979 0.0000 -0.9327 -0.3608 0.9254 0.1854
0.0387 0.2891 0.5979 0.0000 0.0000 -1.0000 0.8992 0.3990
0.0387 0.2849 0.5979 0.0000 0.0000 -1.0000 0.8993 0.3989
0.0387 0.2849 0.5979 0.0000 0.0000 -1.0000 0.8993 0.3989
-0.0298 0.1323 0.9926 0.4714 -0.8189 -0.3273 0.9384 0.1869
-0.0387 0.2849 0.5979 0.4714 -0.8189 -0.3273 0.9254 0.1867
-0.3294 0.1175 0.5979 0.4714 -0.8189 -0.3273 0.9271 0.1967
0.0387 0.2849 0.5979 -0.4714 -0.8189 -0.3273 0.8993 0.3989
0.0298 0.1323 0.9926 -0.4714 -0.8189 -0.3273 0.9120 0.3988
0.3294 0.1175 0.5979 -0.4714 -0.8189 -0.3273 0.9011 0.4082
1 5 3
1 4 5
10 7 11
12 6 7
0 14 13
0 8 15
2 5 9
2 3 5
16 18 17
19 21 20
LABEL AirBrakeLever
MATERIAL 2
TEXTURE 2
FLAG 0
GEOM 66 26
-0.6018 -0.1795 -4.2976 -0.9665 0.0000 -0.2566 0.2321 0.4412
-0.6018 0.1847 -4.2976 -0.9665 0.0000 -0.2566 0.2321 0.4333
-0.7706 -0.4755 -3.6617 -0.9665 0.0000 -0.2566 0.2179 0.4476
-0.7706 0.4807 -3.6617 -0.9665 0.0000 -0.2566 0.2179 0.4269
0.2430 -0.1795 -4.2976 0.9665 0.0000 -0.2565 0.2178 0.4258
0.2430 0.1847 -4.2976 0.9665 0.0000 -0.2565 0.2178 0.4180
0.4117 -0.4755 -3.6617 0.9665 0.0000 -0.2565 0.2320 0.4322
0.4117 0.4807 -3.6617 0.9665 0.0000 -0.2565 0.2320 0.4116
-0.1835 0.3637 -0.0011 0.6344 0.7730 0.0007 0.2666 0.4338
-0.1793 0.3637 -3.6928 0.6344 0.7730 0.0007 0.2474 0.4338
-0.0538 0.2571 -0.0003 0.6344 0.7730 0.0007 0.2666 0.4380
-0.0495 0.2572 -3.6921 0.6344 0.7730 0.0007 0.2474 0.4380
-0.0000 -0.0000 -0.0000 0.9788 0.2046 0.0011 0.2666 0.4445
0.0043 0.0000 -3.6918 0.9788 0.2046 0.0011 0.2474 0.4445
-0.0538 -0.2571 -0.0003 0.9788 -0.2046 0.0011 0.2666 0.4510
-0.0495 -0.2571 -3.6921 0.9788 -0.2046 0.0011 0.2474 0.4510
-0.1835 -0.3637 -0.0011 0.6344 -0.7730 0.0007 0.2666 0.4552
-0.1793 -0.3636 -3.6928 0.6344 -0.7730 0.0007 0.2474 0.4552
-0.3133 -0.2571 -0.0018 -0.6344 -0.7730 -0.0007 0.2666 0.4594
-0.3090 -0.2571 -3.6936 -0.6344 -0.7730 -0.0007 0.2474 0.4594
-0.3671 -0.0000 -0.0021 -0.9788 -0.2046 -0.0011 0.2666 0.4659
-0.3628 0.0000 -3.6939 -0.9788 -0.2046 -0.0011 0.2474 0.4659
-0.3133 0.2571 -0.0018 -0.6344 0.7730 -0.0007 0.2666 0.4725
-0.3090 0.2572 -3.6936 -0.6344 0.7730 -0.0007 0.2474 0.4725
0.2430 0.1847 -4.2976 0.0000 0.0000 -1.0000 0.2234 0.4015
-0.6018 0.1847 -4.2976 0.0000 0.0000 -1.0000 0.2234 0.4086
-0.6018 -0.1795 -4.2976 0.0000 0.0000 -1.0000 0.2265 0.4086
0.2430 0.1847 -4.2976 0.0000 0.0000 -1.0000 0.2234 0.4015
-0.6018 -0.1795 -4.2976 0.0000 0.0000 -1.0000 0.2265 0.4086
0.2430 -0.1795 -4.2976 0.0000 0.0000 -1.0000 0.2265 0.4015
-0.6018 -0.1795 -4.2976 0.0000 -0.9066 -0.4219 0.2265 0.4086
-0.7706 -0.4755 -3.6617 0.0000 -0.9066 -0.4219 0.2324 0.4100
0.4117 -0.4755 -3.6617 0.0000 -0.9066 -0.4219 0.2324 0.4001
-0.6018 -0.1795 -4.2976 0.0000 -0.9066 -0.4219 0.2265 0.4086
0.4117 -0.4755 -3.6617 0.0000 -0.9066 -0.4219 0.2324 0.4001
0.2430 -0.1795 -4.2976 0.0000 -0.9066 -0.4219 0.2265 0.4015
0.2430 0.1847 -4.2976 0.0000 0.9066 -0.4219 0.2234 0.4015
0.4117 0.4807 -3.6617 0.0000 0.9066 -0.4219 0.2175 0.4001
-0.7706 0.4807 -3.6617 0.0000 0.9066 -0.4219 0.2175 0.4100
0.2430 0.1847 -4.2976 0.0000 0.9066 -0.4219 0.2234 0.4015
-0.7706 0.4807 -3.6617 0.0000 0.9066 -0.4219 0.2175 0.4100
-0.6018 0.1847 -4.2976 0.0000 0.9066 -0.4219 0.2234 0.4086
-0.0538 0.2571 -0.0003 0.9788 0.2046 0.0011 0.2666 0.4380
-0.0495 0.2572 -3.6921 0.9788 0.2046 0.0011 0.2474 0.4380
-0.0538 0.2571 -0.0003 0.9788 0.2046 0.0011 0.2666 0.4380
-0.0000 -0.0000 -0.0000 0.9788 -0.2046 0.0011 0.2666 0.4445
0.0043 0.0000 -3.6918 0.9788 -0.2046 0.0011 0.2474 0.4445
-0.0000 -0.0000 -0.0000 0.9788 -0.2046 0.0011 0.2666 0.4445
-0.0538 -0.2571 -0.0003 0.6344 -0.7730 0.0007 0.2666 0.4510
-0.0495 -0.2571 -3.6921 0.6344 -0.7730 0.0007 0.2474 0.4510
-0.0538 -0.2571 -0.0003 0.6344 -0.7730 0.0007 0.2666 0.4510
-0.1835 -0.3637 -0.0011 -0.6344 -0.7730 -0.0007 0.2666 0.4552
-0.1793 -0.3636 -3.6928 -0.6344 -0.7730 -0.0007 0.2474 0.4552
-0.1835 -0.3637 -0.0011 -0.6344 -0.7730 -0.0007 0.2666 0.4552
-0.3133 -0.2571 -0.0018 -0.9788 -0.2046 -0.0011 0.2666 0.4594
-0.3090 -0.2571 -3.6936 -0.9788 -0.2046 -0.0011 0.2474 0.4594
-0.3133 -0.2571 -0.0018 -0.9788 -0.2046 -0.0011 0.2666 0.4594
-0.1793 0.3637 -3.6928 -0.6344 0.7730 -0.0007 0.2474 0.4767
-0.1793 0.3637 -3.6928 -0.6344 0.7730 -0.0007 0.2474 0.4767
-0.1835 0.3637 -0.0011 -0.6344 0.7730 -0.0007 0.2666 0.4767
-0.3671 -0.0000 -0.0021 -0.9788 0.2046 -0.0011 0.2666 0.4659
-0.3628 0.0000 -3.6939 -0.9788 0.2046 -0.0011 0.2474 0.4659
-0.3090 0.2572 -3.6936 -0.9788 0.2046 -0.0011 0.2474 0.4725
-0.3671 -0.0000 -0.0021 -0.9788 0.2046 -0.0011 0.2666 0.4659
-0.3090 0.2572 -3.6936 -0.9788 0.2046 -0.0011 0.2474 0.4725
-0.3133 0.2571 -0.0018 -0.9788 0.2046 -0.0011 0.2666 0.4725
1 2 3
1 0 2
7 4 5
7 6 4
24 26 25
27 29 28
30 32 31
33 35 34
36 38 37
39 41 40
8 11 9
8 10 11
42 13 43
44 12 13
45 15 46
47 14 15
48 17 49
50 16 17
51 19 52
53 18 19
54 21 55
56 20 21
22 57 23
22 59 58
60 62 61
63 65 64
LABEL CanopyFI
MATERIAL 1
TEXTURE 1
FLAG 0
GEOM 49 32
-0.4381 0.3523 -0.1384 0.4055 0.4288 0.8072 0.8399 0.1259
-0.2675 0.5861 -0.1247 -0.4966 -0.4634 0.7340 0.8399 0.0675
-0.3759 0.2243 0.5420 0.5574 0.5514 -0.6207 0.9667 0.1260
-0.0633 0.5319 0.5789 -0.7414 -0.5235 -0.4199 0.9668 0.0674
-0.4738 0.1087 0.3627 0.8835 -0.4454 -0.1450 0.9380 0.1590
-0.1915 0.5618 0.3240 -0.7539 -0.6310 0.1832 0.9218 0.0673
-0.4103 0.2609 0.3439 0.6939 0.7176 0.0592 0.9310 0.1259
-0.3491 0.1998 0.5906 0.5937 -0.5797 -0.5581 0.9796 0.1260
-0.0297 0.5134 0.6139 0.6025 -0.4680 -0.6465 0.9796 0.0411
-0.4947 0.1887 -0.2420 0.9273 -0.3716 -0.0445 0.8230 0.1589
-0.4636 0.0859 0.5475 0.8088 -0.5655 -0.1612 0.9734 0.1590
-0.3997 0.1542 0.5870 0.7356 -0.5713 -0.3641 0.9792 0.1390
-0.4094 0.3723 -0.5185 0.8156 -0.5784 0.0162 0.7673 0.1248
-0.4499 0.3028 -0.4202 0.8897 -0.4564 0.0131 0.7871 0.1392
-0.2350 0.5908 -0.8296 0.5528 -0.8333 0.0043 0.7056 0.0754
0.0000 0.7034 -0.8252 0.4245 -0.9054 -0.0008 0.7035 0.0262
0.0000 0.7003 -0.1524 0.4167 -0.9075 -0.0537 0.8304 0.0211
0.0000 0.6496 0.2499 0.4321 -0.8877 -0.1591 0.9070 0.0210
0.0000 0.6224 0.4896 0.7802 -0.6120 -0.1292 0.9527 0.0231
0.0000 0.5517 0.6172 0.5854 -0.6302 -0.5101 0.9790 0.0320
-0.4317 0.3465 -0.1384 0.4877 0.5163 0.7040 0.8379 0.1280
-0.2610 0.5804 -0.1247 -0.5154 -0.4806 0.7095 0.8379 0.0654
-0.0599 0.5271 0.5789 0.5955 -0.6476 -0.4755 0.9689 0.0652
-0.1871 0.5559 0.3242 0.3734 -0.9059 -0.1996 0.9218 0.0653
-0.3712 0.2196 0.5420 0.4870 0.4800 -0.7297 0.9688 0.1278
-0.4044 0.2549 0.3439 0.6972 0.7153 0.0471 0.9311 0.1279
-0.0599 0.5271 0.5789 -0.4973 -0.3464 -0.7954 0.9689 0.0652
-0.0599 0.5271 0.5789 -0.4973 -0.3464 -0.7954 0.9689 0.0652
-0.1871 0.5559 0.3242 -0.7607 -0.6087 0.2252 0.9218 0.0653
-0.1871 0.5559 0.3242 -0.7607 -0.6087 0.2252 0.9218 0.0653
-0.0599 0.5271 0.5789 -0.4973 -0.3464 -0.7954 0.9689 0.0652
-0.0599 0.5271 0.5789 -0.4973 -0.3464 -0.7954 0.9689 0.0652
-0.3712 0.2196 0.5420 0.7233 -0.5631 -0.3996 0.9688 0.1278
-0.2610 0.5804 -0.1247 0.5638 -0.8251 -0.0352 0.8379 0.0654
-0.2610 0.5804 -0.1247 0.5638 -0.8251 -0.0352 0.8379 0.0654
-0.2610 0.5804 -0.1247 0.5638 -0.8251 -0.0352 0.8379 0.0654
-0.4317 0.3465 -0.1384 0.8881 -0.4582 -0.0372 0.8379 0.1280
-0.2610 0.5804 -0.1247 0.5638 -0.8251 -0.0352 0.8379 0.0654
-0.2610 0.5804 -0.1247 0.5638 -0.8251 -0.0352 0.8379 0.0654
-0.4317 0.3465 -0.1384 0.8881 -0.4582 -0.0372 0.8379 0.1280
-0.4317 0.3465 -0.1384 0.8881 -0.4582 -0.0372 0.8379 0.1280
-0.4044 0.2549 0.3439 0.9018 -0.4039 -0.1536 0.9311 0.1279
-0.4317 0.3465 -0.1384 0.8881 -0.4582 -0.0372 0.8379 0.1280
-0.4317 0.3465 -0.1384 0.8881 -0.4582 -0.0372 0.8379 0.1280
-0.3712 0.2196 0.5420 0.7233 -0.5631 -0.3996 0.9688 0.1278
-0.3712 0.2196 0.5420 0.7233 -0.5631 -0.3996 0.9688 0.1278
-0.3712 0.2196 0.5420 0.7233 -0.5631 -0.3996 0.9688 0.1278
-0.4044 0.2549 0.3439 0.9018 -0.4039 -0.1536 0.9311 0.1279
-0.3712 0.2196 0.5420 0.7233 -0.5631 -0.3996 0.9688 0.1278
22 17 18
17 22 23
0 21 1
0 20 21
5 26 3
5 28 27
5 21 29
5 1 21
2 25 6
2 24 25
2 30 24
2 3 31
6 20 0
6 25 20
22 19 8
7 22 8
7 32 22
19 22 18
17 33 16
17 23 34
14 16 35
14 15 16
12 37 36
12 14 38
13 12 39
9 13 40
4 42 41
4 9 43
11 44 7
10 45 11
10 4 46
47 48 4
LABEL CanopyFO
MATERIAL 3
TEXTURE 3
FLAG 0
GEOM 31 20
-0.5168 0.5855 14.3828 -0.2439 -0.7725 -0.5863 0.8032 0.8520
-0.4738 0.5055 14.9875 0.0163 -0.9914 -0.1296 0.8197 0.8517
-0.3641 0.6115 15.2154 -0.0354 -0.0376 0.9987 0.8260 0.8586
-0.0446 0.9251 15.2387 -0.0391 -0.0505 0.9980 0.8246 0.8683
0.0000 0.9835 15.2446 -0.0413 -0.0632 0.9971 0.8243 0.8698
-0.4146 0.5624 15.2118 -0.1462 -0.1871 0.9714 0.8263 0.8555
-0.4246 0.7808 14.1063 -0.4955 -0.5750 -0.6510 0.7954 0.8584
-0.4652 0.7114 14.2046 -0.3724 -0.6940 -0.6161 0.7989 0.8555
-0.2468 1.0017 13.7952 -0.5140 -0.5362 -0.6696 0.7884 0.8651
0.0000 1.1199 13.7996 0.0156 0.0055 -0.9999 0.7875 0.8693
-0.4959 0.5055 14.9875 0.0155 -0.9914 -0.1297 0.8196 0.8522
-0.3491 0.5966 15.2154 -0.0355 -0.0376 0.9987 0.8265 0.8586
-0.0297 0.9102 15.2387 -0.0390 -0.0495 0.9980 0.8251 0.8682
-0.4898 0.4820 15.1653 0.0316 -0.9912 -0.1282 0.8254 0.8522
-0.4947 0.5855 14.3828 -0.2439 -0.7725 -0.5863 0.8028 0.8517
-0.4636 0.4826 15.1723 0.0316 -0.9912 -0.1282 0.8256 0.8516
-0.3997 0.5509 15.2118 -0.1298 -0.1654 0.9776 0.8267 0.8555
-0.4094 0.7691 14.1063 -0.4947 -0.5767 -0.6501 0.7951 0.8580
-0.4499 0.6996 14.2046 -0.3544 -0.7064 -0.6127 0.7987 0.8551
-0.2350 0.9876 13.7952 -0.5140 -0.5362 -0.6696 0.7882 0.8647
0.0000 1.1002 13.7996 0.0156 0.0055 -0.9999 0.7871 0.8691
0.0000 0.9485 15.2420 -0.0413 -0.0632 0.9971 0.8248 0.8691
-0.5168 0.5855 14.3828 0.0000 -0.9914 -0.1311 0.8032 0.8520
-0.5168 0.5855 14.3828 0.0000 -0.9914 -0.1311 0.8032 0.8520
-0.4947 0.5855 14.3828 0.0000 -0.9914 -0.1311 0.8032 0.8515
-0.4898 0.4820 15.1653 -0.2385 -0.3098 0.9204 0.8254 0.8522
-0.4898 0.4820 15.1653 -0.2385 -0.3098 0.9204 0.8254 0.8522
-0.4636 0.4826 15.1723 -0.2385 -0.3098 0.9204 0.8260 0.8526
-0.2468 1.0017 13.7952 0.0156 0.0055 -0.9999 0.7884 0.8651
-0.2350 0.9876 13.7952 0.0156 0.0055 -0.9999 0.7880 0.8652
-0.2350 0.9876 13.7952 0.0156 0.0055 -0.9999 0.7880 0.8652
8 17 6
8 19 17
14 7 18
14 0 7
2 12 3
2 11 12
6 18 7
6 17 18
15 10 1
15 13 10
22 1 10
23 24 1
25 16 5
26 27 16
11 5 16
11 2 5
9 29 28
9 20 30
3 21 4
3 12 21
LABEL CockPitPanel
MATERIAL 1
TEXTURE 1
FLAG 0
GEOM 17 10
-0.2146 -0.1020 0.6159 0.3475 -0.0005 -0.9377 0.5921 0.3952
0.2146 -0.1020 0.6159 0.0000 -0.0000 -1.0000 0.8486 0.3970
-0.3971 -0.1364 0.5482 0.3475 -0.0005 -0.9377 0.4744 0.3997
-0.2573 -0.1382 0.6002 0.3475 -0.0005 -0.9377 0.5576 0.4215
-0.3971 0.0846 0.5482 0.3475 -0.0005 -0.9377 0.5133 0.3188
-0.2146 0.1315 0.6159 0.0000 -0.0000 -1.0000 0.5921 0.2570
0.2573 -0.1382 0.6002 -0.3475 -0.0005 -0.9377 0.8820 0.4239
0.3971 -0.1364 0.5482 -0.3475 -0.0005 -0.9377 0.9651 0.4010
0.2146 0.1348 0.6159 0.0000 -0.0000 -1.0000 0.8462 0.2550
0.3971 0.0846 0.5482 -0.3474 0.0000 -0.9377 0.9209 0.3168
-0.0316 0.2636 0.6159 0.0000 -0.0000 -1.0000 0.6999 0.1686
0.0256 0.2636 0.6159 0.0000 -0.0000 -1.0000 0.7338 0.1686
-0.2146 -0.1020 0.6159 0.0000 -0.0000 -1.0000 0.5921 0.3952
0.2146 -0.1020 0.6159 -0.3474 0.0000 -0.9377 0.8486 0.3970
0.2146 0.1348 0.6159 -0.3474 0.0000 -0.9377 0.8462 0.2550
0.2146 -0.1020 0.6159 -0.3475 -0.0005 -0.9377 0.8486 0.3970
-0.2146 0.1315 0.6159 0.3474 0.0000 -0.9377 0.5921 0.2570
2 0 3
2 4 0
5 1 12
1 11 8
11 5 10
1 5 11
13 14 9
6 9 7
6 15 9
4 16 0
LABEL LGHandle
MATERIAL 2
TEXTURE 2
FLAG 0
GEOM 70 56
-0.0066 0.0030 0.0020 -0.3562 0.5994 0.7168 0.2554 0.4784
0.0078 0.0432 -0.0244 -0.3562 0.5994 0.7168 0.2554 0.4315
-0.0012 0.0012 0.0022 0.5918 0.2836 0.7545 0.2500 0.4784
0.0132 0.0414 -0.0241 0.5918 0.2836 0.7545 0.2500 0.4315
0.0008 -0.0022 -0.0018 0.9481 -0.3158 0.0377 0.2447 0.4784
0.0152 0.0380 -0.0282 0.9481 -0.3158 0.0377 0.2447 0.4315
-0.0025 -0.0038 -0.0061 0.3562 -0.5994 -0.7168 0.2394 0.4784
0.0119 0.0363 -0.0325 0.3562 -0.5994 -0.7168 0.2394 0.4315
-0.0079 -0.0020 -0.0063 -0.5918 -0.2836 -0.7545 0.2660 0.4784
0.0065 0.0381 -0.0327 -0.5918 -0.2836 -0.7545 0.2660 0.4315
-0.0100 0.0014 -0.0023 -0.9481 0.3158 -0.0377 0.2607 0.4784
0.0045 0.0415 -0.0286 -0.9481 0.3158 -0.0377 0.2607 0.4315
0.0132 0.0498 -0.0187 0.4078 0.3940 0.8237 0.2421 0.4164
0.0003 0.0501 -0.0253 -0.9038 0.4080 0.1289 0.2184 0.4222
0.0183 0.0544 -0.0283 0.7009 0.6557 0.2805 0.2518 0.4109
0.0054 0.0547 -0.0350 -0.6347 0.6601 -0.4018 0.2184 0.4349
0.0225 0.0474 -0.0368 0.9487 0.2526 -0.1904 0.2518 0.3994
0.0096 0.0476 -0.0434 -0.4192 0.2717 -0.8663 0.2184 0.4494
0.0217 0.0356 -0.0356 0.9053 -0.4068 -0.1220 0.2421 0.3940
0.0087 0.0359 -0.0423 -0.4703 -0.3618 -0.8049 0.2184 0.4651
0.0166 0.0310 -0.0260 0.6154 -0.6701 0.4151 0.2319 0.3994
0.0037 0.0312 -0.0327 -0.7357 -0.6159 -0.2820 0.2184 0.4779
0.0124 0.0381 -0.0175 0.3654 -0.2722 0.8902 0.2319 0.4109
-0.0005 0.0383 -0.0242 -0.9539 -0.2339 0.1878 0.2184 0.4109
0.0083 0.0509 -0.0197 -0.2111 0.5893 0.7798 0.2274 0.4222
0.0033 0.0510 -0.0223 -0.5134 0.5931 0.6203 0.2228 0.4222
0.0092 0.0564 -0.0334 -0.1012 0.9768 -0.1887 0.2228 0.4349
0.0142 0.0563 -0.0309 0.2209 0.9750 -0.0231 0.2274 0.4349
0.0141 0.0482 -0.0433 0.2299 0.3846 -0.8940 0.2228 0.4494
0.0191 0.0481 -0.0407 0.5834 0.3798 -0.7179 0.2274 0.4494
0.0131 0.0346 -0.0419 0.1536 -0.5805 -0.7996 0.2228 0.4651
0.0181 0.0345 -0.0394 0.5183 -0.5917 -0.6174 0.2274 0.4651
0.0072 0.0292 -0.0308 -0.2528 -0.9675 -0.0043 0.2228 0.4779
0.0122 0.0291 -0.0282 0.0927 -0.9803 0.1747 0.2274 0.4779
0.0024 0.0374 -0.0209 -0.5886 -0.3864 0.7101 0.2228 0.4109
0.0074 0.0373 -0.0184 -0.2741 -0.3946 0.8770 0.2274 0.4109
-0.0025 -0.0038 -0.0061 0.3562 -0.5994 -0.7168 0.2713 0.4784
0.0119 0.0363 -0.0325 0.3562 -0.5994 -0.7168 0.2713 0.4315
-0.0025 -0.0038 -0.0061 0.3562 -0.5994 -0.7168 0.2713 0.4784
0.0096 0.0476 -0.0434 -0.4192 0.2717 -0.8663 0.1991 0.3994
0.0054 0.0547 -0.0350 -0.6347 0.6601 -0.4018 0.1991 0.4109
0.0003 0.0501 -0.0253 -0.9038 0.4080 0.1289 0.2089 0.4166
0.0003 0.0501 -0.0253 -0.9038 0.4080 0.1289 0.2089 0.4166
0.0037 0.0312 -0.0327 -0.7357 -0.6159 -0.2820 0.2184 0.3994
0.0037 0.0312 -0.0327 -0.7357 -0.6159 -0.2820 0.2184 0.3994
0.0087 0.0359 -0.0423 -0.4703 -0.3618 -0.8049 0.2089 0.3940
0.0096 0.0476 -0.0434 -0.4192 0.2717 -0.8663 0.1991 0.3994
0.0003 0.0501 -0.0253 -0.9038 0.4080 0.1289 0.2089 0.4166
0.0037 0.0312 -0.0327 -0.7357 -0.6159 -0.2820 0.2184 0.3994
0.0096 0.0476 -0.0434 -0.4192 0.2717 -0.8663 0.1991 0.3994
0.0072 0.0292 -0.0308 -0.2528 -0.9675 -0.0043 0.2228 0.3994
0.0037 0.0312 -0.0327 -0.7357 -0.6159 -0.2820 0.2184 0.3994
0.0072 0.0292 -0.0308 -0.2528 -0.9675 -0.0043 0.2228 0.3994
0.0132 0.0498 -0.0187 0.4078 0.3940 0.8237 0.2319 0.4222
0.0132 0.0498 -0.0187 0.4078 0.3940 0.8237 0.2319 0.4222
0.0183 0.0544 -0.0283 0.7009 0.6557 0.2805 0.2319 0.4349
0.0183 0.0544 -0.0283 0.7009 0.6557 0.2805 0.2319 0.4349
0.0183 0.0544 -0.0283 0.7009 0.6557 0.2805 0.2319 0.4349
0.0225 0.0474 -0.0368 0.9487 0.2526 -0.1904 0.2319 0.4494
0.0225 0.0474 -0.0368 0.9487 0.2526 -0.1904 0.2319 0.4494
0.0225 0.0474 -0.0368 0.9487 0.2526 -0.1904 0.2319 0.4494
0.0217 0.0356 -0.0356 0.9053 -0.4068 -0.1220 0.2319 0.4651
0.0217 0.0356 -0.0356 0.9053 -0.4068 -0.1220 0.2319 0.4651
0.0217 0.0356 -0.0356 0.9053 -0.4068 -0.1220 0.2319 0.4651
0.0166 0.0310 -0.0260 0.6154 -0.6701 0.4151 0.2319 0.4779
0.0132 0.0498 -0.0187 0.4078 0.3940 0.8237 0.2319 0.4222
0.0122 0.0291 -0.0282 0.0927 -0.9803 0.1747 0.2274 0.3994
0.0122 0.0291 -0.0282 0.0927 -0.9803 0.1747 0.2274 0.3994
0.0072 0.0292 -0.0308 -0.2528 -0.9675 -0.0043 0.2228 0.3994
0.0122 0.0291 -0.0282 0.0927 -0.9803 0.1747 0.2274 0.3994
0 3 1
0 2 3
2 5 3
2 4 5
4 7 5
4 6 7
36 9 37
38 8 9
10 1 11
10 0 1
8 11 9
8 10 11
25 15 13
25 26 15
26 17 15
26 28 17
28 19 17
28 30 19
30 21 19
30 32 21
39 41 40
42 43 23
44 46 45
47 49 48
34 13 23
34 25 13
50 23 51
52 34 23
22 14 12
14 18 16
18 22 20
14 22 18
53 27 24
54 55 27
24 26 25
24 27 26
56 29 27
57 58 29
27 28 26
27 29 28
59 31 29
60 61 31
29 30 28
29 31 30
62 33 31
63 64 33
31 32 30
31 33 32
22 24 35
22 65 24
35 25 34
35 24 25
20 35 66
20 22 35
67 34 68
69 35 34
LABEL MessagesBae
MATERIAL 4
TEXTURE 4
FLAG 0
GEOM 4 2
-0.0381 0.0071 0.0000 0.0000 0.0000 -1.0000 0.6959 0.5414
0.0381 0.0071 0.0000 0.0000 0.0000 -1.0000 0.8424 0.5414
-0.0381 -0.0071 0.0000 0.0000 0.0000 -1.0000 0.6958 0.5817
0.0381 -0.0071 0.0000 0.0000 0.0000 -1.0000 0.8424 0.5817
1 2 0
1 3 2
LABEL SwAPUPower
MATERIAL 2
TEXTURE 2
FLAG 0
GEOM 148 54
0.0025 -0.0079 -0.0062 -0.0006 -0.7264 0.6873 0.2038 0.6230
0.0049 -0.0072 -0.0055 -0.0006 -0.7264 0.6873 0.2057 0.6125
0.0065 -0.0052 -0.0060 0.8529 0.3419 0.3947 0.2095 0.6025
0.0064 -0.0030 -0.0075 0.5364 0.8401 -0.0807 0.2156 0.5919
0.0045 -0.0020 -0.0091 -0.1310 0.8925 -0.4315 0.2229 0.5828
-0.0013 0.0002 0.0023 -0.0006 -0.7264 0.6873 0.2632 0.6261
0.0021 -0.0028 -0.0098 -0.1310 0.8925 -0.4315 0.2316 0.5752
0.0006 -0.0048 -0.0093 -0.7556 0.4726 -0.4536 0.2425 0.5692
0.0007 -0.0069 -0.0078 -0.6642 -0.6684 0.3347 0.2538 0.5654
0.0034 -0.0090 -0.0079 -0.6023 -0.7734 0.1977 0.2966 0.6186
0.0058 -0.0083 -0.0071 0.0647 -0.8191 0.5700 0.3095 0.6139
0.0074 -0.0063 -0.0077 0.9166 0.2747 0.2906 0.3153 0.6000
0.0072 -0.0041 -0.0091 0.9166 0.2747 0.2906 0.3106 0.5886
0.0054 -0.0031 -0.0107 -0.0648 0.8189 -0.5702 0.2966 0.5828
0.0030 -0.0039 -0.0115 -0.0648 0.8189 -0.5702 0.2853 0.5875
0.0014 -0.0059 -0.0110 -0.9165 -0.2748 -0.2907 0.2795 0.6015
0.0016 -0.0080 -0.0095 -0.6023 -0.7734 0.1977 0.2853 0.6139
0.0044 -0.0083 -0.0095 -0.0754 -0.8794 -0.4701 0.2974 0.6092
0.0056 -0.0079 -0.0091 0.7448 -0.6335 -0.2097 0.3033 0.6067
0.0065 -0.0068 -0.0094 0.8856 -0.2163 -0.4109 0.3058 0.6007
0.0064 -0.0057 -0.0102 0.6868 0.0991 -0.7201 0.3033 0.5948
0.0054 -0.0051 -0.0110 0.2647 0.1278 -0.9558 0.2974 0.5923
0.0041 -0.0055 -0.0114 0.2647 0.1278 -0.9558 0.2914 0.5948
0.0033 -0.0066 -0.0111 -0.2743 -0.5641 -0.7788 0.2889 0.6007
0.0034 -0.0077 -0.0103 -0.0754 -0.8794 -0.4701 0.2914 0.6067
-0.0004 0.0004 0.0026 -0.0006 -0.7264 0.6873 0.2635 0.6256
0.0001 0.0011 0.0024 0.8529 0.3419 0.3947 0.2639 0.6251
0.0000 0.0019 0.0019 0.5364 0.8401 -0.0807 0.2642 0.6246
-0.0006 0.0022 0.0013 -0.1310 0.8925 -0.4315 0.2646 0.6240
-0.0014 0.0020 0.0011 -0.1310 0.8925 -0.4315 0.2650 0.6235
-0.0020 0.0013 0.0013 -0.7556 0.4726 -0.4536 0.2653 0.6230
-0.0019 0.0005 0.0018 -0.6642 -0.6684 0.3347 0.2657 0.6225
0.0021 -0.0028 -0.0098 -0.7556 0.4726 -0.4536 0.2316 0.5752
-0.0014 0.0020 0.0011 -0.7556 0.4726 -0.4536 0.2650 0.6235
-0.0014 0.0020 0.0011 -0.7556 0.4726 -0.4536 0.2650 0.6235
0.0045 -0.0020 -0.0091 0.5364 0.8401 -0.0807 0.2229 0.5828
0.0045 -0.0020 -0.0091 0.5364 0.8401 -0.0807 0.2229 0.5828
-0.0006 0.0022 0.0013 0.5364 0.8401 -0.0807 0.2646 0.6240
0.0025 -0.0079 -0.0062 -0.6642 -0.6684 0.3347 0.2655 0.5640
0.0025 -0.0079 -0.0062 -0.6642 -0.6684 0.3347 0.2655 0.5640
-0.0013 0.0002 0.0023 -0.6642 -0.6684 0.3347 0.2659 0.6221
0.0007 -0.0069 -0.0078 -0.9755 -0.1726 -0.1368 0.2538 0.5654
0.0006 -0.0048 -0.0093 -0.9755 -0.1726 -0.1368 0.2425 0.5692
-0.0020 0.0013 0.0013 -0.9755 -0.1726 -0.1368 0.2653 0.6230
0.0007 -0.0069 -0.0078 -0.9755 -0.1726 -0.1368 0.2538 0.5654
-0.0020 0.0013 0.0013 -0.9755 -0.1726 -0.1368 0.2653 0.6230
-0.0019 0.0005 0.0018 -0.9755 -0.1726 -0.1368 0.2657 0.6225
0.0064 -0.0030 -0.0075 0.8529 0.3419 0.3947 0.2156 0.5919
0.0064 -0.0030 -0.0075 0.8529 0.3419 0.3947 0.2156 0.5919
0.0000 0.0019 0.0019 0.8529 0.3419 0.3947 0.2642 0.6246
0.0065 -0.0052 -0.0060 0.6300 -0.3076 0.7130 0.2095 0.6025
0.0049 -0.0072 -0.0055 0.6300 -0.3076 0.7130 0.2057 0.6125
-0.0004 0.0004 0.0026 0.6300 -0.3076 0.7130 0.2635 0.6256
0.0065 -0.0052 -0.0060 0.6300 -0.3076 0.7130 0.2095 0.6025
-0.0004 0.0004 0.0026 0.6300 -0.3076 0.7130 0.2635 0.6256
0.0001 0.0011 0.0024 0.6300 -0.3076 0.7130 0.2639 0.6251
0.0007 -0.0069 -0.0078 -0.6023 -0.7734 0.1977 0.2813 0.6234
0.0025 -0.0079 -0.0062 -0.6023 -0.7734 0.1977 0.2927 0.6281
0.0007 -0.0069 -0.0078 -0.6023 -0.7734 0.1977 0.2813 0.6234
0.0045 -0.0020 -0.0091 -0.0648 0.8189 -0.5702 0.2927 0.5734
0.0021 -0.0028 -0.0098 -0.0648 0.8189 -0.5702 0.2813 0.5781
0.0045 -0.0020 -0.0091 -0.0648 0.8189 -0.5702 0.2927 0.5734
0.0065 -0.0052 -0.0060 0.9166 0.2747 0.2906 0.3247 0.5960
0.0064 -0.0030 -0.0075 0.9166 0.2747 0.2906 0.3200 0.5847
0.0065 -0.0052 -0.0060 0.9166 0.2747 0.2906 0.3247 0.5960
0.0025 -0.0079 -0.0062 0.0647 -0.8191 0.5700 0.3020 0.6281
0.0049 -0.0072 -0.0055 0.0647 -0.8191 0.5700 0.3134 0.6234
0.0025 -0.0079 -0.0062 0.0647 -0.8191 0.5700 0.3020 0.6281
0.0034 -0.0090 -0.0079 0.0647 -0.8191 0.5700 0.2981 0.6186
0.0006 -0.0048 -0.0093 -0.9165 -0.2748 -0.2907 0.2700 0.6054
0.0007 -0.0069 -0.0078 -0.9165 -0.2748 -0.2907 0.2747 0.6167
0.0016 -0.0080 -0.0095 -0.9165 -0.2748 -0.2907 0.2842 0.6128
0.0006 -0.0048 -0.0093 -0.9165 -0.2748 -0.2907 0.2700 0.6054
0.0016 -0.0080 -0.0095 -0.9165 -0.2748 -0.2907 0.2842 0.6128
0.0049 -0.0072 -0.0055 0.6941 -0.3846 0.6086 0.3200 0.6167
0.0065 -0.0052 -0.0060 0.6941 -0.3846 0.6086 0.3247 0.6054
0.0074 -0.0063 -0.0077 0.6941 -0.3846 0.6086 0.3153 0.6015
0.0049 -0.0072 -0.0055 0.6941 -0.3846 0.6086 0.3200 0.6167
0.0074 -0.0063 -0.0077 0.6941 -0.3846 0.6086 0.3153 0.6015
0.0058 -0.0083 -0.0071 0.6941 -0.3846 0.6086 0.3106 0.6128
0.0021 -0.0028 -0.0098 -0.6939 0.3846 -0.6087 0.2747 0.5847
0.0006 -0.0048 -0.0093 -0.6939 0.3846 -0.6087 0.2700 0.5960
0.0014 -0.0059 -0.0110 -0.6939 0.3846 -0.6087 0.2795 0.6000
0.0021 -0.0028 -0.0098 -0.6939 0.3846 -0.6087 0.2747 0.5847
0.0014 -0.0059 -0.0110 -0.6939 0.3846 -0.6087 0.2795 0.6000
0.0030 -0.0039 -0.0115 -0.6939 0.3846 -0.6087 0.2842 0.5886
0.0064 -0.0030 -0.0075 0.6022 0.7734 -0.1978 0.3134 0.5781
0.0045 -0.0020 -0.0091 0.6022 0.7734 -0.1978 0.3020 0.5734
0.0054 -0.0031 -0.0107 0.6022 0.7734 -0.1978 0.2981 0.5828
0.0064 -0.0030 -0.0075 0.6022 0.7734 -0.1978 0.3134 0.5781
0.0054 -0.0031 -0.0107 0.6022 0.7734 -0.1978 0.2981 0.5828
0.0072 -0.0041 -0.0091 0.6022 0.7734 -0.1978 0.3095 0.5875
0.0054 -0.0031 -0.0107 0.2647 0.1278 -0.9558 0.2966 0.5828
0.0030 -0.0039 -0.0115 0.2647 0.1278 -0.9558 0.2853 0.5875
0.0054 -0.0031 -0.0107 0.2647 0.1278 -0.9558 0.2966 0.5828
0.0072 -0.0041 -0.0091 0.6868 0.0991 -0.7201 0.3095 0.5875
0.0054 -0.0031 -0.0107 0.6868 0.0991 -0.7201 0.2981 0.5828
0.0054 -0.0051 -0.0110 0.6868 0.0991 -0.7201 0.2974 0.5923
0.0072 -0.0041 -0.0091 0.6868 0.0991 -0.7201 0.3095 0.5875
0.0054 -0.0051 -0.0110 0.6868 0.0991 -0.7201 0.2974 0.5923
0.0016 -0.0080 -0.0095 -0.0754 -0.8794 -0.4701 0.2853 0.6139
0.0034 -0.0090 -0.0079 -0.0754 -0.8794 -0.4701 0.2966 0.6186
0.0016 -0.0080 -0.0095 -0.0754 -0.8794 -0.4701 0.2853 0.6139
0.0074 -0.0063 -0.0077 0.8856 -0.2163 -0.4109 0.3153 0.6000
0.0072 -0.0041 -0.0091 0.8856 -0.2163 -0.4109 0.3106 0.5886
0.0064 -0.0057 -0.0102 0.8856 -0.2163 -0.4109 0.3033 0.5948
0.0074 -0.0063 -0.0077 0.8856 -0.2163 -0.4109 0.3153 0.6000
0.0064 -0.0057 -0.0102 0.8856 -0.2163 -0.4109 0.3033 0.5948
0.0014 -0.0059 -0.0110 -0.2743 -0.5641 -0.7788 0.2795 0.6015
0.0016 -0.0080 -0.0095 -0.2743 -0.5641 -0.7788 0.2842 0.6128
0.0034 -0.0077 -0.0103 -0.2743 -0.5641 -0.7788 0.2914 0.6067
0.0014 -0.0059 -0.0110 -0.2743 -0.5641 -0.7788 0.2795 0.6015
0.0034 -0.0077 -0.0103 -0.2743 -0.5641 -0.7788 0.2914 0.6067
0.0058 -0.0083 -0.0071 0.7448 -0.6335 -0.2097 0.3106 0.6128
0.0074 -0.0063 -0.0077 0.7448 -0.6335 -0.2097 0.3153 0.6015
0.0065 -0.0068 -0.0094 0.7448 -0.6335 -0.2097 0.3058 0.6007
0.0058 -0.0083 -0.0071 0.7448 -0.6335 -0.2097 0.3106 0.6128
0.0065 -0.0068 -0.0094 0.7448 -0.6335 -0.2097 0.3058 0.6007
0.0030 -0.0039 -0.0115 -0.1334 -0.1467 -0.9801 0.2842 0.5886
0.0014 -0.0059 -0.0110 -0.1334 -0.1467 -0.9801 0.2795 0.6000
0.0033 -0.0066 -0.0111 -0.1334 -0.1467 -0.9801 0.2889 0.6007
0.0030 -0.0039 -0.0115 -0.1334 -0.1467 -0.9801 0.2842 0.5886
0.0033 -0.0066 -0.0111 -0.1334 -0.1467 -0.9801 0.2889 0.6007
0.0041 -0.0055 -0.0114 -0.1334 -0.1467 -0.9801 0.2914 0.5948
0.0034 -0.0090 -0.0079 0.3468 -0.9082 -0.2341 0.2981 0.6186
0.0058 -0.0083 -0.0071 0.3468 -0.9082 -0.2341 0.3095 0.6139
0.0056 -0.0079 -0.0091 0.3468 -0.9082 -0.2341 0.3033 0.6067
0.0034 -0.0090 -0.0079 0.3468 -0.9082 -0.2341 0.2981 0.6186
0.0056 -0.0079 -0.0091 0.3468 -0.9082 -0.2341 0.3033 0.6067
0.0044 -0.0083 -0.0095 0.3468 -0.9082 -0.2341 0.2974 0.6092
0.0034 -0.0077 -0.0103 0.3948 -0.5038 -0.7683 0.2914 0.6067
0.0044 -0.0083 -0.0095 0.3948 -0.5038 -0.7683 0.2974 0.6092
0.0056 -0.0079 -0.0091 0.3948 -0.5038 -0.7683 0.3033 0.6067
0.0056 -0.0079 -0.0091 0.3948 -0.5038 -0.7683 0.3033 0.6067
0.0065 -0.0068 -0.0094 0.3948 -0.5038 -0.7683 0.3058 0.6007
0.0064 -0.0057 -0.0102 0.3948 -0.5038 -0.7683 0.3033 0.5948
0.0064 -0.0057 -0.0102 0.3948 -0.5038 -0.7683 0.3033 0.5948
0.0054 -0.0051 -0.0110 0.3948 -0.5038 -0.7683 0.2974 0.5923
0.0041 -0.0055 -0.0114 0.3948 -0.5038 -0.7683 0.2914 0.5948
0.0041 -0.0055 -0.0114 0.3948 -0.5038 -0.7683 0.2914 0.5948
0.0033 -0.0066 -0.0111 0.3948 -0.5038 -0.7683 0.2889 0.6007
0.0034 -0.0077 -0.0103 0.3948 -0.5038 -0.7683 0.2914 0.6067
0.0034 -0.0077 -0.0103 0.3948 -0.5038 -0.7683 0.2914 0.6067
0.0056 -0.0079 -0.0091 0.3948 -0.5038 -0.7683 0.3033 0.6067
0.0064 -0.0057 -0.0102 0.3948 -0.5038 -0.7683 0.3033 0.5948
0.0064 -0.0057 -0.0102 0.3948 -0.5038 -0.7683 0.3033 0.5948
0.0041 -0.0055 -0.0114 0.3948 -0.5038 -0.7683 0.2914 0.5948
0.0034 -0.0077 -0.0103 0.3948 -0.5038 -0.7683 0.2914 0.6067
6 28 4
6 29 28
1 5 0
1 25 5
7 33 32
7 30 34
35 27 3
36 37 27
38 31 8
39 40 31
41 43 42
44 46 45
47 26 2
48 49 26
50 52 51
53 55 54
56 9 57
58 16 9
59 14 60
61 13 14
62 12 63
64 11 12
65 10 66
67 68 10
69 71 70
72 15 73
74 76 75
77 79 78
80 82 81
83 85 84
86 88 87
89 91 90
92 22 93
94 21 22
95 97 96
98 20 99
100 17 101
102 24 17
103 105 104
106 19 107
108 110 109
111 23 112
113 115 114
116 18 117
118 120 119
121 123 122
124 126 125
127 129 128
130 132 131
133 135 134
136 138 137
139 141 140
142 144 143
145 147 146
LABEL SwAvionics
MATERIAL 2
TEXTURE 2
FLAG 0
GEOM 148 54
-0.0070 -0.0055 -0.0176 0.4104 -0.9116 0.0225 0.2043 0.6237
-0.0035 -0.0039 -0.0189 0.4104 -0.9116 0.0225 0.2063 0.6132
-0.0020 -0.0001 -0.0195 0.9068 0.3790 -0.1844 0.2100 0.6032
-0.0035 0.0036 -0.0189 0.4067 0.9135 0.0102 0.2162 0.5926
-0.0070 0.0052 -0.0176 -0.2957 0.9105 0.2892 0.2235 0.5835
0.0000 -0.0019 0.0000 0.4104 -0.9116 0.0225 0.2638 0.6268
-0.0106 0.0036 -0.0163 -0.2957 0.9105 0.2892 0.2322 0.5759
-0.0120 -0.0001 -0.0158 -0.7875 0.3759 0.4885 0.2431 0.5699
-0.0106 -0.0039 -0.0163 -0.2905 -0.9084 0.3008 0.2543 0.5661
-0.0082 -0.0055 -0.0208 -0.3593 -0.9239 0.1316 0.2971 0.6193
-0.0046 -0.0039 -0.0221 0.3593 -0.9239 -0.1316 0.3100 0.6146
-0.0032 -0.0001 -0.0227 0.8675 0.3827 -0.3177 0.3158 0.6007
-0.0046 0.0036 -0.0221 0.8675 0.3827 -0.3177 0.3111 0.5893
-0.0082 0.0052 -0.0208 -0.3593 0.9239 0.1316 0.2971 0.5835
-0.0117 0.0036 -0.0195 -0.3593 0.9239 0.1316 0.2858 0.5882
-0.0132 -0.0001 -0.0190 -0.8675 -0.3827 0.3177 0.2800 0.6022
-0.0117 -0.0039 -0.0195 -0.3593 -0.9239 0.1316 0.2858 0.6146
-0.0088 -0.0030 -0.0226 -0.4937 -0.5845 -0.6440 0.2979 0.6099
-0.0070 -0.0021 -0.0233 0.2824 -0.2421 -0.9282 0.3039 0.6074
-0.0062 -0.0001 -0.0236 0.2824 0.2421 -0.9282 0.3064 0.6014
-0.0070 0.0019 -0.0233 -0.0390 0.5845 -0.8105 0.3039 0.5955
-0.0088 0.0027 -0.0226 -0.4937 0.5845 -0.6440 0.2979 0.5930
-0.0107 0.0019 -0.0219 -0.4937 0.5845 -0.6440 0.2919 0.5955
-0.0115 -0.0001 -0.0216 -0.8152 -0.2421 -0.5262 0.2895 0.6014
-0.0107 -0.0021 -0.0219 -0.4937 -0.5845 -0.6440 0.2919 0.6074
0.0012 -0.0013 -0.0005 0.4104 -0.9116 0.0225 0.2641 0.6263
0.0018 -0.0000 -0.0006 0.9068 0.3790 -0.1844 0.2644 0.6258
0.0012 0.0013 -0.0005 0.4067 0.9135 0.0102 0.2648 0.6253
0.0000 0.0019 0.0000 -0.2957 0.9105 0.2892 0.2651 0.6247
-0.0012 0.0013 0.0005 -0.2957 0.9105 0.2892 0.2655 0.6242
-0.0018 -0.0000 0.0006 -0.7875 0.3759 0.4885 0.2659 0.6237
-0.0012 -0.0013 0.0005 -0.2905 -0.9084 0.3008 0.2662 0.6232
-0.0106 0.0036 -0.0163 -0.7875 0.3759 0.4885 0.2322 0.5759
-0.0012 0.0013 0.0005 -0.7875 0.3759 0.4885 0.2655 0.6242
-0.0012 0.0013 0.0005 -0.7875 0.3759 0.4885 0.2655 0.6242
-0.0070 0.0052 -0.0176 0.4067 0.9135 0.0102 0.2235 0.5835
-0.0070 0.0052 -0.0176 0.4067 0.9135 0.0102 0.2235 0.5835
0.0000 0.0019 0.0000 0.4067 0.9135 0.0102 0.2651 0.6247
-0.0070 -0.0055 -0.0176 -0.2905 -0.9084 0.3008 0.2661 0.5647
-0.0070 -0.0055 -0.0176 -0.2905 -0.9084 0.3008 0.2661 0.5647
0.0000 -0.0019 0.0000 -0.2905 -0.9084 0.3008 0.2665 0.6228
-0.0106 -0.0039 -0.0163 -0.7848 -0.3755 0.4931 0.2543 0.5661
-0.0120 -0.0001 -0.0158 -0.7848 -0.3755 0.4931 0.2431 0.5699
-0.0018 -0.0000 0.0006 -0.7848 -0.3755 0.4931 0.2659 0.6237
-0.0106 -0.0039 -0.0163 -0.7848 -0.3755 0.4931 0.2543 0.5661
-0.0018 -0.0000 0.0006 -0.7848 -0.3755 0.4931 0.2659 0.6237
-0.0012 -0.0013 0.0005 -0.7848 -0.3755 0.4931 0.2662 0.6232
-0.0035 0.0036 -0.0189 0.9068 0.3790 -0.1844 0.2162 0.5926
-0.0035 0.0036 -0.0189 0.9068 0.3790 -0.1844 0.2162 0.5926
0.0012 0.0013 -0.0005 0.9068 0.3790 -0.1844 0.2648 0.6253
-0.0020 -0.0001 -0.0195 0.9080 -0.3787 -0.1791 0.2100 0.6032
-0.0035 -0.0039 -0.0189 0.9080 -0.3787 -0.1791 0.2063 0.6132
0.0012 -0.0013 -0.0005 0.9080 -0.3787 -0.1791 0.2641 0.6263
-0.0020 -0.0001 -0.0195 0.9080 -0.3787 -0.1791 0.2100 0.6032
0.0012 -0.0013 -0.0005 0.9080 -0.3787 -0.1791 0.2641 0.6263
0.0018 -0.0000 -0.0006 0.9080 -0.3787 -0.1791 0.2644 0.6258
-0.0106 -0.0039 -0.0163 -0.3593 -0.9239 0.1316 0.2819 0.6241
-0.0070 -0.0055 -0.0176 -0.3593 -0.9239 0.1316 0.2932 0.6288
-0.0106 -0.0039 -0.0163 -0.3593 -0.9239 0.1316 0.2819 0.6241
-0.0070 0.0052 -0.0176 -0.3593 0.9239 0.1316 0.2932 0.5741
-0.0106 0.0036 -0.0163 -0.3593 0.9239 0.1316 0.2819 0.5788
-0.0070 0.0052 -0.0176 -0.3593 0.9239 0.1316 0.2932 0.5741
-0.0020 -0.0001 -0.0195 0.8675 0.3827 -0.3177 0.3252 0.5967
-0.0035 0.0036 -0.0189 0.8675 0.3827 -0.3177 0.3206 0.5854
-0.0020 -0.0001 -0.0195 0.8675 0.3827 -0.3177 0.3252 0.5967
-0.0070 -0.0055 -0.0176 0.3593 -0.9239 -0.1316 0.3026 0.6288
-0.0035 -0.0039 -0.0189 0.3593 -0.9239 -0.1316 0.3139 0.6241
-0.0070 -0.0055 -0.0176 0.3593 -0.9239 -0.1316 0.3026 0.6288
-0.0082 -0.0055 -0.0208 0.3593 -0.9239 -0.1316 0.2987 0.6193
-0.0120 -0.0001 -0.0158 -0.8675 -0.3827 0.3177 0.2706 0.6061
-0.0106 -0.0039 -0.0163 -0.8675 -0.3827 0.3177 0.2753 0.6174
-0.0117 -0.0039 -0.0195 -0.8675 -0.3827 0.3177 0.2847 0.6135
-0.0120 -0.0001 -0.0158 -0.8675 -0.3827 0.3177 0.2706 0.6061
-0.0117 -0.0039 -0.0195 -0.8675 -0.3827 0.3177 0.2847 0.6135
-0.0035 -0.0039 -0.0189 0.8675 -0.3827 -0.3177 0.3206 0.6174
-0.0020 -0.0001 -0.0195 0.8675 -0.3827 -0.3177 0.3252 0.6061
-0.0032 -0.0001 -0.0227 0.8675 -0.3827 -0.3177 0.3158 0.6022
-0.0035 -0.0039 -0.0189 0.8675 -0.3827 -0.3177 0.3206 0.6174
-0.0032 -0.0001 -0.0227 0.8675 -0.3827 -0.3177 0.3158 0.6022
-0.0046 -0.0039 -0.0221 0.8675 -0.3827 -0.3177 0.3111 0.6135
-0.0106 0.0036 -0.0163 -0.8675 0.3827 0.3177 0.2753 0.5854
-0.0120 -0.0001 -0.0158 -0.8675 0.3827 0.3177 0.2706 0.5967
-0.0132 -0.0001 -0.0190 -0.8675 0.3827 0.3177 0.2800 0.6007
-0.0106 0.0036 -0.0163 -0.8675 0.3827 0.3177 0.2753 0.5854
-0.0132 -0.0001 -0.0190 -0.8675 0.3827 0.3177 0.2800 0.6007
-0.0117 0.0036 -0.0195 -0.8675 0.3827 0.3177 0.2847 0.5893
-0.0035 0.0036 -0.0189 0.3593 0.9239 -0.1316 0.3139 0.5788
-0.0070 0.0052 -0.0176 0.3593 0.9239 -0.1316 0.3026 0.5741
-0.0082 0.0052 -0.0208 0.3593 0.9239 -0.1316 0.2987 0.5835
-0.0035 0.0036 -0.0189 0.3593 0.9239 -0.1316 0.3139 0.5788
-0.0082 0.0052 -0.0208 0.3593 0.9239 -0.1316 0.2987 0.5835
-0.0046 0.0036 -0.0221 0.3593 0.9239 -0.1316 0.3100 0.5882
-0.0082 0.0052 -0.0208 -0.4937 0.5845 -0.6440 0.2971 0.5835
-0.0117 0.0036 -0.0195 -0.4937 0.5845 -0.6440 0.2858 0.5882
-0.0082 0.0052 -0.0208 -0.4937 0.5845 -0.6440 0.2971 0.5835
-0.0046 0.0036 -0.0221 -0.0390 0.5845 -0.8105 0.3100 0.5882
-0.0082 0.0052 -0.0208 -0.0390 0.5845 -0.8105 0.2987 0.5835
-0.0088 0.0027 -0.0226 -0.0390 0.5845 -0.8105 0.2979 0.5930
-0.0046 0.0036 -0.0221 -0.0390 0.5845 -0.8105 0.3100 0.5882
-0.0088 0.0027 -0.0226 -0.0390 0.5845 -0.8105 0.2979 0.5930
-0.0117 -0.0039 -0.0195 -0.4937 -0.5845 -0.6440 0.2858 0.6146
-0.0082 -0.0055 -0.0208 -0.4937 -0.5845 -0.6440 0.2971 0.6193
-0.0117 -0.0039 -0.0195 -0.4937 -0.5845 -0.6440 0.2858 0.6146
-0.0032 -0.0001 -0.0227 0.2824 0.2421 -0.9282 0.3158 0.6007
-0.0046 0.0036 -0.0221 0.2824 0.2421 -0.9282 0.3111 0.5893
-0.0070 0.0019 -0.0233 0.2824 0.2421 -0.9282 0.3039 0.5955
-0.0032 -0.0001 -0.0227 0.2824 0.2421 -0.9282 0.3158 0.6007
-0.0070 0.0019 -0.0233 0.2824 0.2421 -0.9282 0.3039 0.5955
-0.0132 -0.0001 -0.0190 -0.8152 -0.2421 -0.5262 0.2800 0.6022
-0.0117 -0.0039 -0.0195 -0.8152 -0.2421 -0.5262 0.2847 0.6135
-0.0107 -0.0021 -0.0219 -0.8152 -0.2421 -0.5262 0.2919 0.6074
-0.0132 -0.0001 -0.0190 -0.8152 -0.2421 -0.5262 0.2800 0.6022
-0.0107 -0.0021 -0.0219 -0.8152 -0.2421 -0.5262 0.2919 0.6074
-0.0046 -0.0039 -0.0221 0.2824 -0.2421 -0.9282 0.3111 0.6135
-0.0032 -0.0001 -0.0227 0.2824 -0.2421 -0.9282 0.3158 0.6022
-0.0062 -0.0001 -0.0236 0.2824 -0.2421 -0.9282 0.3064 0.6014
-0.0046 -0.0039 -0.0221 0.2824 -0.2421 -0.9282 0.3111 0.6135
-0.0062 -0.0001 -0.0236 0.2824 -0.2421 -0.9282 0.3064 0.6014
-0.0117 0.0036 -0.0195 -0.8152 0.2421 -0.5262 0.2847 0.5893
-0.0132 -0.0001 -0.0190 -0.8152 0.2421 -0.5262 0.2800 0.6007
-0.0115 -0.0001 -0.0216 -0.8152 0.2421 -0.5262 0.2895 0.6014
-0.0117 0.0036 -0.0195 -0.8152 0.2421 -0.5262 0.2847 0.5893
-0.0115 -0.0001 -0.0216 -0.8152 0.2421 -0.5262 0.2895 0.6014
-0.0107 0.0019 -0.0219 -0.8152 0.2421 -0.5262 0.2919 0.5955
-0.0082 -0.0055 -0.0208 -0.0390 -0.5845 -0.8105 0.2987 0.6193
-0.0046 -0.0039 -0.0221 -0.0390 -0.5845 -0.8105 0.3100 0.6146
-0.0070 -0.0021 -0.0233 -0.0390 -0.5845 -0.8105 0.3039 0.6074
-0.0082 -0.0055 -0.0208 -0.0390 -0.5845 -0.8105 0.2987 0.6193
-0.0070 -0.0021 -0.0233 -0.0390 -0.5845 -0.8105 0.3039 0.6074
-0.0088 -0.0030 -0.0226 -0.0390 -0.5845 -0.8105 0.2979 0.6099
-0.0107 -0.0021 -0.0219 -0.3439 0.0000 -0.9390 0.2919 0.6074
-0.0088 -0.0030 -0.0226 -0.3439 0.0000 -0.9390 0.2979 0.6099
-0.0070 -0.0021 -0.0233 -0.3439 0.0000 -0.9390 0.3039 0.6074
-0.0070 -0.0021 -0.0233 -0.3439 0.0000 -0.9390 0.3039 0.6074
-0.0062 -0.0001 -0.0236 -0.3439 0.0000 -0.9390 0.3064 0.6014
-0.0070 0.0019 -0.0233 -0.3439 0.0000 -0.9390 0.3039 0.5955
-0.0070 0.0019 -0.0233 -0.3439 0.0000 -0.9390 0.3039 0.5955
-0.0088 0.0027 -0.0226 -0.3439 0.0000 -0.9390 0.2979 0.5930
-0.0107 0.0019 -0.0219 -0.3439 0.0000 -0.9390 0.2919 0.5955
-0.0107 0.0019 -0.0219 -0.3439 0.0000 -0.9390 0.2919 0.5955
-0.0115 -0.0001 -0.0216 -0.3439 0.0000 -0.9390 0.2895 0.6014
-0.0107 -0.0021 -0.0219 -0.3439 0.0000 -0.9390 0.2919 0.6074
-0.0107 -0.0021 -0.0219 -0.3439 0.0000 -0.9390 0.2919 0.6074
-0.0070 -0.0021 -0.0233 -0.3439 0.0000 -0.9390 0.3039 0.6074
-0.0070 0.0019 -0.0233 -0.3439 0.0000 -0.9390 0.3039 0.5955
-0.0070 0.0019 -0.0233 -0.3439 0.0000 -0.9390 0.3039 0.5955
-0.0107 0.0019 -0.0219 -0.3439 0.0000 -0.9390 0.2919 0.5955
-0.0107 -0.0021 -0.0219 -0.3439 0.0000 -0.9390 0.2919 0.6074
6 28 4
6 29 28
1 5 0
1 25 5
7 33 32
7 30 34
35 27 3
36 37 27
38 31 8
39 40 31
41 43 42
44 46 45
47 26 2
48 49 26
50 52 51
53 55 54
56 9 57
58 16 9
59 14 60
61 13 14
62 12 63
64 11 12
65 10 66
67 68 10
69 71 70
72 15 73
74 76 75
77 79 78
80 82 81
83 85 84
86 88 87
89 91 90
92 22 93
94 21 22
95 97 96
98 20 99
100 17 101
102 24 17
103 105 104
106 19 107
108 110 109
111 23 112
113 115 114
116 18 117
118 120 119
121 123 122
124 126 125
127 129 128
130 132 131
133 135 134
136 138 137
139 141 140
142 144 143
145 147 146
LABEL SwCanopyOpen
MATERIAL 2
TEXTURE 2
FLAG 0
GEOM 148 54
-0.0063 -0.0047 -0.0155 0.4104 -0.9116 0.0225 0.2053 0.6238
-0.0028 -0.0031 -0.0168 0.4104 -0.9116 0.0225 0.2073 0.6133
-0.0013 0.0006 -0.0173 0.9068 0.3790 -0.1844 0.2110 0.6032
-0.0028 0.0044 -0.0168 0.4067 0.9135 0.0102 0.2172 0.5927
-0.0063 0.0060 -0.0155 -0.2957 0.9105 0.2892 0.2245 0.5836
0.0007 -0.0011 0.0021 0.4104 -0.9116 0.0225 0.2648 0.6269
-0.0099 0.0044 -0.0142 -0.2957 0.9105 0.2892 0.2332 0.5760
-0.0114 0.0006 -0.0137 -0.7875 0.3759 0.4885 0.2441 0.5700
-0.0099 -0.0031 -0.0142 -0.2905 -0.9084 0.3008 0.2553 0.5662
-0.0075 -0.0047 -0.0187 -0.3593 -0.9239 0.1316 0.2981 0.6194
-0.0040 -0.0031 -0.0200 0.3593 -0.9239 -0.1316 0.3110 0.6147
-0.0025 0.0006 -0.0205 0.8675 0.3827 -0.3177 0.3168 0.6007
-0.0040 0.0044 -0.0200 0.8675 0.3827 -0.3177 0.3121 0.5894
-0.0075 0.0060 -0.0187 -0.3593 0.9239 0.1316 0.2981 0.5836
-0.0111 0.0044 -0.0174 -0.3593 0.9239 0.1316 0.2868 0.5883
-0.0125 0.0006 -0.0169 -0.8675 -0.3827 0.3177 0.2810 0.6023
-0.0111 -0.0031 -0.0174 -0.3593 -0.9239 0.1316 0.2868 0.6147
-0.0082 -0.0022 -0.0205 -0.4937 -0.5845 -0.6440 0.2989 0.6100
-0.0063 -0.0013 -0.0212 0.2824 -0.2421 -0.9282 0.3049 0.6075
-0.0055 0.0006 -0.0214 0.2824 0.2421 -0.9282 0.3074 0.6015
-0.0063 0.0026 -0.0212 -0.0390 0.5845 -0.8105 0.3049 0.5955
-0.0082 0.0035 -0.0205 -0.4937 0.5845 -0.6440 0.2989 0.5931
-0.0100 0.0026 -0.0198 -0.4937 0.5845 -0.6440 0.2929 0.5955
-0.0108 0.0006 -0.0195 -0.8152 -0.2421 -0.5262 0.2905 0.6015
-0.0100 -0.0013 -0.0198 -0.4937 -0.5845 -0.6440 0.2929 0.6075
0.0019 -0.0005 0.0017 0.4104 -0.9116 0.0225 0.2651 0.6264
0.0024 0.0008 0.0015 0.9068 0.3790 -0.1844 0.2655 0.6259
0.0019 0.0021 0.0017 0.4067 0.9135 0.0102 0.2658 0.6253
0.0007 0.0027 0.0021 -0.2957 0.9105 0.2892 0.2662 0.6248
-0.0006 0.0021 0.0026 -0.2957 0.9105 0.2892 0.2665 0.6243
-0.0011 0.0008 0.0028 -0.7875 0.3759 0.4885 0.2669 0.6238
-0.0006 -0.0005 0.0026 -0.2905 -0.9084 0.3008 0.2672 0.6233
-0.0099 0.0044 -0.0142 -0.7875 0.3759 0.4885 0.2332 0.5760
-0.0006 0.0021 0.0026 -0.7875 0.3759 0.4885 0.2665 0.6243
-0.0006 0.0021 0.0026 -0.7875 0.3759 0.4885 0.2665 0.6243
-0.0063 0.0060 -0.0155 0.4067 0.9135 0.0102 0.2245 0.5836
-0.0063 0.0060 -0.0155 0.4067 0.9135 0.0102 0.2245 0.5836
0.0007 0.0027 0.0021 0.4067 0.9135 0.0102 0.2662 0.6248
-0.0063 -0.0047 -0.0155 -0.2905 -0.9084 0.3008 0.2671 0.5648
-0.0063 -0.0047 -0.0155 -0.2905 -0.9084 0.3008 0.2671 0.5648
0.0007 -0.0011 0.0021 -0.2905 -0.9084 0.3008 0.2675 0.6229
-0.0099 -0.0031 -0.0142 -0.7848 -0.3755 0.4931 0.2553 0.5662
-0.0114 0.0006 -0.0137 -0.7848 -0.3755 0.4931 0.2441 0.5700
-0.0011 0.0008 0.0028 -0.7848 -0.3755 0.4931 0.2669 0.6238
-0.0099 -0.0031 -0.0142 -0.7848 -0.3755 0.4931 0.2553 0.5662
-0.0011 0.0008 0.0028 -0.7848 -0.3755 0.4931 0.2669 0.6238
-0.0006 -0.0005 0.0026 -0.7848 -0.3755 0.4931 0.2672 0.6233
-0.0028 0.0044 -0.0168 0.9068 0.3790 -0.1844 0.2172 0.5927
-0.0028 0.0044 -0.0168 0.9068 0.3790 -0.1844 0.2172 0.5927
0.0019 0.0021 0.0017 0.9068 0.3790 -0.1844 0.2658 0.6253
-0.0013 0.0006 -0.0173 0.9080 -0.3787 -0.1791 0.2110 0.6032
-0.0028 -0.0031 -0.0168 0.9080 -0.3787 -0.1791 0.2073 0.6133
0.0019 -0.0005 0.0017 0.9080 -0.3787 -0.1791 0.2651 0.6264
-0.0013 0.0006 -0.0173 0.9080 -0.3787 -0.1791 0.2110 0.6032
0.0019 -0.0005 0.0017 0.9080 -0.3787 -0.1791 0.2651 0.6264
0.0024 0.0008 0.0015 0.9080 -0.3787 -0.1791 0.2655 0.6259
-0.0099 -0.0031 -0.0142 -0.3593 -0.9239 0.1316 0.2829 0.6242
-0.0063 -0.0047 -0.0155 -0.3593 -0.9239 0.1316 0.2942 0.6289
-0.0099 -0.0031 -0.0142 -0.3593 -0.9239 0.1316 0.2829 0.6242
-0.0063 0.0060 -0.0155 -0.3593 0.9239 0.1316 0.2942 0.5742
-0.0099 0.0044 -0.0142 -0.3593 0.9239 0.1316 0.2829 0.5789
-0.0063 0.0060 -0.0155 -0.3593 0.9239 0.1316 0.2942 0.5742
-0.0013 0.0006 -0.0173 0.8675 0.3827 -0.3177 0.3263 0.5968
-0.0028 0.0044 -0.0168 0.8675 0.3827 -0.3177 0.3216 0.5855
-0.0013 0.0006 -0.0173 0.8675 0.3827 -0.3177 0.3263 0.5968
-0.0063 -0.0047 -0.0155 0.3593 -0.9239 -0.1316 0.3036 0.6289
-0.0028 -0.0031 -0.0168 0.3593 -0.9239 -0.1316 0.3149 0.6242
-0.0063 -0.0047 -0.0155 0.3593 -0.9239 -0.1316 0.3036 0.6289
-0.0075 -0.0047 -0.0187 0.3593 -0.9239 -0.1316 0.2997 0.6194
-0.0114 0.0006 -0.0137 -0.8675 -0.3827 0.3177 0.2716 0.6062
-0.0099 -0.0031 -0.0142 -0.8675 -0.3827 0.3177 0.2763 0.6175
-0.0111 -0.0031 -0.0174 -0.8675 -0.3827 0.3177 0.2857 0.6136
-0.0114 0.0006 -0.0137 -0.8675 -0.3827 0.3177 0.2716 0.6062
-0.0111 -0.0031 -0.0174 -0.8675 -0.3827 0.3177 0.2857 0.6136
-0.0028 -0.0031 -0.0168 0.8675 -0.3827 -0.3177 0.3216 0.6175
-0.0013 0.0006 -0.0173 0.8675 -0.3827 -0.3177 0.3263 0.6062
-0.0025 0.0006 -0.0205 0.8675 -0.3827 -0.3177 0.3168 0.6023
-0.0028 -0.0031 -0.0168 0.8675 -0.3827 -0.3177 0.3216 0.6175
-0.0025 0.0006 -0.0205 0.8675 -0.3827 -0.3177 0.3168 0.6023
-0.0040 -0.0031 -0.0200 0.8675 -0.3827 -0.3177 0.3121 0.6136
-0.0099 0.0044 -0.0142 -0.8675 0.3827 0.3177 0.2763 0.5855
-0.0114 0.0006 -0.0137 -0.8675 0.3827 0.3177 0.2716 0.5968
-0.0125 0.0006 -0.0169 -0.8675 0.3827 0.3177 0.2810 0.6007
-0.0099 0.0044 -0.0142 -0.8675 0.3827 0.3177 0.2763 0.5855
-0.0125 0.0006 -0.0169 -0.8675 0.3827 0.3177 0.2810 0.6007
-0.0111 0.0044 -0.0174 -0.8675 0.3827 0.3177 0.2857 0.5894
-0.0028 0.0044 -0.0168 0.3593 0.9239 -0.1316 0.3149 0.5789
-0.0063 0.0060 -0.0155 0.3593 0.9239 -0.1316 0.3036 0.5742
-0.0075 0.0060 -0.0187 0.3593 0.9239 -0.1316 0.2997 0.5836
-0.0028 0.0044 -0.0168 0.3593 0.9239 -0.1316 0.3149 0.5789
-0.0075 0.0060 -0.0187 0.3593 0.9239 -0.1316 0.2997 0.5836
-0.0040 0.0044 -0.0200 0.3593 0.9239 -0.1316 0.3110 0.5883
-0.0075 0.0060 -0.0187 -0.4937 0.5845 -0.6440 0.2981 0.5836
-0.0111 0.0044 -0.0174 -0.4937 0.5845 -0.6440 0.2868 0.5883
-0.0075 0.0060 -0.0187 -0.4937 0.5845 -0.6440 0.2981 0.5836
-0.0040 0.0044 -0.0200 -0.0390 0.5845 -0.8105 0.3110 0.5883
-0.0075 0.0060 -0.0187 -0.0390 0.5845 -0.8105 0.2997 0.5836
-0.0082 0.0035 -0.0205 -0.0390 0.5845 -0.8105 0.2989 0.5931
-0.0040 0.0044 -0.0200 -0.0390 0.5845 -0.8105 0.3110 0.5883
-0.0082 0.0035 -0.0205 -0.0390 0.5845 -0.8105 0.2989 0.5931
-0.0111 -0.0031 -0.0174 -0.4937 -0.5845 -0.6440 0.2868 0.6147
-0.0075 -0.0047 -0.0187 -0.4937 -0.5845 -0.6440 0.2981 0.6194
-0.0111 -0.0031 -0.0174 -0.4937 -0.5845 -0.6440 0.2868 0.6147
-0.0025 0.0006 -0.0205 0.2824 0.2421 -0.9282 0.3168 0.6007
-0.0040 0.0044 -0.0200 0.2824 0.2421 -0.9282 0.3121 0.5894
-0.0063 0.0026 -0.0212 0.2824 0.2421 -0.9282 0.3049 0.5955
-0.0025 0.0006 -0.0205 0.2824 0.2421 -0.9282 0.3168 0.6007
-0.0063 0.0026 -0.0212 0.2824 0.2421 -0.9282 0.3049 0.5955
-0.0125 0.0006 -0.0169 -0.8152 -0.2421 -0.5262 0.2810 0.6023
-0.0111 -0.0031 -0.0174 -0.8152 -0.2421 -0.5262 0.2857 0.6136
-0.0100 -0.0013 -0.0198 -0.8152 -0.2421 -0.5262 0.2929 0.6075
-0.0125 0.0006 -0.0169 -0.8152 -0.2421 -0.5262 0.2810 0.6023
-0.0100 -0.0013 -0.0198 -0.8152 -0.2421 -0.5262 0.2929 0.6075
-0.0040 -0.0031 -0.0200 0.2824 -0.2421 -0.9282 0.3121 0.6136
-0.0025 0.0006 -0.0205 0.2824 -0.2421 -0.9282 0.3168 0.6023
-0.0055 0.0006 -0.0214 0.2824 -0.2421 -0.9282 0.3074 0.6015
-0.0040 -0.0031 -0.0200 0.2824 -0.2421 -0.9282 0.3121 0.6136
-0.0055 0.0006 -0.0214 0.2824 -0.2421 -0.9282 0.3074 0.6015
-0.0111 0.0044 -0.0174 -0.8152 0.2421 -0.5262 0.2857 0.5894
-0.0125 0.0006 -0.0169 -0.8152 0.2421 -0.5262 0.2810 0.6007
-0.0108 0.0006 -0.0195 -0.8152 0.2421 -0.5262 0.2905 0.6015
-0.0111 0.0044 -0.0174 -0.8152 0.2421 -0.5262 0.2857 0.5894
-0.0108 0.0006 -0.0195 -0.8152 0.2421 -0.5262 0.2905 0.6015
-0.0100 0.0026 -0.0198 -0.8152 0.2421 -0.5262 0.2929 0.5955
-0.0075 -0.0047 -0.0187 -0.0390 -0.5845 -0.8105 0.2997 0.6194
-0.0040 -0.0031 -0.0200 -0.0390 -0.5845 -0.8105 0.3110 0.6147
-0.0063 -0.0013 -0.0212 -0.0390 -0.5845 -0.8105 0.3049 0.6075
-0.0075 -0.0047 -0.0187 -0.0390 -0.5845 -0.8105 0.2997 0.6194
-0.0063 -0.0013 -0.0212 -0.0390 -0.5845 -0.8105 0.3049 0.6075
-0.0082 -0.0022 -0.0205 -0.0390 -0.5845 -0.8105 0.2989 0.6100
-0.0100 -0.0013 -0.0198 -0.3439 0.0000 -0.9390 0.2929 0.6075
-0.0082 -0.0022 -0.0205 -0.3439 0.0000 -0.9390 0.2989 0.6100
-0.0063 -0.0013 -0.0212 -0.3439 0.0000 -0.9390 0.3049 0.6075
-0.0063 -0.0013 -0.0212 -0.3439 0.0000 -0.9390 0.3049 0.6075
-0.0055 0.0006 -0.0214 -0.3439 0.0000 -0.9390 0.3074 0.6015
-0.0063 0.0026 -0.0212 -0.3439 0.0000 -0.9390 0.3049 0.5955
-0.0063 0.0026 -0.0212 -0.3439 0.0000 -0.9390 0.3049 0.5955
-0.0082 0.0035 -0.0205 -0.3439 0.0000 -0.9390 0.2989 0.5931
-0.0100 0.0026 -0.0198 -0.3439 0.0000 -0.9390 0.2929 0.5955
-0.0100 0.0026 -0.0198 -0.3439 0.0000 -0.9390 0.2929 0.5955
-0.0108 0.0006 -0.0195 -0.3439 0.0000 -0.9390 0.2905 0.6015
-0.0100 -0.0013 -0.0198 -0.3439 0.0000 -0.9390 0.2929 0.6075
-0.0100 -0.0013 -0.0198 -0.3439 0.0000 -0.9390 0.2929 0.6075
-0.0063 -0.0013 -0.0212 -0.3439 0.0000 -0.9390 0.3049 0.6075
-0.0063 0.0026 -0.0212 -0.3439 0.0000 -0.9390 0.3049 0.5955
-0.0063 0.0026 -0.0212 -0.3439 0.0000 -0.9390 0.3049 0.5955
-0.0100 0.0026 -0.0198 -0.3439 0.0000 -0.9390 0.2929 0.5955
-0.0100 -0.0013 -0.0198 -0.3439 0.0000 -0.9390 0.2929 0.6075
6 28 4
6 29 28
1 5 0
1 25 5
7 33 32
7 30 34
35 27 3
36 37 27
38 31 8
39 40 31
41 43 42
44 46 45
47 26 2
48 49 26
50 52 51
53 55 54
56 9 57
58 16 9
59 14 60
61 13 14
62 12 63
64 11 12
65 10 66
67 68 10
69 71 70
72 15 73
74 76 75
77 79 78
80 82 81
83 85 84
86 88 87
89 91 90
92 22 93
94 21 22
95 97 96
98 20 99
100 17 101
102 24 17
103 105 104
106 19 107
108 110 109
111 23 112
113 115 114
116 18 117
118 120 119
121 123 122
124 126 125
127 129 128
130 132 131
133 135 134
136 138 137
139 141 140
142 144 143
145 147 146
LABEL SwCanopyPower
MATERIAL 2
TEXTURE 2
FLAG 0
GEOM 148 54
-0.0070 -0.0055 -0.0176 0.4104 -0.9116 0.0225 0.2038 0.6222
-0.0035 -0.0039 -0.0189 0.4104 -0.9116 0.0225 0.2057 0.6117
-0.0020 -0.0001 -0.0195 0.9068 0.3790 -0.1844 0.2095 0.6017
-0.0035 0.0036 -0.0189 0.4067 0.9135 0.0102 0.2156 0.5911
-0.0070 0.0052 -0.0176 -0.2957 0.9105 0.2892 0.2229 0.5821
0.0000 -0.0019 0.0000 0.4104 -0.9116 0.0225 0.2632 0.6253
-0.0106 0.0036 -0.0163 -0.2957 0.9105 0.2892 0.2316 0.5744
-0.0120 -0.0001 -0.0158 -0.7875 0.3759 0.4885 0.2425 0.5684
-0.0106 -0.0039 -0.0163 -0.2905 -0.9084 0.3008 0.2538 0.5646
-0.0082 -0.0055 -0.0208 -0.3593 -0.9239 0.1316 0.2966 0.6178
-0.0046 -0.0039 -0.0221 0.3593 -0.9239 -0.1316 0.3095 0.6132
-0.0032 -0.0001 -0.0227 0.8675 0.3827 -0.3177 0.3153 0.5992
-0.0046 0.0036 -0.0221 0.8675 0.3827 -0.3177 0.3106 0.5879
-0.0082 0.0052 -0.0208 -0.3593 0.9239 0.1316 0.2966 0.5821
-0.0117 0.0036 -0.0195 -0.3593 0.9239 0.1316 0.2853 0.5867
-0.0132 -0.0001 -0.0190 -0.8675 -0.3827 0.3177 0.2795 0.6007
-0.0117 -0.0039 -0.0195 -0.3593 -0.9239 0.1316 0.2853 0.6132
-0.0088 -0.0030 -0.0226 -0.4937 -0.5845 -0.6440 0.2974 0.6084
-0.0070 -0.0021 -0.0233 0.2824 -0.2421 -0.9282 0.3033 0.6059
-0.0062 -0.0001 -0.0236 0.2824 0.2421 -0.9282 0.3058 0.6000
-0.0070 0.0019 -0.0233 -0.0390 0.5845 -0.8105 0.3033 0.5940
-0.0088 0.0027 -0.0226 -0.4937 0.5845 -0.6440 0.2974 0.5915
-0.0107 0.0019 -0.0219 -0.4937 0.5845 -0.6440 0.2914 0.5940
-0.0115 -0.0001 -0.0216 -0.8152 -0.2421 -0.5262 0.2889 0.6000
-0.0107 -0.0021 -0.0219 -0.4937 -0.5845 -0.6440 0.2914 0.6059
0.0012 -0.0013 -0.0005 0.4104 -0.9116 0.0225 0.2635 0.6248
0.0018 0.0000 -0.0006 0.9068 0.3790 -0.1844 0.2639 0.6243
0.0012 0.0013 -0.0005 0.4067 0.9135 0.0102 0.2642 0.6238
0.0000 0.0019 0.0000 -0.2957 0.9105 0.2892 0.2646 0.6233
-0.0012 0.0013 0.0005 -0.2957 0.9105 0.2892 0.2650 0.6227
-0.0018 0.0000 0.0006 -0.7875 0.3759 0.4885 0.2653 0.6222
-0.0012 -0.0013 0.0005 -0.2905 -0.9084 0.3008 0.2657 0.6217
-0.0106 0.0036 -0.0163 -0.7875 0.3759 0.4885 0.2316 0.5744
-0.0012 0.0013 0.0005 -0.7875 0.3759 0.4885 0.2650 0.6227
-0.0012 0.0013 0.0005 -0.7875 0.3759 0.4885 0.2650 0.6227
-0.0070 0.0052 -0.0176 0.4067 0.9135 0.0102 0.2229 0.5821
-0.0070 0.0052 -0.0176 0.4067 0.9135 0.0102 0.2229 0.5821
0.0000 0.0019 0.0000 0.4067 0.9135 0.0102 0.2646 0.6233
-0.0070 -0.0055 -0.0176 -0.2905 -0.9084 0.3008 0.2655 0.5632
-0.0070 -0.0055 -0.0176 -0.2905 -0.9084 0.3008 0.2655 0.5632
0.0000 -0.0019 0.0000 -0.2905 -0.9084 0.3008 0.2659 0.6213
-0.0106 -0.0039 -0.0163 -0.7848 -0.3755 0.4931 0.2538 0.5646
-0.0120 -0.0001 -0.0158 -0.7848 -0.3755 0.4931 0.2425 0.5684
-0.0018 0.0000 0.0006 -0.7848 -0.3755 0.4931 0.2653 0.6222
-0.0106 -0.0039 -0.0163 -0.7848 -0.3755 0.4931 0.2538 0.5646
-0.0018 0.0000 0.0006 -0.7848 -0.3755 0.4931 0.2653 0.6222
-0.0012 -0.0013 0.0005 -0.7848 -0.3755 0.4931 0.2657 0.6217
-0.0035 0.0036 -0.0189 0.9068 0.3790 -0.1844 0.2156 0.5911
-0.0035 0.0036 -0.0189 0.9068 0.3790 -0.1844 0.2156 0.5911
0.0012 0.0013 -0.0005 0.9068 0.3790 -0.1844 0.2642 0.6238
-0.0020 -0.0001 -0.0195 0.9080 -0.3787 -0.1791 0.2095 0.6017
-0.0035 -0.0039 -0.0189 0.9080 -0.3787 -0.1791 0.2057 0.6117
0.0012 -0.0013 -0.0005 0.9080 -0.3787 -0.1791 0.2635 0.6248
-0.0020 -0.0001 -0.0195 0.9080 -0.3787 -0.1791 0.2095 0.6017
0.0012 -0.0013 -0.0005 0.9080 -0.3787 -0.1791 0.2635 0.6248
0.0018 0.0000 -0.0006 0.9080 -0.3787 -0.1791 0.2639 0.6243
-0.0106 -0.0039 -0.0163 -0.3593 -0.9239 0.1316 0.2813 0.6226
-0.0070 -0.0055 -0.0176 -0.3593 -0.9239 0.1316 0.2927 0.6273
-0.0106 -0.0039 -0.0163 -0.3593 -0.9239 0.1316 0.2813 0.6226
-0.0070 0.0052 -0.0176 -0.3593 0.9239 0.1316 0.2927 0.5726
-0.0106 0.0036 -0.0163 -0.3593 0.9239 0.1316 0.2813 0.5773
-0.0070 0.0052 -0.0176 -0.3593 0.9239 0.1316 0.2927 0.5726
-0.0020 -0.0001 -0.0195 0.8675 0.3827 -0.3177 0.3247 0.5953
-0.0035 0.0036 -0.0189 0.8675 0.3827 -0.3177 0.3200 0.5839
-0.0020 -0.0001 -0.0195 0.8675 0.3827 -0.3177 0.3247 0.5953
-0.0070 -0.0055 -0.0176 0.3593 -0.9239 -0.1316 0.3020 0.6273
-0.0035 -0.0039 -0.0189 0.3593 -0.9239 -0.1316 0.3134 0.6226
-0.0070 -0.0055 -0.0176 0.3593 -0.9239 -0.1316 0.3020 0.6273
-0.0082 -0.0055 -0.0208 0.3593 -0.9239 -0.1316 0.2981 0.6178
-0.0120 -0.0001 -0.0158 -0.8675 -0.3827 0.3177 0.2700 0.6046
-0.0106 -0.0039 -0.0163 -0.8675 -0.3827 0.3177 0.2747 0.6160
-0.0117 -0.0039 -0.0195 -0.8675 -0.3827 0.3177 0.2842 0.6121
-0.0120 -0.0001 -0.0158 -0.8675 -0.3827 0.3177 0.2700 0.6046
-0.0117 -0.0039 -0.0195 -0.8675 -0.3827 0.3177 0.2842 0.6121
-0.0035 -0.0039 -0.0189 0.8675 -0.3827 -0.3177 0.3200 0.6160
-0.0020 -0.0001 -0.0195 0.8675 -0.3827 -0.3177 0.3247 0.6046
-0.0032 -0.0001 -0.0227 0.8675 -0.3827 -0.3177 0.3153 0.6007
-0.0035 -0.0039 -0.0189 0.8675 -0.3827 -0.3177 0.3200 0.6160
-0.0032 -0.0001 -0.0227 0.8675 -0.3827 -0.3177 0.3153 0.6007
-0.0046 -0.0039 -0.0221 0.8675 -0.3827 -0.3177 0.3106 0.6121
-0.0106 0.0036 -0.0163 -0.8675 0.3827 0.3177 0.2747 0.5839
-0.0120 -0.0001 -0.0158 -0.8675 0.3827 0.3177 0.2700 0.5953
-0.0132 -0.0001 -0.0190 -0.8675 0.3827 0.3177 0.2795 0.5992
-0.0106 0.0036 -0.0163 -0.8675 0.3827 0.3177 0.2747 0.5839
-0.0132 -0.0001 -0.0190 -0.8675 0.3827 0.3177 0.2795 0.5992
-0.0117 0.0036 -0.0195 -0.8675 0.3827 0.3177 0.2842 0.5879
-0.0035 0.0036 -0.0189 0.3593 0.9239 -0.1316 0.3134 0.5773
-0.0070 0.0052 -0.0176 0.3593 0.9239 -0.1316 0.3020 0.5726
-0.0082 0.0052 -0.0208 0.3593 0.9239 -0.1316 0.2981 0.5821
-0.0035 0.0036 -0.0189 0.3593 0.9239 -0.1316 0.3134 0.5773
-0.0082 0.0052 -0.0208 0.3593 0.9239 -0.1316 0.2981 0.5821
-0.0046 0.0036 -0.0221 0.3593 0.9239 -0.1316 0.3095 0.5867
-0.0082 0.0052 -0.0208 -0.4937 0.5845 -0.6440 0.2966 0.5821
-0.0117 0.0036 -0.0195 -0.4937 0.5845 -0.6440 0.2853 0.5867
-0.0082 0.0052 -0.0208 -0.4937 0.5845 -0.6440 0.2966 0.5821
-0.0046 0.0036 -0.0221 -0.0390 0.5845 -0.8105 0.3095 0.5867
-0.0082 0.0052 -0.0208 -0.0390 0.5845 -0.8105 0.2981 0.5821
-0.0088 0.0027 -0.0226 -0.0390 0.5845 -0.8105 0.2974 0.5915
-0.0046 0.0036 -0.0221 -0.0390 0.5845 -0.8105 0.3095 0.5867
-0.0088 0.0027 -0.0226 -0.0390 0.5845 -0.8105 0.2974 0.5915
-0.0117 -0.0039 -0.0195 -0.4937 -0.5845 -0.6440 0.2853 0.6132
-0.0082 -0.0055 -0.0208 -0.4937 -0.5845 -0.6440 0.2966 0.6178
-0.0117 -0.0039 -0.0195 -0.4937 -0.5845 -0.6440 0.2853 0.6132
-0.0032 -0.0001 -0.0227 0.2824 0.2421 -0.9282 0.3153 0.5992
-0.0046 0.0036 -0.0221 0.2824 0.2421 -0.9282 0.3106 0.5879
-0.0070 0.0019 -0.0233 0.2824 0.2421 -0.9282 0.3033 0.5940
-0.0032 -0.0001 -0.0227 0.2824 0.2421 -0.9282 0.3153 0.5992
-0.0070 0.0019 -0.0233 0.2824 0.2421 -0.9282 0.3033 0.5940
-0.0132 -0.0001 -0.0190 -0.8152 -0.2421 -0.5262 0.2795 0.6007
-0.0117 -0.0039 -0.0195 -0.8152 -0.2421 -0.5262 0.2842 0.6121
-0.0107 -0.0021 -0.0219 -0.8152 -0.2421 -0.5262 0.2914 0.6059
-0.0132 -0.0001 -0.0190 -0.8152 -0.2421 -0.5262 0.2795 0.6007
-0.0107 -0.0021 -0.0219 -0.8152 -0.2421 -0.5262 0.2914 0.6059
-0.0046 -0.0039 -0.0221 0.2824 -0.2421 -0.9282 0.3106 0.6121
-0.0032 -0.0001 -0.0227 0.2824 -0.2421 -0.9282 0.3153 0.6007
-0.0062 -0.0001 -0.0236 0.2824 -0.2421 -0.9282 0.3058 0.6000
-0.0046 -0.0039 -0.0221 0.2824 -0.2421 -0.9282 0.3106 0.6121
-0.0062 -0.0001 -0.0236 0.2824 -0.2421 -0.9282 0.3058 0.6000
-0.0117 0.0036 -0.0195 -0.8152 0.2421 -0.5262 0.2842 0.5879
-0.0132 -0.0001 -0.0190 -0.8152 0.2421 -0.5262 0.2795 0.5992
-0.0115 -0.0001 -0.0216 -0.8152 0.2421 -0.5262 0.2889 0.6000
-0.0117 0.0036 -0.0195 -0.8152 0.2421 -0.5262 0.2842 0.5879
-0.0115 -0.0001 -0.0216 -0.8152 0.2421 -0.5262 0.2889 0.6000
-0.0107 0.0019 -0.0219 -0.8152 0.2421 -0.5262 0.2914 0.5940
-0.0082 -0.0055 -0.0208 -0.0390 -0.5845 -0.8105 0.2981 0.6178
-0.0046 -0.0039 -0.0221 -0.0390 -0.5845 -0.8105 0.3095 0.6132
-0.0070 -0.0021 -0.0233 -0.0390 -0.5845 -0.8105 0.3033 0.6059
-0.0082 -0.0055 -0.0208 -0.0390 -0.5845 -0.8105 0.2981 0.6178
-0.0070 -0.0021 -0.0233 -0.0390 -0.5845 -0.8105 0.3033 0.6059
-0.0088 -0.0030 -0.0226 -0.0390 -0.5845 -0.8105 0.2974 0.6084
-0.0107 -0.0021 -0.0219 -0.3439 0.0000 -0.9390 0.2914 0.6059
-0.0088 -0.0030 -0.0226 -0.3439 0.0000 -0.9390 0.2974 0.6084
-0.0070 -0.0021 -0.0233 -0.3439 0.0000 -0.9390 0.3033 0.6059
-0.0070 -0.0021 -0.0233 -0.3439 0.0000 -0.9390 0.3033 0.6059
-0.0062 -0.0001 -0.0236 -0.3439 0.0000 -0.9390 0.3058 0.6000
-0.0070 0.0019 -0.0233 -0.3439 0.0000 -0.9390 0.3033 0.5940
-0.0070 0.0019 -0.0233 -0.3439 0.0000 -0.9390 0.3033 0.5940
-0.0088 0.0027 -0.0226 -0.3439 0.0000 -0.9390 0.2974 0.5915
-0.0107 0.0019 -0.0219 -0.3439 0.0000 -0.9390 0.2914 0.5940
-0.0107 0.0019 -0.0219 -0.3439 0.0000 -0.9390 0.2914 0.5940
-0.0115 -0.0001 -0.0216 -0.3439 0.0000 -0.9390 0.2889 0.6000
-0.0107 -0.0021 -0.0219 -0.3439 0.0000 -0.9390 0.2914 0.6059
-0.0107 -0.0021 -0.0219 -0.3439 0.0000 -0.9390 0.2914 0.6059
-0.0070 -0.0021 -0.0233 -0.3439 0.0000 -0.9390 0.3033 0.6059
-0.0070 0.0019 -0.0233 -0.3439 0.0000 -0.9390 0.3033 0.5940
-0.0070 0.0019 -0.0233 -0.3439 0.0000 -0.9390 0.3033 0.5940
-0.0107 0.0019 -0.0219 -0.3439 0.0000 -0.9390 0.2914 0.5940
-0.0107 -0.0021 -0.0219 -0.3439 0.0000 -0.9390 0.2914 0.6059
6 28 4
6 29 28
1 5 0
1 25 5
7 33 32
7 30 34
35 27 3
36 37 27
38 31 8
39 40 31
41 43 42
44 46 45
47 26 2
48 49 26
50 52 51
53 55 54
56 9 57
58 16 9
59 14 60
61 13 14
62 12 63
64 11 12
65 10 66
67 68 10
69 71 70
72 15 73
74 76 75
77 79 78
80 82 81
83 85 84
86 88 87
89 91 90
92 22 93
94 21 22
95 97 96
98 20 99
100 17 101
102 24 17
103 105 104
106 19 107
108 110 109
111 23 112
113 115 114
116 18 117
118 120 119
121 123 122
124 126 125
127 129 128
130 132 131
133 135 134
136 138 137
139 141 140
142 144 143
145 147 146
LABEL SwCargoOpen
MATERIAL 2
TEXTURE 2
FLAG 0
GEOM 148 54
-0.0063 -0.0054 -0.0151 0.4104 -0.9116 0.0225 0.2053 0.6238
-0.0028 -0.0039 -0.0164 0.4104 -0.9116 0.0225 0.2073 0.6133
-0.0013 -0.0001 -0.0169 0.9068 0.3790 -0.1844 0.2110 0.6032
-0.0028 0.0037 -0.0164 0.4067 0.9135 0.0102 0.2172 0.5927
-0.0063 0.0052 -0.0151 -0.2957 0.9105 0.2892 0.2245 0.5836
0.0007 -0.0018 0.0026 0.4104 -0.9116 0.0225 0.2648 0.6269
-0.0099 0.0037 -0.0138 -0.2957 0.9105 0.2892 0.2332 0.5760
-0.0113 -0.0001 -0.0132 -0.7875 0.3759 0.4885 0.2441 0.5700
-0.0099 -0.0039 -0.0138 -0.2905 -0.9084 0.3008 0.2553 0.5662
-0.0075 -0.0054 -0.0183 -0.3593 -0.9239 0.1316 0.2981 0.6194
-0.0040 -0.0039 -0.0196 0.3593 -0.9239 -0.1316 0.3110 0.6147
-0.0025 -0.0001 -0.0201 0.8675 0.3827 -0.3177 0.3168 0.6007
-0.0040 0.0037 -0.0196 0.8675 0.3827 -0.3177 0.3121 0.5894
-0.0075 0.0052 -0.0183 -0.3593 0.9239 0.1316 0.2981 0.5836
-0.0110 0.0037 -0.0170 -0.3593 0.9239 0.1316 0.2868 0.5883
-0.0125 -0.0001 -0.0164 -0.8675 -0.3827 0.3177 0.2810 0.6023
-0.0110 -0.0039 -0.0170 -0.3593 -0.9239 0.1316 0.2868 0.6147
-0.0082 -0.0029 -0.0200 -0.4937 -0.5845 -0.6440 0.2989 0.6100
-0.0063 -0.0021 -0.0207 0.2824 -0.2421 -0.9282 0.3049 0.6075
-0.0055 -0.0001 -0.0210 0.2824 0.2421 -0.9282 0.3074 0.6015
-0.0063 0.0019 -0.0207 -0.0390 0.5845 -0.8105 0.3049 0.5955
-0.0082 0.0027 -0.0200 -0.4937 0.5845 -0.6440 0.2989 0.5931
-0.0100 0.0019 -0.0194 -0.4937 0.5845 -0.6440 0.2929 0.5955
-0.0108 -0.0001 -0.0191 -0.8152 -0.2421 -0.5262 0.2905 0.6015
-0.0100 -0.0021 -0.0194 -0.4937 -0.5845 -0.6440 0.2929 0.6075
0.0019 -0.0013 0.0021 0.4104 -0.9116 0.0225 0.2651 0.6264
0.0024 0.0000 0.0019 0.9068 0.3790 -0.1844 0.2655 0.6259
0.0019 0.0014 0.0021 0.4067 0.9135 0.0102 0.2658 0.6253
0.0007 0.0019 0.0026 -0.2957 0.9105 0.2892 0.2662 0.6248
-0.0006 0.0014 0.0030 -0.2957 0.9105 0.2892 0.2665 0.6243
-0.0011 0.0000 0.0032 -0.7875 0.3759 0.4885 0.2669 0.6238
-0.0006 -0.0013 0.0030 -0.2905 -0.9084 0.3008 0.2672 0.6233
-0.0099 0.0037 -0.0138 -0.7875 0.3759 0.4885 0.2332 0.5760
-0.0006 0.0014 0.0030 -0.7875 0.3759 0.4885 0.2665 0.6243
-0.0006 0.0014 0.0030 -0.7875 0.3759 0.4885 0.2665 0.6243
-0.0063 0.0052 -0.0151 0.4067 0.9135 0.0102 0.2245 0.5836
-0.0063 0.0052 -0.0151 0.4067 0.9135 0.0102 0.2245 0.5836
0.0007 0.0019 0.0026 0.4067 0.9135 0.0102 0.2662 0.6248
-0.0063 -0.0054 -0.0151 -0.2905 -0.9084 0.3008 0.2671 0.5648
-0.0063 -0.0054 -0.0151 -0.2905 -0.9084 0.3008 0.2671 0.5648
0.0007 -0.0018 0.0026 -0.2905 -0.9084 0.3008 0.2675 0.6229
-0.0099 -0.0039 -0.0138 -0.7848 -0.3755 0.4931 0.2553 0.5662
-0.0113 -0.0001 -0.0132 -0.7848 -0.3755 0.4931 0.2441 0.5700
-0.0011 0.0000 0.0032 -0.7848 -0.3755 0.4931 0.2669 0.6238
-0.0099 -0.0039 -0.0138 -0.7848 -0.3755 0.4931 0.2553 0.5662
-0.0011 0.0000 0.0032 -0.7848 -0.3755 0.4931 0.2669 0.6238
-0.0006 -0.0013 0.0030 -0.7848 -0.3755 0.4931 0.2672 0.6233
-0.0028 0.0037 -0.0164 0.9068 0.3790 -0.1844 0.2172 0.5927
-0.0028 0.0037 -0.0164 0.9068 0.3790 -0.1844 0.2172 0.5927
0.0019 0.0014 0.0021 0.9068 0.3790 -0.1844 0.2658 0.6253
-0.0013 -0.0001 -0.0169 0.9080 -0.3787 -0.1791 0.2110 0.6032
-0.0028 -0.0039 -0.0164 0.9080 -0.3787 -0.1791 0.2073 0.6133
0.0019 -0.0013 0.0021 0.9080 -0.3787 -0.1791 0.2651 0.6264
-0.0013 -0.0001 -0.0169 0.9080 -0.3787 -0.1791 0.2110 0.6032
0.0019 -0.0013 0.0021 0.9080 -0.3787 -0.1791 0.2651 0.6264
0.0024 0.0000 0.0019 0.9080 -0.3787 -0.1791 0.2655 0.6259
-0.0099 -0.0039 -0.0138 -0.3593 -0.9239 0.1316 0.2829 0.6242
-0.0063 -0.0054 -0.0151 -0.3593 -0.9239 0.1316 0.2942 0.6289
-0.0099 -0.0039 -0.0138 -0.3593 -0.9239 0.1316 0.2829 0.6242
-0.0063 0.0052 -0.0151 -0.3593 0.9239 0.1316 0.2942 0.5742
-0.0099 0.0037 -0.0138 -0.3593 0.9239 0.1316 0.2829 0.5789
-0.0063 0.0052 -0.0151 -0.3593 0.9239 0.1316 0.2942 0.5742
-0.0013 -0.0001 -0.0169 0.8675 0.3827 -0.3177 0.3263 0.5968
-0.0028 0.0037 -0.0164 0.8675 0.3827 -0.3177 0.3216 0.5855
-0.0013 -0.0001 -0.0169 0.8675 0.3827 -0.3177 0.3263 0.5968
-0.0063 -0.0054 -0.0151 0.3593 -0.9239 -0.1316 0.3036 0.6289
-0.0028 -0.0039 -0.0164 0.3593 -0.9239 -0.1316 0.3149 0.6242
-0.0063 -0.0054 -0.0151 0.3593 -0.9239 -0.1316 0.3036 0.6289
-0.0075 -0.0054 -0.0183 0.3593 -0.9239 -0.1316 0.2997 0.6194
-0.0113 -0.0001 -0.0132 -0.8675 -0.3827 0.3177 0.2716 0.6062
-0.0099 -0.0039 -0.0138 -0.8675 -0.3827 0.3177 0.2763 0.6175
-0.0110 -0.0039 -0.0170 -0.8675 -0.3827 0.3177 0.2857 0.6136
-0.0113 -0.0001 -0.0132 -0.8675 -0.3827 0.3177 0.2716 0.6062
-0.0110 -0.0039 -0.0170 -0.8675 -0.3827 0.3177 0.2857 0.6136
-0.0028 -0.0039 -0.0164 0.8675 -0.3827 -0.3177 0.3216 0.6175
-0.0013 -0.0001 -0.0169 0.8675 -0.3827 -0.3177 0.3263 0.6062
-0.0025 -0.0001 -0.0201 0.8675 -0.3827 -0.3177 0.3168 0.6023
-0.0028 -0.0039 -0.0164 0.8675 -0.3827 -0.3177 0.3216 0.6175
-0.0025 -0.0001 -0.0201 0.8675 -0.3827 -0.3177 0.3168 0.6023
-0.0040 -0.0039 -0.0196 0.8675 -0.3827 -0.3177 0.3121 0.6136
-0.0099 0.0037 -0.0138 -0.8675 0.3827 0.3177 0.2763 0.5855
-0.0113 -0.0001 -0.0132 -0.8675 0.3827 0.3177 0.2716 0.5968
-0.0125 -0.0001 -0.0164 -0.8675 0.3827 0.3177 0.2810 0.6007
-0.0099 0.0037 -0.0138 -0.8675 0.3827 0.3177 0.2763 0.5855
-0.0125 -0.0001 -0.0164 -0.8675 0.3827 0.3177 0.2810 0.6007
-0.0110 0.0037 -0.0170 -0.8675 0.3827 0.3177 0.2857 0.5894
-0.0028 0.0037 -0.0164 0.3593 0.9239 -0.1316 0.3149 0.5789
-0.0063 0.0052 -0.0151 0.3593 0.9239 -0.1316 0.3036 0.5742
-0.0075 0.0052 -0.0183 0.3593 0.9239 -0.1316 0.2997 0.5836
-0.0028 0.0037 -0.0164 0.3593 0.9239 -0.1316 0.3149 0.5789
-0.0075 0.0052 -0.0183 0.3593 0.9239 -0.1316 0.2997 0.5836
-0.0040 0.0037 -0.0196 0.3593 0.9239 -0.1316 0.3110 0.5883
-0.0075 0.0052 -0.0183 -0.4937 0.5845 -0.6440 0.2981 0.5836
-0.0110 0.0037 -0.0170 -0.4937 0.5845 -0.6440 0.2868 0.5883
-0.0075 0.0052 -0.0183 -0.4937 0.5845 -0.6440 0.2981 0.5836
-0.0040 0.0037 -0.0196 -0.0390 0.5845 -0.8105 0.3110 0.5883
-0.0075 0.0052 -0.0183 -0.0390 0.5845 -0.8105 0.2997 0.5836
-0.0082 0.0027 -0.0200 -0.0390 0.5845 -0.8105 0.2989 0.5931
-0.0040 0.0037 -0.0196 -0.0390 0.5845 -0.8105 0.3110 0.5883
-0.0082 0.0027 -0.0200 -0.0390 0.5845 -0.8105 0.2989 0.5931
-0.0110 -0.0039 -0.0170 -0.4937 -0.5845 -0.6440 0.2868 0.6147
-0.0075 -0.0054 -0.0183 -0.4937 -0.5845 -0.6440 0.2981 0.6194
-0.0110 -0.0039 -0.0170 -0.4937 -0.5845 -0.6440 0.2868 0.6147
-0.0025 -0.0001 -0.0201 0.2824 0.2421 -0.9282 0.3168 0.6007
-0.0040 0.0037 -0.0196 0.2824 0.2421 -0.9282 0.3121 0.5894
-0.0063 0.0019 -0.0207 0.2824 0.2421 -0.9282 0.3049 0.5955
-0.0025 -0.0001 -0.0201 0.2824 0.2421 -0.9282 0.3168 0.6007
-0.0063 0.0019 -0.0207 0.2824 0.2421 -0.9282 0.3049 0.5955
-0.0125 -0.0001 -0.0164 -0.8152 -0.2421 -0.5262 0.2810 0.6023
-0.0110 -0.0039 -0.0170 -0.8152 -0.2421 -0.5262 0.2857 0.6136
-0.0100 -0.0021 -0.0194 -0.8152 -0.2421 -0.5262 0.2929 0.6075
-0.0125 -0.0001 -0.0164 -0.8152 -0.2421 -0.5262 0.2810 0.6023
-0.0100 -0.0021 -0.0194 -0.8152 -0.2421 -0.5262 0.2929 0.6075
-0.0040 -0.0039 -0.0196 0.2824 -0.2421 -0.9282 0.3121 0.6136
-0.0025 -0.0001 -0.0201 0.2824 -0.2421 -0.9282 0.3168 0.6023
-0.0055 -0.0001 -0.0210 0.2824 -0.2421 -0.9282 0.3074 0.6015
-0.0040 -0.0039 -0.0196 0.2824 -0.2421 -0.9282 0.3121 0.6136
-0.0055 -0.0001 -0.0210 0.2824 -0.2421 -0.9282 0.3074 0.6015
-0.0110 0.0037 -0.0170 -0.8152 0.2421 -0.5262 0.2857 0.5894
-0.0125 -0.0001 -0.0164 -0.8152 0.2421 -0.5262 0.2810 0.6007
-0.0108 -0.0001 -0.0191 -0.8152 0.2421 -0.5262 0.2905 0.6015
-0.0110 0.0037 -0.0170 -0.8152 0.2421 -0.5262 0.2857 0.5894
-0.0108 -0.0001 -0.0191 -0.8152 0.2421 -0.5262 0.2905 0.6015
-0.0100 0.0019 -0.0194 -0.8152 0.2421 -0.5262 0.2929 0.5955
-0.0075 -0.0054 -0.0183 -0.0390 -0.5845 -0.8105 0.2997 0.6194
-0.0040 -0.0039 -0.0196 -0.0390 -0.5845 -0.8105 0.3110 0.6147
-0.0063 -0.0021 -0.0207 -0.0390 -0.5845 -0.8105 0.3049 0.6075
-0.0075 -0.0054 -0.0183 -0.0390 -0.5845 -0.8105 0.2997 0.6194
-0.0063 -0.0021 -0.0207 -0.0390 -0.5845 -0.8105 0.3049 0.6075
-0.0082 -0.0029 -0.0200 -0.0390 -0.5845 -0.8105 0.2989 0.6100
-0.0100 -0.0021 -0.0194 -0.3439 -0.0000 -0.9390 0.2929 0.6075
-0.0082 -0.0029 -0.0200 -0.3439 -0.0000 -0.9390 0.2989 0.6100
-0.0063 -0.0021 -0.0207 -0.3439 -0.0000 -0.9390 0.3049 0.6075
-0.0063 -0.0021 -0.0207 -0.3439 -0.0000 -0.9390 0.3049 0.6075
-0.0055 -0.0001 -0.0210 -0.3439 -0.0000 -0.9390 0.3074 0.6015
-0.0063 0.0019 -0.0207 -0.3439 -0.0000 -0.9390 0.3049 0.5955
-0.0063 0.0019 -0.0207 -0.3439 -0.0000 -0.9390 0.3049 0.5955
-0.0082 0.0027 -0.0200 -0.3439 -0.0000 -0.9390 0.2989 0.5931
-0.0100 0.0019 -0.0194 -0.3439 -0.0000 -0.9390 0.2929 0.5955
-0.0100 0.0019 -0.0194 -0.3439 -0.0000 -0.9390 0.2929 0.5955
-0.0108 -0.0001 -0.0191 -0.3439 -0.0000 -0.9390 0.2905 0.6015
-0.0100 -0.0021 -0.0194 -0.3439 -0.0000 -0.9390 0.2929 0.6075
-0.0100 -0.0021 -0.0194 -0.3439 -0.0000 -0.9390 0.2929 0.6075
-0.0063 -0.0021 -0.0207 -0.3439 -0.0000 -0.9390 0.3049 0.6075
-0.0063 0.0019 -0.0207 -0.3439 -0.0000 -0.9390 0.3049 0.5955
-0.0063 0.0019 -0.0207 -0.3439 -0.0000 -0.9390 0.3049 0.5955
-0.0100 0.0019 -0.0194 -0.3439 -0.0000 -0.9390 0.2929 0.5955
-0.0100 -0.0021 -0.0194 -0.3439 -0.0000 -0.9390 0.2929 0.6075
6 28 4
6 29 28
1 5 0
1 25 5
7 33 32
7 30 34
35 27 3
36 37 27
38 31 8
39 40 31
41 43 42
44 46 45
47 26 2
48 49 26
50 52 51
53 55 54
56 9 57
58 16 9
59 14 60
61 13 14
62 12 63
64 11 12
65 10 66
67 68 10
69 71 70
72 15 73
74 76 75
77 79 78
80 82 81
83 85 84
86 88 87
89 91 90
92 22 93
94 21 22
95 97 96
98 20 99
100 17 101
102 24 17
103 105 104
106 19 107
108 110 109
111 23 112
113 115 114
116 18 117
118 120 119
121 123 122
124 126 125
127 129 128
130 132 131
133 135 134
136 138 137
139 141 140
142 144 143
145 147 146
LABEL SwCargoPower
MATERIAL 2
TEXTURE 2
FLAG 0
GEOM 148 54
-0.0070 -0.0055 -0.0176 0.4104 -0.9116 0.0225 0.2053 0.6222
-0.0035 -0.0039 -0.0189 0.4104 -0.9116 0.0225 0.2073 0.6117
-0.0020 -0.0001 -0.0195 0.9068 0.3790 -0.1844 0.2110 0.6017
-0.0035 0.0036 -0.0189 0.4067 0.9135 0.0102 0.2172 0.5911
-0.0070 0.0052 -0.0176 -0.2957 0.9105 0.2892 0.2245 0.5821
0.0000 -0.0019 -0.0000 0.4104 -0.9116 0.0225 0.2648 0.6253
-0.0106 0.0036 -0.0163 -0.2957 0.9105 0.2892 0.2332 0.5744
-0.0120 -0.0001 -0.0158 -0.7875 0.3759 0.4885 0.2441 0.5684
-0.0106 -0.0039 -0.0163 -0.2905 -0.9084 0.3008 0.2553 0.5646
-0.0082 -0.0055 -0.0208 -0.3593 -0.9239 0.1316 0.2981 0.6178
-0.0046 -0.0039 -0.0221 0.3593 -0.9239 -0.1316 0.3110 0.6132
-0.0032 -0.0001 -0.0227 0.8675 0.3827 -0.3177 0.3168 0.5992
-0.0046 0.0036 -0.0221 0.8675 0.3827 -0.3177 0.3121 0.5879
-0.0082 0.0052 -0.0208 -0.3593 0.9239 0.1316 0.2981 0.5821
-0.0117 0.0036 -0.0195 -0.3593 0.9239 0.1316 0.2868 0.5867
-0.0132 -0.0001 -0.0190 -0.8675 -0.3827 0.3177 0.2810 0.6007
-0.0117 -0.0039 -0.0195 -0.3593 -0.9239 0.1316 0.2868 0.6132
-0.0088 -0.0030 -0.0226 -0.4937 -0.5845 -0.6440 0.2989 0.6084
-0.0070 -0.0021 -0.0233 0.2824 -0.2421 -0.9282 0.3049 0.6059
-0.0062 -0.0001 -0.0236 0.2824 0.2421 -0.9282 0.3074 0.6000
-0.0070 0.0019 -0.0233 -0.0390 0.5845 -0.8105 0.3049 0.5940
-0.0088 0.0027 -0.0226 -0.4937 0.5845 -0.6440 0.2989 0.5915
-0.0107 0.0019 -0.0219 -0.4937 0.5845 -0.6440 0.2929 0.5940
-0.0115 -0.0001 -0.0216 -0.8152 -0.2421 -0.5262 0.2905 0.6000
-0.0107 -0.0021 -0.0219 -0.4937 -0.5845 -0.6440 0.2929 0.6059
0.0012 -0.0013 -0.0005 0.4104 -0.9116 0.0225 0.2651 0.6248
0.0018 0.0000 -0.0006 0.9068 0.3790 -0.1844 0.2655 0.6243
0.0012 0.0013 -0.0005 0.4067 0.9135 0.0102 0.2658 0.6238
0.0000 0.0019 -0.0000 -0.2957 0.9105 0.2892 0.2662 0.6233
-0.0012 0.0013 0.0005 -0.2957 0.9105 0.2892 0.2665 0.6227
-0.0018 0.0000 0.0006 -0.7875 0.3759 0.4885 0.2669 0.6222
-0.0012 -0.0013 0.0005 -0.2905 -0.9084 0.3008 0.2672 0.6217
-0.0106 0.0036 -0.0163 -0.7875 0.3759 0.4885 0.2332 0.5744
-0.0012 0.0013 0.0005 -0.7875 0.3759 0.4885 0.2665 0.6227
-0.0012 0.0013 0.0005 -0.7875 0.3759 0.4885 0.2665 0.6227
-0.0070 0.0052 -0.0176 0.4067 0.9135 0.0102 0.2245 0.5821
-0.0070 0.0052 -0.0176 0.4067 0.9135 0.0102 0.2245 0.5821
0.0000 0.0019 -0.0000 0.4067 0.9135 0.0102 0.2662 0.6233
-0.0070 -0.0055 -0.0176 -0.2905 -0.9084 0.3008 0.2671 0.5632
-0.0070 -0.0055 -0.0176 -0.2905 -0.9084 0.3008 0.2671 0.5632
0.0000 -0.0019 -0.0000 -0.2905 -0.9084 0.3008 0.2675 0.6213
-0.0106 -0.0039 -0.0163 -0.7848 -0.3755 0.4931 0.2553 0.5646
-0.0120 -0.0001 -0.0158 -0.7848 -0.3755 0.4931 0.2441 0.5684
-0.0018 0.0000 0.0006 -0.7848 -0.3755 0.4931 0.2669 0.6222
-0.0106 -0.0039 -0.0163 -0.7848 -0.3755 0.4931 0.2553 0.5646
-0.0018 0.0000 0.0006 -0.7848 -0.3755 0.4931 0.2669 0.6222
-0.0012 -0.0013 0.0005 -0.7848 -0.3755 0.4931 0.2672 0.6217
-0.0035 0.0036 -0.0189 0.9068 0.3790 -0.1844 0.2172 0.5911
-0.0035 0.0036 -0.0189 0.9068 0.3790 -0.1844 0.2172 0.5911
0.0012 0.0013 -0.0005 0.9068 0.3790 -0.1844 0.2658 0.6238
-0.0020 -0.0001 -0.0195 0.9080 -0.3787 -0.1791 0.2110 0.6017
-0.0035 -0.0039 -0.0189 0.9080 -0.3787 -0.1791 0.2073 0.6117
0.0012 -0.0013 -0.0005 0.9080 -0.3787 -0.1791 0.2651 0.6248
-0.0020 -0.0001 -0.0195 0.9080 -0.3787 -0.1791 0.2110 0.6017
0.0012 -0.0013 -0.0005 0.9080 -0.3787 -0.1791 0.2651 0.6248
0.0018 0.0000 -0.0006 0.9080 -0.3787 -0.1791 0.2655 0.6243
-0.0106 -0.0039 -0.0163 -0.3593 -0.9239 0.1316 0.2829 0.6226
-0.0070 -0.0055 -0.0176 -0.3593 -0.9239 0.1316 0.2942 0.6273
-0.0106 -0.0039 -0.0163 -0.3593 -0.9239 0.1316 0.2829 0.6226
-0.0070 0.0052 -0.0176 -0.3593 0.9239 0.1316 0.2942 0.5726
-0.0106 0.0036 -0.0163 -0.3593 0.9239 0.1316 0.2829 0.5773
-0.0070 0.0052 -0.0176 -0.3593 0.9239 0.1316 0.2942 0.5726
-0.0020 -0.0001 -0.0195 0.8675 0.3827 -0.3177 0.3263 0.5953
-0.0035 0.0036 -0.0189 0.8675 0.3827 -0.3177 0.3216 0.5839
-0.0020 -0.0001 -0.0195 0.8675 0.3827 -0.3177 0.3263 0.5953
-0.0070 -0.0055 -0.0176 0.3593 -0.9239 -0.1316 0.3036 0.6273
-0.0035 -0.0039 -0.0189 0.3593 -0.9239 -0.1316 0.3149 0.6226
-0.0070 -0.0055 -0.0176 0.3593 -0.9239 -0.1316 0.3036 0.6273
-0.0082 -0.0055 -0.0208 0.3593 -0.9239 -0.1316 0.2997 0.6178
-0.0120 -0.0001 -0.0158 -0.8675 -0.3827 0.3177 0.2716 0.6046
-0.0106 -0.0039 -0.0163 -0.8675 -0.3827 0.3177 0.2763 0.6160
-0.0117 -0.0039 -0.0195 -0.8675 -0.3827 0.3177 0.2857 0.6121
-0.0120 -0.0001 -0.0158 -0.8675 -0.3827 0.3177 0.2716 0.6046
-0.0117 -0.0039 -0.0195 -0.8675 -0.3827 0.3177 0.2857 0.6121
-0.0035 -0.0039 -0.0189 0.8675 -0.3827 -0.3177 0.3216 0.6160
-0.0020 -0.0001 -0.0195 0.8675 -0.3827 -0.3177 0.3263 0.6046
-0.0032 -0.0001 -0.0227 0.8675 -0.3827 -0.3177 0.3168 0.6007
-0.0035 -0.0039 -0.0189 0.8675 -0.3827 -0.3177 0.3216 0.6160
-0.0032 -0.0001 -0.0227 0.8675 -0.3827 -0.3177 0.3168 0.6007
-0.0046 -0.0039 -0.0221 0.8675 -0.3827 -0.3177 0.3121 0.6121
-0.0106 0.0036 -0.0163 -0.8675 0.3827 0.3177 0.2763 0.5839
-0.0120 -0.0001 -0.0158 -0.8675 0.3827 0.3177 0.2716 0.5953
-0.0132 -0.0001 -0.0190 -0.8675 0.3827 0.3177 0.2810 0.5992
-0.0106 0.0036 -0.0163 -0.8675 0.3827 0.3177 0.2763 0.5839
-0.0132 -0.0001 -0.0190 -0.8675 0.3827 0.3177 0.2810 0.5992
-0.0117 0.0036 -0.0195 -0.8675 0.3827 0.3177 0.2857 0.5879
-0.0035 0.0036 -0.0189 0.3593 0.9239 -0.1316 0.3149 0.5773
-0.0070 0.0052 -0.0176 0.3593 0.9239 -0.1316 0.3036 0.5726
-0.0082 0.0052 -0.0208 0.3593 0.9239 -0.1316 0.2997 0.5821
-0.0035 0.0036 -0.0189 0.3593 0.9239 -0.1316 0.3149 0.5773
-0.0082 0.0052 -0.0208 0.3593 0.9239 -0.1316 0.2997 0.5821
-0.0046 0.0036 -0.0221 0.3593 0.9239 -0.1316 0.3110 0.5867
-0.0082 0.0052 -0.0208 -0.4937 0.5845 -0.6440 0.2981 0.5821
-0.0117 0.0036 -0.0195 -0.4937 0.5845 -0.6440 0.2868 0.5867
-0.0082 0.0052 -0.0208 -0.4937 0.5845 -0.6440 0.2981 0.5821
-0.0046 0.0036 -0.0221 -0.0390 0.5845 -0.8105 0.3110 0.5867
-0.0082 0.0052 -0.0208 -0.0390 0.5845 -0.8105 0.2997 0.5821
-0.0088 0.0027 -0.0226 -0.0390 0.5845 -0.8105 0.2989 0.5915
-0.0046 0.0036 -0.0221 -0.0390 0.5845 -0.8105 0.3110 0.5867
-0.0088 0.0027 -0.0226 -0.0390 0.5845 -0.8105 0.2989 0.5915
-0.0117 -0.0039 -0.0195 -0.4937 -0.5845 -0.6440 0.2868 0.6132
-0.0082 -0.0055 -0.0208 -0.4937 -0.5845 -0.6440 0.2981 0.6178
-0.0117 -0.0039 -0.0195 -0.4937 -0.5845 -0.6440 0.2868 0.6132
-0.0032 -0.0001 -0.0227 0.2824 0.2421 -0.9282 0.3168 0.5992
-0.0046 0.0036 -0.0221 0.2824 0.2421 -0.9282 0.3121 0.5879
-0.0070 0.0019 -0.0233 0.2824 0.2421 -0.9282 0.3049 0.5940
-0.0032 -0.0001 -0.0227 0.2824 0.2421 -0.9282 0.3168 0.5992
-0.0070 0.0019 -0.0233 0.2824 0.2421 -0.9282 0.3049 0.5940
-0.0132 -0.0001 -0.0190 -0.8152 -0.2421 -0.5262 0.2810 0.6007
-0.0117 -0.0039 -0.0195 -0.8152 -0.2421 -0.5262 0.2857 0.6121
-0.0107 -0.0021 -0.0219 -0.8152 -0.2421 -0.5262 0.2929 0.6059
-0.0132 -0.0001 -0.0190 -0.8152 -0.2421 -0.5262 0.2810 0.6007
-0.0107 -0.0021 -0.0219 -0.8152 -0.2421 -0.5262 0.2929 0.6059
-0.0046 -0.0039 -0.0221 0.2824 -0.2421 -0.9282 0.3121 0.6121
-0.0032 -0.0001 -0.0227 0.2824 -0.2421 -0.9282 0.3168 0.6007
-0.0062 -0.0001 -0.0236 0.2824 -0.2421 -0.9282 0.3074 0.6000
-0.0046 -0.0039 -0.0221 0.2824 -0.2421 -0.9282 0.3121 0.6121
-0.0062 -0.0001 -0.0236 0.2824 -0.2421 -0.9282 0.3074 0.6000
-0.0117 0.0036 -0.0195 -0.8152 0.2421 -0.5262 0.2857 0.5879
-0.0132 -0.0001 -0.0190 -0.8152 0.2421 -0.5262 0.2810 0.5992
-0.0115 -0.0001 -0.0216 -0.8152 0.2421 -0.5262 0.2905 0.6000
-0.0117 0.0036 -0.0195 -0.8152 0.2421 -0.5262 0.2857 0.5879
-0.0115 -0.0001 -0.0216 -0.8152 0.2421 -0.5262 0.2905 0.6000
-0.0107 0.0019 -0.0219 -0.8152 0.2421 -0.5262 0.2929 0.5940
-0.0082 -0.0055 -0.0208 -0.0390 -0.5845 -0.8105 0.2997 0.6178
-0.0046 -0.0039 -0.0221 -0.0390 -0.5845 -0.8105 0.3110 0.6132
-0.0070 -0.0021 -0.0233 -0.0390 -0.5845 -0.8105 0.3049 0.6059
-0.0082 -0.0055 -0.0208 -0.0390 -0.5845 -0.8105 0.2997 0.6178
-0.0070 -0.0021 -0.0233 -0.0390 -0.5845 -0.8105 0.3049 0.6059
-0.0088 -0.0030 -0.0226 -0.0390 -0.5845 -0.8105 0.2989 0.6084
-0.0107 -0.0021 -0.0219 -0.3439 0.0000 -0.9390 0.2929 0.6059
-0.0088 -0.0030 -0.0226 -0.3439 0.0000 -0.9390 0.2989 0.6084
-0.0070 -0.0021 -0.0233 -0.3439 0.0000 -0.9390 0.3049 0.6059
-0.0070 -0.0021 -0.0233 -0.3439 0.0000 -0.9390 0.3049 0.6059
-0.0062 -0.0001 -0.0236 -0.3439 0.0000 -0.9390 0.3074 0.6000
-0.0070 0.0019 -0.0233 -0.3439 0.0000 -0.9390 0.3049 0.5940
-0.0070 0.0019 -0.0233 -0.3439 0.0000 -0.9390 0.3049 0.5940
-0.0088 0.0027 -0.0226 -0.3439 0.0000 -0.9390 0.2989 0.5915
-0.0107 0.0019 -0.0219 -0.3439 0.0000 -0.9390 0.2929 0.5940
-0.0107 0.0019 -0.0219 -0.3439 0.0000 -0.9390 0.2929 0.5940
-0.0115 -0.0001 -0.0216 -0.3439 0.0000 -0.9390 0.2905 0.6000
-0.0107 -0.0021 -0.0219 -0.3439 0.0000 -0.9390 0.2929 0.6059
-0.0107 -0.0021 -0.0219 -0.3439 0.0000 -0.9390 0.2929 0.6059
-0.0070 -0.0021 -0.0233 -0.3439 0.0000 -0.9390 0.3049 0.6059
-0.0070 0.0019 -0.0233 -0.3439 0.0000 -0.9390 0.3049 0.5940
-0.0070 0.0019 -0.0233 -0.3439 0.0000 -0.9390 0.3049 0.5940
-0.0107 0.0019 -0.0219 -0.3439 0.0000 -0.9390 0.2929 0.5940
-0.0107 -0.0021 -0.0219 -0.3439 0.0000 -0.9390 0.2929 0.6059
6 28 4
6 29 28
1 5 0
1 25 5
7 33 32
7 30 34
35 27 3
36 37 27
38 31 8
39 40 31
41 43 42
44 46 45
47 26 2
48 49 26
50 52 51
53 55 54
56 9 57
58 16 9
59 14 60
61 13 14
62 12 63
64 11 12
65 10 66
67 68 10
69 71 70
72 15 73
74 76 75
77 79 78
80 82 81
83 85 84
86 88 87
89 91 90
92 22 93
94 21 22
95 97 96
98 20 99
100 17 101
102 24 17
103 105 104
106 19 107
108 110 109
111 23 112
113 115 114
116 18 117
118 120 119
121 123 122
124 126 125
127 129 128
130 132 131
133 135 134
136 138 137
139 141 140
142 144 143
145 147 146
LABEL swConnectExternalPower
MATERIAL 2
TEXTURE 2
FLAG 0
GEOM 148 54
-0.0070 -0.0055 -0.0176 0.4104 -0.9116 0.0225 0.2053 0.6246
-0.0035 -0.0039 -0.0189 0.4104 -0.9116 0.0225 0.2073 0.6141
-0.0020 -0.0001 -0.0195 0.9068 0.3790 -0.1844 0.2110 0.6040
-0.0035 0.0036 -0.0189 0.4067 0.9135 0.0102 0.2172 0.5934
-0.0070 0.0052 -0.0176 -0.2957 0.9105 0.2892 0.2245 0.5844
0.0000 -0.0019 0.0000 0.4104 -0.9116 0.0225 0.2648 0.6276
-0.0106 0.0036 -0.0163 -0.2957 0.9105 0.2892 0.2332 0.5768
-0.0120 -0.0001 -0.0158 -0.7875 0.3759 0.4885 0.2441 0.5708
-0.0106 -0.0039 -0.0163 -0.2905 -0.9084 0.3008 0.2553 0.5670
-0.0082 -0.0055 -0.0208 -0.3593 -0.9239 0.1316 0.2981 0.6202
-0.0046 -0.0039 -0.0221 0.3593 -0.9239 -0.1316 0.3110 0.6155
-0.0032 -0.0001 -0.0227 0.8675 0.3827 -0.3177 0.3168 0.6015
-0.0046 0.0036 -0.0221 0.8675 0.3827 -0.3177 0.3121 0.5902
-0.0082 0.0052 -0.0208 -0.3593 0.9239 0.1316 0.2981 0.5844
-0.0117 0.0036 -0.0195 -0.3593 0.9239 0.1316 0.2868 0.5891
-0.0132 -0.0001 -0.0190 -0.8675 -0.3827 0.3177 0.2810 0.6031
-0.0117 -0.0039 -0.0195 -0.3593 -0.9239 0.1316 0.2868 0.6155
-0.0088 -0.0030 -0.0226 -0.4937 -0.5845 -0.6440 0.2989 0.6107
-0.0070 -0.0021 -0.0233 0.2824 -0.2421 -0.9282 0.3049 0.6083
-0.0062 -0.0001 -0.0236 0.2824 0.2421 -0.9282 0.3074 0.6023
-0.0070 0.0019 -0.0233 -0.0390 0.5845 -0.8105 0.3049 0.5963
-0.0088 0.0027 -0.0226 -0.4937 0.5845 -0.6440 0.2989 0.5938
-0.0107 0.0019 -0.0219 -0.4937 0.5845 -0.6440 0.2929 0.5963
-0.0115 -0.0001 -0.0216 -0.8152 -0.2421 -0.5262 0.2905 0.6023
-0.0107 -0.0021 -0.0219 -0.4937 -0.5845 -0.6440 0.2929 0.6083
0.0012 -0.0013 -0.0005 0.4104 -0.9116 0.0225 0.2651 0.6271
0.0018 -0.0000 -0.0006 0.9068 0.3790 -0.1844 0.2655 0.6266
0.0012 0.0013 -0.0005 0.4067 0.9135 0.0102 0.2658 0.6261
0.0000 0.0019 0.0000 -0.2957 0.9105 0.2892 0.2662 0.6256
-0.0012 0.0013 0.0005 -0.2957 0.9105 0.2892 0.2665 0.6251
-0.0018 -0.0000 0.0006 -0.7875 0.3759 0.4885 0.2669 0.6246
-0.0012 -0.0013 0.0005 -0.2905 -0.9084 0.3008 0.2672 0.6241
-0.0106 0.0036 -0.0163 -0.7875 0.3759 0.4885 0.2332 0.5768
-0.0012 0.0013 0.0005 -0.7875 0.3759 0.4885 0.2665 0.6251
-0.0012 0.0013 0.0005 -0.7875 0.3759 0.4885 0.2665 0.6251
-0.0070 0.0052 -0.0176 0.4067 0.9135 0.0102 0.2245 0.5844
-0.0070 0.0052 -0.0176 0.4067 0.9135 0.0102 0.2245 0.5844
0.0000 0.0019 0.0000 0.4067 0.9135 0.0102 0.2662 0.6256
-0.0070 -0.0055 -0.0176 -0.2905 -0.9084 0.3008 0.2671 0.5656
-0.0070 -0.0055 -0.0176 -0.2905 -0.9084 0.3008 0.2671 0.5656
0.0000 -0.0019 0.0000 -0.2905 -0.9084 0.3008 0.2675 0.6236
-0.0106 -0.0039 -0.0163 -0.7848 -0.3755 0.4931 0.2553 0.5670
-0.0120 -0.0001 -0.0158 -0.7848 -0.3755 0.4931 0.2441 0.5708
-0.0018 -0.0000 0.0006 -0.7848 -0.3755 0.4931 0.2669 0.6246
-0.0106 -0.0039 -0.0163 -0.7848 -0.3755 0.4931 0.2553 0.5670
-0.0018 -0.0000 0.0006 -0.7848 -0.3755 0.4931 0.2669 0.6246
-0.0012 -0.0013 0.0005 -0.7848 -0.3755 0.4931 0.2672 0.6241
-0.0035 0.0036 -0.0189 0.9068 0.3790 -0.1844 0.2172 0.5934
-0.0035 0.0036 -0.0189 0.9068 0.3790 -0.1844 0.2172 0.5934
0.0012 0.0013 -0.0005 0.9068 0.3790 -0.1844 0.2658 0.6261
-0.0020 -0.0001 -0.0195 0.9080 -0.3787 -0.1791 0.2110 0.6040
-0.0035 -0.0039 -0.0189 0.9080 -0.3787 -0.1791 0.2073 0.6141
0.0012 -0.0013 -0.0005 0.9080 -0.3787 -0.1791 0.2651 0.6271
-0.0020 -0.0001 -0.0195 0.9080 -0.3787 -0.1791 0.2110 0.6040
0.0012 -0.0013 -0.0005 0.9080 -0.3787 -0.1791 0.2651 0.6271
0.0018 -0.0000 -0.0006 0.9080 -0.3787 -0.1791 0.2655 0.6266
-0.0106 -0.0039 -0.0163 -0.3593 -0.9239 0.1316 0.2829 0.6249
-0.0070 -0.0055 -0.0176 -0.3593 -0.9239 0.1316 0.2942 0.6296
-0.0106 -0.0039 -0.0163 -0.3593 -0.9239 0.1316 0.2829 0.6249
-0.0070 0.0052 -0.0176 -0.3593 0.9239 0.1316 0.2942 0.5750
-0.0106 0.0036 -0.0163 -0.3593 0.9239 0.1316 0.2829 0.5796
-0.0070 0.0052 -0.0176 -0.3593 0.9239 0.1316 0.2942 0.5750
-0.0020 -0.0001 -0.0195 0.8675 0.3827 -0.3177 0.3263 0.5976
-0.0035 0.0036 -0.0189 0.8675 0.3827 -0.3177 0.3216 0.5863
-0.0020 -0.0001 -0.0195 0.8675 0.3827 -0.3177 0.3263 0.5976
-0.0070 -0.0055 -0.0176 0.3593 -0.9239 -0.1316 0.3036 0.6296
-0.0035 -0.0039 -0.0189 0.3593 -0.9239 -0.1316 0.3149 0.6249
-0.0070 -0.0055 -0.0176 0.3593 -0.9239 -0.1316 0.3036 0.6296
-0.0082 -0.0055 -0.0208 0.3593 -0.9239 -0.1316 0.2997 0.6202
-0.0120 -0.0001 -0.0158 -0.8675 -0.3827 0.3177 0.2716 0.6070
-0.0106 -0.0039 -0.0163 -0.8675 -0.3827 0.3177 0.2763 0.6183
-0.0117 -0.0039 -0.0195 -0.8675 -0.3827 0.3177 0.2857 0.6144
-0.0120 -0.0001 -0.0158 -0.8675 -0.3827 0.3177 0.2716 0.6070
-0.0117 -0.0039 -0.0195 -0.8675 -0.3827 0.3177 0.2857 0.6144
-0.0035 -0.0039 -0.0189 0.8675 -0.3827 -0.3177 0.3216 0.6183
-0.0020 -0.0001 -0.0195 0.8675 -0.3827 -0.3177 0.3263 0.6070
-0.0032 -0.0001 -0.0227 0.8675 -0.3827 -0.3177 0.3168 0.6031
-0.0035 -0.0039 -0.0189 0.8675 -0.3827 -0.3177 0.3216 0.6183
-0.0032 -0.0001 -0.0227 0.8675 -0.3827 -0.3177 0.3168 0.6031
-0.0046 -0.0039 -0.0221 0.8675 -0.3827 -0.3177 0.3121 0.6144
-0.0106 0.0036 -0.0163 -0.8675 0.3827 0.3177 0.2763 0.5863
-0.0120 -0.0001 -0.0158 -0.8675 0.3827 0.3177 0.2716 0.5976
-0.0132 -0.0001 -0.0190 -0.8675 0.3827 0.3177 0.2810 0.6015
-0.0106 0.0036 -0.0163 -0.8675 0.3827 0.3177 0.2763 0.5863
-0.0132 -0.0001 -0.0190 -0.8675 0.3827 0.3177 0.2810 0.6015
-0.0117 0.0036 -0.0195 -0.8675 0.3827 0.3177 0.2857 0.5902
-0.0035 0.0036 -0.0189 0.3593 0.9239 -0.1316 0.3149 0.5796
-0.0070 0.0052 -0.0176 0.3593 0.9239 -0.1316 0.3036 0.5750
-0.0082 0.0052 -0.0208 0.3593 0.9239 -0.1316 0.2997 0.5844
-0.0035 0.0036 -0.0189 0.3593 0.9239 -0.1316 0.3149 0.5796
-0.0082 0.0052 -0.0208 0.3593 0.9239 -0.1316 0.2997 0.5844
-0.0046 0.0036 -0.0221 0.3593 0.9239 -0.1316 0.3110 0.5891
-0.0082 0.0052 -0.0208 -0.4937 0.5845 -0.6440 0.2981 0.5844
-0.0117 0.0036 -0.0195 -0.4937 0.5845 -0.6440 0.2868 0.5891
-0.0082 0.0052 -0.0208 -0.4937 0.5845 -0.6440 0.2981 0.5844
-0.0046 0.0036 -0.0221 -0.0390 0.5845 -0.8105 0.3110 0.5891
-0.0082 0.0052 -0.0208 -0.0390 0.5845 -0.8105 0.2997 0.5844
-0.0088 0.0027 -0.0226 -0.0390 0.5845 -0.8105 0.2989 0.5938
-0.0046 0.0036 -0.0221 -0.0390 0.5845 -0.8105 0.3110 0.5891
-0.0088 0.0027 -0.0226 -0.0390 0.5845 -0.8105 0.2989 0.5938
-0.0117 -0.0039 -0.0195 -0.4937 -0.5845 -0.6440 0.2868 0.6155
-0.0082 -0.0055 -0.0208 -0.4937 -0.5845 -0.6440 0.2981 0.6202
-0.0117 -0.0039 -0.0195 -0.4937 -0.5845 -0.6440 0.2868 0.6155
-0.0032 -0.0001 -0.0227 0.2824 0.2421 -0.9282 0.3168 0.6015
-0.0046 0.0036 -0.0221 0.2824 0.2421 -0.9282 0.3121 0.5902
-0.0070 0.0019 -0.0233 0.2824 0.2421 -0.9282 0.3049 0.5963
-0.0032 -0.0001 -0.0227 0.2824 0.2421 -0.9282 0.3168 0.6015
-0.0070 0.0019 -0.0233 0.2824 0.2421 -0.9282 0.3049 0.5963
-0.0132 -0.0001 -0.0190 -0.8152 -0.2421 -0.5262 0.2810 0.6031
-0.0117 -0.0039 -0.0195 -0.8152 -0.2421 -0.5262 0.2857 0.6144
-0.0107 -0.0021 -0.0219 -0.8152 -0.2421 -0.5262 0.2929 0.6083
-0.0132 -0.0001 -0.0190 -0.8152 -0.2421 -0.5262 0.2810 0.6031
-0.0107 -0.0021 -0.0219 -0.8152 -0.2421 -0.5262 0.2929 0.6083
-0.0046 -0.0039 -0.0221 0.2824 -0.2421 -0.9282 0.3121 0.6144
-0.0032 -0.0001 -0.0227 0.2824 -0.2421 -0.9282 0.3168 0.6031
-0.0062 -0.0001 -0.0236 0.2824 -0.2421 -0.9282 0.3074 0.6023
-0.0046 -0.0039 -0.0221 0.2824 -0.2421 -0.9282 0.3121 0.6144
-0.0062 -0.0001 -0.0236 0.2824 -0.2421 -0.9282 0.3074 0.6023
-0.0117 0.0036 -0.0195 -0.8152 0.2421 -0.5262 0.2857 0.5902
-0.0132 -0.0001 -0.0190 -0.8152 0.2421 -0.5262 0.2810 0.6015
-0.0115 -0.0001 -0.0216 -0.8152 0.2421 -0.5262 0.2905 0.6023
-0.0117 0.0036 -0.0195 -0.8152 0.2421 -0.5262 0.2857 0.5902
-0.0115 -0.0001 -0.0216 -0.8152 0.2421 -0.5262 0.2905 0.6023
-0.0107 0.0019 -0.0219 -0.8152 0.2421 -0.5262 0.2929 0.5963
-0.0082 -0.0055 -0.0208 -0.0390 -0.5845 -0.8105 0.2997 0.6202
-0.0046 -0.0039 -0.0221 -0.0390 -0.5845 -0.8105 0.3110 0.6155
-0.0070 -0.0021 -0.0233 -0.0390 -0.5845 -0.8105 0.3049 0.6083
-0.0082 -0.0055 -0.0208 -0.0390 -0.5845 -0.8105 0.2997 0.6202
-0.0070 -0.0021 -0.0233 -0.0390 -0.5845 -0.8105 0.3049 0.6083
-0.0088 -0.0030 -0.0226 -0.0390 -0.5845 -0.8105 0.2989 0.6107
-0.0107 -0.0021 -0.0219 -0.3439 0.0000 -0.9390 0.2929 0.6083
-0.0088 -0.0030 -0.0226 -0.3439 0.0000 -0.9390 0.2989 0.6107
-0.0070 -0.0021 -0.0233 -0.3439 0.0000 -0.9390 0.3049 0.6083
-0.0070 -0.0021 -0.0233 -0.3439 0.0000 -0.9390 0.3049 0.6083
-0.0062 -0.0001 -0.0236 -0.3439 0.0000 -0.9390 0.3074 0.6023
-0.0070 0.0019 -0.0233 -0.3439 0.0000 -0.9390 0.3049 0.5963
-0.0070 0.0019 -0.0233 -0.3439 0.0000 -0.9390 0.3049 0.5963
-0.0088 0.0027 -0.0226 -0.3439 0.0000 -0.9390 0.2989 0.5938
-0.0107 0.0019 -0.0219 -0.3439 0.0000 -0.9390 0.2929 0.5963
-0.0107 0.0019 -0.0219 -0.3439 0.0000 -0.9390 0.2929 0.5963
-0.0115 -0.0001 -0.0216 -0.3439 0.0000 -0.9390 0.2905 0.6023
-0.0107 -0.0021 -0.0219 -0.3439 0.0000 -0.9390 0.2929 0.6083
-0.0107 -0.0021 -0.0219 -0.3439 0.0000 -0.9390 0.2929 0.6083
-0.0070 -0.0021 -0.0233 -0.3439 0.0000 -0.9390 0.3049 0.6083
-0.0070 0.0019 -0.0233 -0.3439 0.0000 -0.9390 0.3049 0.5963
-0.0070 0.0019 -0.0233 -0.3439 0.0000 -0.9390 0.3049 0.5963
-0.0107 0.0019 -0.0219 -0.3439 0.0000 -0.9390 0.2929 0.5963
-0.0107 -0.0021 -0.0219 -0.3439 0.0000 -0.9390 0.2929 0.6083
6 28 4
6 29 28
1 5 0
1 25 5
7 33 32
7 30 34
35 27 3
36 37 27
38 31 8
39 40 31
41 43 42
44 46 45
47 26 2
48 49 26
50 52 51
53 55 54
56 9 57
58 16 9
59 14 60
61 13 14
62 12 63
64 11 12
65 10 66
67 68 10
69 71 70
72 15 73
74 76 75
77 79 78
80 82 81
83 85 84
86 88 87
89 91 90
92 22 93
94 21 22
95 97 96
98 20 99
100 17 101
102 24 17
103 105 104
106 19 107
108 110 109
111 23 112
113 115 114
116 18 117
118 120 119
121 123 122
124 126 125
127 129 128
130 132 131
133 135 134
136 138 137
139 141 140
142 144 143
145 147 146
LABEL swConnectFuelCell
MATERIAL 2
TEXTURE 2
FLAG 0
GEOM 148 54
-0.0070 -0.0055 -0.0176 0.4104 -0.9116 0.0225 0.2030 0.6230
-0.0035 -0.0039 -0.0189 0.4104 -0.9116 0.0225 0.2049 0.6125
-0.0020 -0.0001 -0.0195 0.9068 0.3790 -0.1844 0.2087 0.6025
-0.0035 0.0036 -0.0189 0.4067 0.9135 0.0102 0.2149 0.5919
-0.0070 0.0052 -0.0176 -0.2957 0.9105 0.2892 0.2222 0.5828
0.0000 -0.0019 0.0000 0.4104 -0.9116 0.0225 0.2624 0.6261
-0.0106 0.0036 -0.0163 -0.2957 0.9105 0.2892 0.2309 0.5752
-0.0120 -0.0001 -0.0158 -0.7875 0.3759 0.4885 0.2417 0.5692
-0.0106 -0.0039 -0.0163 -0.2905 -0.9084 0.3008 0.2530 0.5654
-0.0082 -0.0055 -0.0208 -0.3593 -0.9239 0.1316 0.2958 0.6186
-0.0046 -0.0039 -0.0221 0.3593 -0.9239 -0.1316 0.3087 0.6139
-0.0032 -0.0001 -0.0227 0.8675 0.3827 -0.3177 0.3145 0.6000
-0.0046 0.0036 -0.0221 0.8675 0.3827 -0.3177 0.3098 0.5886
-0.0082 0.0052 -0.0208 -0.3593 0.9239 0.1316 0.2958 0.5828
-0.0117 0.0036 -0.0195 -0.3593 0.9239 0.1316 0.2845 0.5875
-0.0132 -0.0001 -0.0190 -0.8675 -0.3827 0.3177 0.2787 0.6015
-0.0117 -0.0039 -0.0195 -0.3593 -0.9239 0.1316 0.2845 0.6139
-0.0088 -0.0030 -0.0226 -0.4937 -0.5845 -0.6440 0.2966 0.6092
-0.0070 -0.0021 -0.0233 0.2824 -0.2421 -0.9282 0.3026 0.6067
-0.0062 -0.0001 -0.0236 0.2824 0.2421 -0.9282 0.3050 0.6007
-0.0070 0.0019 -0.0233 -0.0390 0.5845 -0.8105 0.3026 0.5948
-0.0088 0.0027 -0.0226 -0.4937 0.5845 -0.6440 0.2966 0.5923
-0.0107 0.0019 -0.0219 -0.4937 0.5845 -0.6440 0.2906 0.5948
-0.0115 -0.0001 -0.0216 -0.8152 -0.2421 -0.5262 0.2881 0.6007
-0.0107 -0.0021 -0.0219 -0.4937 -0.5845 -0.6440 0.2906 0.6067
0.0012 -0.0013 -0.0005 0.4104 -0.9116 0.0225 0.2628 0.6256
0.0018 -0.0000 -0.0006 0.9068 0.3790 -0.1844 0.2631 0.6251
0.0012 0.0013 -0.0005 0.4067 0.9135 0.0102 0.2635 0.6246
0.0000 0.0019 0.0000 -0.2957 0.9105 0.2892 0.2638 0.6240
-0.0012 0.0013 0.0005 -0.2957 0.9105 0.2892 0.2642 0.6235
-0.0018 -0.0000 0.0006 -0.7875 0.3759 0.4885 0.2645 0.6230
-0.0012 -0.0013 0.0005 -0.2905 -0.9084 0.3008 0.2649 0.6225
-0.0106 0.0036 -0.0163 -0.7875 0.3759 0.4885 0.2309 0.5752
-0.0012 0.0013 0.0005 -0.7875 0.3759 0.4885 0.2642 0.6235
-0.0012 0.0013 0.0005 -0.7875 0.3759 0.4885 0.2642 0.6235
-0.0070 0.0052 -0.0176 0.4067 0.9135 0.0102 0.2222 0.5828
-0.0070 0.0052 -0.0176 0.4067 0.9135 0.0102 0.2222 0.5828
0.0000 0.0019 0.0000 0.4067 0.9135 0.0102 0.2638 0.6240
-0.0070 -0.0055 -0.0176 -0.2905 -0.9084 0.3008 0.2648 0.5640
-0.0070 -0.0055 -0.0176 -0.2905 -0.9084 0.3008 0.2648 0.5640
0.0000 -0.0019 0.0000 -0.2905 -0.9084 0.3008 0.2652 0.6221
-0.0106 -0.0039 -0.0163 -0.7848 -0.3755 0.4931 0.2530 0.5654
-0.0120 -0.0001 -0.0158 -0.7848 -0.3755 0.4931 0.2417 0.5692
-0.0018 -0.0000 0.0006 -0.7848 -0.3755 0.4931 0.2645 0.6230
-0.0106 -0.0039 -0.0163 -0.7848 -0.3755 0.4931 0.2530 0.5654
-0.0018 -0.0000 0.0006 -0.7848 -0.3755 0.4931 0.2645 0.6230
-0.0012 -0.0013 0.0005 -0.7848 -0.3755 0.4931 0.2649 0.6225
-0.0035 0.0036 -0.0189 0.9068 0.3790 -0.1844 0.2149 0.5919
-0.0035 0.0036 -0.0189 0.9068 0.3790 -0.1844 0.2149 0.5919
0.0012 0.0013 -0.0005 0.9068 0.3790 -0.1844 0.2635 0.6246
-0.0020 -0.0001 -0.0195 0.9080 -0.3787 -0.1791 0.2087 0.6025
-0.0035 -0.0039 -0.0189 0.9080 -0.3787 -0.1791 0.2049 0.6125
0.0012 -0.0013 -0.0005 0.9080 -0.3787 -0.1791 0.2628 0.6256
-0.0020 -0.0001 -0.0195 0.9080 -0.3787 -0.1791 0.2087 0.6025
0.0012 -0.0013 -0.0005 0.9080 -0.3787 -0.1791 0.2628 0.6256
0.0018 -0.0000 -0.0006 0.9080 -0.3787 -0.1791 0.2631 0.6251
-0.0106 -0.0039 -0.0163 -0.3593 -0.9239 0.1316 0.2806 0.6234
-0.0070 -0.0055 -0.0176 -0.3593 -0.9239 0.1316 0.2919 0.6281
-0.0106 -0.0039 -0.0163 -0.3593 -0.9239 0.1316 0.2806 0.6234
-0.0070 0.0052 -0.0176 -0.3593 0.9239 0.1316 0.2919 0.5734
-0.0106 0.0036 -0.0163 -0.3593 0.9239 0.1316 0.2806 0.5781
-0.0070 0.0052 -0.0176 -0.3593 0.9239 0.1316 0.2919 0.5734
-0.0020 -0.0001 -0.0195 0.8675 0.3827 -0.3177 0.3239 0.5960
-0.0035 0.0036 -0.0189 0.8675 0.3827 -0.3177 0.3192 0.5847
-0.0020 -0.0001 -0.0195 0.8675 0.3827 -0.3177 0.3239 0.5960
-0.0070 -0.0055 -0.0176 0.3593 -0.9239 -0.1316 0.3013 0.6281
-0.0035 -0.0039 -0.0189 0.3593 -0.9239 -0.1316 0.3126 0.6234
-0.0070 -0.0055 -0.0176 0.3593 -0.9239 -0.1316 0.3013 0.6281
-0.0082 -0.0055 -0.0208 0.3593 -0.9239 -0.1316 0.2974 0.6186
-0.0120 -0.0001 -0.0158 -0.8675 -0.3827 0.3177 0.2692 0.6054
-0.0106 -0.0039 -0.0163 -0.8675 -0.3827 0.3177 0.2739 0.6167
-0.0117 -0.0039 -0.0195 -0.8675 -0.3827 0.3177 0.2834 0.6128
-0.0120 -0.0001 -0.0158 -0.8675 -0.3827 0.3177 0.2692 0.6054
-0.0117 -0.0039 -0.0195 -0.8675 -0.3827 0.3177 0.2834 0.6128
-0.0035 -0.0039 -0.0189 0.8675 -0.3827 -0.3177 0.3192 0.6167
-0.0020 -0.0001 -0.0195 0.8675 -0.3827 -0.3177 0.3239 0.6054
-0.0032 -0.0001 -0.0227 0.8675 -0.3827 -0.3177 0.3145 0.6015
-0.0035 -0.0039 -0.0189 0.8675 -0.3827 -0.3177 0.3192 0.6167
-0.0032 -0.0001 -0.0227 0.8675 -0.3827 -0.3177 0.3145 0.6015
-0.0046 -0.0039 -0.0221 0.8675 -0.3827 -0.3177 0.3098 0.6128
-0.0106 0.0036 -0.0163 -0.8675 0.3827 0.3177 0.2739 0.5847
-0.0120 -0.0001 -0.0158 -0.8675 0.3827 0.3177 0.2692 0.5960
-0.0132 -0.0001 -0.0190 -0.8675 0.3827 0.3177 0.2787 0.6000
-0.0106 0.0036 -0.0163 -0.8675 0.3827 0.3177 0.2739 0.5847
-0.0132 -0.0001 -0.0190 -0.8675 0.3827 0.3177 0.2787 0.6000
-0.0117 0.0036 -0.0195 -0.8675 0.3827 0.3177 0.2834 0.5886
-0.0035 0.0036 -0.0189 0.3593 0.9239 -0.1316 0.3126 0.5781
-0.0070 0.0052 -0.0176 0.3593 0.9239 -0.1316 0.3013 0.5734
-0.0082 0.0052 -0.0208 0.3593 0.9239 -0.1316 0.2974 0.5828
-0.0035 0.0036 -0.0189 0.3593 0.9239 -0.1316 0.3126 0.5781
-0.0082 0.0052 -0.0208 0.3593 0.9239 -0.1316 0.2974 0.5828
-0.0046 0.0036 -0.0221 0.3593 0.9239 -0.1316 0.3087 0.5875
-0.0082 0.0052 -0.0208 -0.4937 0.5845 -0.6440 0.2958 0.5828
-0.0117 0.0036 -0.0195 -0.4937 0.5845 -0.6440 0.2845 0.5875
-0.0082 0.0052 -0.0208 -0.4937 0.5845 -0.6440 0.2958 0.5828
-0.0046 0.0036 -0.0221 -0.0390 0.5845 -0.8105 0.3087 0.5875
-0.0082 0.0052 -0.0208 -0.0390 0.5845 -0.8105 0.2974 0.5828
-0.0088 0.0027 -0.0226 -0.0390 0.5845 -0.8105 0.2966 0.5923
-0.0046 0.0036 -0.0221 -0.0390 0.5845 -0.8105 0.3087 0.5875
-0.0088 0.0027 -0.0226 -0.0390 0.5845 -0.8105 0.2966 0.5923
-0.0117 -0.0039 -0.0195 -0.4937 -0.5845 -0.6440 0.2845 0.6139
-0.0082 -0.0055 -0.0208 -0.4937 -0.5845 -0.6440 0.2958 0.6186
-0.0117 -0.0039 -0.0195 -0.4937 -0.5845 -0.6440 0.2845 0.6139
-0.0032 -0.0001 -0.0227 0.2824 0.2421 -0.9282 0.3145 0.6000
-0.0046 0.0036 -0.0221 0.2824 0.2421 -0.9282 0.3098 0.5886
-0.0070 0.0019 -0.0233 0.2824 0.2421 -0.9282 0.3026 0.5948
-0.0032 -0.0001 -0.0227 0.2824 0.2421 -0.9282 0.3145 0.6000
-0.0070 0.0019 -0.0233 0.2824 0.2421 -0.9282 0.3026 0.5948
-0.0132 -0.0001 -0.0190 -0.8152 -0.2421 -0.5262 0.2787 0.6015
-0.0117 -0.0039 -0.0195 -0.8152 -0.2421 -0.5262 0.2834 0.6128
-0.0107 -0.0021 -0.0219 -0.8152 -0.2421 -0.5262 0.2906 0.6067
-0.0132 -0.0001 -0.0190 -0.8152 -0.2421 -0.5262 0.2787 0.6015
-0.0107 -0.0021 -0.0219 -0.8152 -0.2421 -0.5262 0.2906 0.6067
-0.0046 -0.0039 -0.0221 0.2824 -0.2421 -0.9282 0.3098 0.6128
-0.0032 -0.0001 -0.0227 0.2824 -0.2421 -0.9282 0.3145 0.6015
-0.0062 -0.0001 -0.0236 0.2824 -0.2421 -0.9282 0.3050 0.6007
-0.0046 -0.0039 -0.0221 0.2824 -0.2421 -0.9282 0.3098 0.6128
-0.0062 -0.0001 -0.0236 0.2824 -0.2421 -0.9282 0.3050 0.6007
-0.0117 0.0036 -0.0195 -0.8152 0.2421 -0.5262 0.2834 0.5886
-0.0132 -0.0001 -0.0190 -0.8152 0.2421 -0.5262 0.2787 0.6000
-0.0115 -0.0001 -0.0216 -0.8152 0.2421 -0.5262 0.2881 0.6007
-0.0117 0.0036 -0.0195 -0.8152 0.2421 -0.5262 0.2834 0.5886
-0.0115 -0.0001 -0.0216 -0.8152 0.2421 -0.5262 0.2881 0.6007
-0.0107 0.0019 -0.0219 -0.8152 0.2421 -0.5262 0.2906 0.5948
-0.0082 -0.0055 -0.0208 -0.0390 -0.5845 -0.8105 0.2974 0.6186
-0.0046 -0.0039 -0.0221 -0.0390 -0.5845 -0.8105 0.3087 0.6139
-0.0070 -0.0021 -0.0233 -0.0390 -0.5845 -0.8105 0.3026 0.6067
-0.0082 -0.0055 -0.0208 -0.0390 -0.5845 -0.8105 0.2974 0.6186
-0.0070 -0.0021 -0.0233 -0.0390 -0.5845 -0.8105 0.3026 0.6067
-0.0088 -0.0030 -0.0226 -0.0390 -0.5845 -0.8105 0.2966 0.6092
-0.0107 -0.0021 -0.0219 -0.3439 0.0000 -0.9390 0.2906 0.6067
-0.0088 -0.0030 -0.0226 -0.3439 0.0000 -0.9390 0.2966 0.6092
-0.0070 -0.0021 -0.0233 -0.3439 0.0000 -0.9390 0.3026 0.6067
-0.0070 -0.0021 -0.0233 -0.3439 0.0000 -0.9390 0.3026 0.6067
-0.0062 -0.0001 -0.0236 -0.3439 0.0000 -0.9390 0.3050 0.6007
-0.0070 0.0019 -0.0233 -0.3439 0.0000 -0.9390 0.3026 0.5948
-0.0070 0.0019 -0.0233 -0.3439 0.0000 -0.9390 0.3026 0.5948
-0.0088 0.0027 -0.0226 -0.3439 0.0000 -0.9390 0.2966 0.5923
-0.0107 0.0019 -0.0219 -0.3439 0.0000 -0.9390 0.2906 0.5948
-0.0107 0.0019 -0.0219 -0.3439 0.0000 -0.9390 0.2906 0.5948
-0.0115 -0.0001 -0.0216 -0.3439 0.0000 -0.9390 0.2881 0.6007
-0.0107 -0.0021 -0.0219 -0.3439 0.0000 -0.9390 0.2906 0.6067
-0.0107 -0.0021 -0.0219 -0.3439 0.0000 -0.9390 0.2906 0.6067
-0.0070 -0.0021 -0.0233 -0.3439 0.0000 -0.9390 0.3026 0.6067
-0.0070 0.0019 -0.0233 -0.3439 0.0000 -0.9390 0.3026 0.5948
-0.0070 0.0019 -0.0233 -0.3439 0.0000 -0.9390 0.3026 0.5948
-0.0107 0.0019 -0.0219 -0.3439 0.0000 -0.9390 0.2906 0.5948
-0.0107 -0.0021 -0.0219 -0.3439 0.0000 -0.9390 0.2906 0.6067
6 28 4
6 29 28
1 5 0
1 25 5
7 33 32
7 30 34
35 27 3
36 37 27
38 31 8
39 40 31
41 43 42
44 46 45
47 26 2
48 49 26
50 52 51
53 55 54
56 9 57
58 16 9
59 14 60
61 13 14
62 12 63
64 11 12
65 10 66
67 68 10
69 71 70
72 15 73
74 76 75
77 79 78
80 82 81
83 85 84
86 88 87
89 91 90
92 22 93
94 21 22
95 97 96
98 20 99
100 17 101
102 24 17
103 105 104
106 19 107
108 110 109
111 23 112
113 115 114
116 18 117
118 120 119
121 123 122
124 126 125
127 129 128
130 132 131
133 135 134
136 138 137
139 141 140
142 144 143
145 147 146
LABEL swDumpFuel
MATERIAL 2
TEXTURE 2
FLAG 0
GEOM 148 54
-0.0070 -0.0055 -0.0176 0.4104 -0.9116 0.0225 0.2046 0.6246
-0.0035 -0.0039 -0.0189 0.4104 -0.9116 0.0225 0.2065 0.6141
-0.0020 -0.0001 -0.0195 0.9068 0.3790 -0.1844 0.2102 0.6040
-0.0035 0.0036 -0.0189 0.4067 0.9135 0.0102 0.2164 0.5934
-0.0070 0.0052 -0.0176 -0.2957 0.9105 0.2892 0.2237 0.5844
0.0000 -0.0019 0.0000 0.4104 -0.9116 0.0225 0.2640 0.6276
-0.0106 0.0036 -0.0163 -0.2957 0.9105 0.2892 0.2324 0.5768
-0.0120 -0.0001 -0.0158 -0.7875 0.3759 0.4885 0.2433 0.5708
-0.0106 -0.0039 -0.0163 -0.2905 -0.9084 0.3008 0.2545 0.5670
-0.0082 -0.0055 -0.0208 -0.3593 -0.9239 0.1316 0.2974 0.6202
-0.0046 -0.0039 -0.0221 0.3593 -0.9239 -0.1316 0.3102 0.6155
-0.0032 -0.0001 -0.0227 0.8675 0.3827 -0.3177 0.3160 0.6015
-0.0046 0.0036 -0.0221 0.8675 0.3827 -0.3177 0.3113 0.5902
-0.0082 0.0052 -0.0208 -0.3593 0.9239 0.1316 0.2974 0.5844
-0.0117 0.0036 -0.0195 -0.3593 0.9239 0.1316 0.2860 0.5891
-0.0132 -0.0001 -0.0190 -0.8675 -0.3827 0.3177 0.2802 0.6031
-0.0117 -0.0039 -0.0195 -0.3593 -0.9239 0.1316 0.2860 0.6155
-0.0088 -0.0030 -0.0226 -0.4937 -0.5845 -0.6440 0.2981 0.6107
-0.0070 -0.0021 -0.0233 0.2824 -0.2421 -0.9282 0.3041 0.6083
-0.0062 -0.0001 -0.0236 0.2824 0.2421 -0.9282 0.3066 0.6023
-0.0070 0.0019 -0.0233 -0.0390 0.5845 -0.8105 0.3041 0.5963
-0.0088 0.0027 -0.0226 -0.4937 0.5845 -0.6440 0.2981 0.5938
-0.0107 0.0019 -0.0219 -0.4937 0.5845 -0.6440 0.2922 0.5963
-0.0115 -0.0001 -0.0216 -0.8152 -0.2421 -0.5262 0.2897 0.6023
-0.0107 -0.0021 -0.0219 -0.4937 -0.5845 -0.6440 0.2922 0.6083
0.0012 -0.0013 -0.0005 0.4104 -0.9116 0.0225 0.2643 0.6271
0.0018 -0.0000 -0.0006 0.9068 0.3790 -0.1844 0.2647 0.6266
0.0012 0.0013 -0.0005 0.4067 0.9135 0.0102 0.2650 0.6261
0.0000 0.0019 0.0000 -0.2957 0.9105 0.2892 0.2654 0.6256
-0.0012 0.0013 0.0005 -0.2957 0.9105 0.2892 0.2657 0.6251
-0.0018 -0.0000 0.0006 -0.7875 0.3759 0.4885 0.2661 0.6246
-0.0012 -0.0013 0.0005 -0.2905 -0.9084 0.3008 0.2664 0.6241
-0.0106 0.0036 -0.0163 -0.7875 0.3759 0.4885 0.2324 0.5768
-0.0012 0.0013 0.0005 -0.7875 0.3759 0.4885 0.2657 0.6251
-0.0012 0.0013 0.0005 -0.7875 0.3759 0.4885 0.2657 0.6251
-0.0070 0.0052 -0.0176 0.4067 0.9135 0.0102 0.2237 0.5844
-0.0070 0.0052 -0.0176 0.4067 0.9135 0.0102 0.2237 0.5844
0.0000 0.0019 0.0000 0.4067 0.9135 0.0102 0.2654 0.6256
-0.0070 -0.0055 -0.0176 -0.2905 -0.9084 0.3008 0.2663 0.5656
-0.0070 -0.0055 -0.0176 -0.2905 -0.9084 0.3008 0.2663 0.5656
0.0000 -0.0019 0.0000 -0.2905 -0.9084 0.3008 0.2667 0.6236
-0.0106 -0.0039 -0.0163 -0.7848 -0.3755 0.4931 0.2545 0.5670
-0.0120 -0.0001 -0.0158 -0.7848 -0.3755 0.4931 0.2433 0.5708
-0.0018 -0.0000 0.0006 -0.7848 -0.3755 0.4931 0.2661 0.6246
-0.0106 -0.0039 -0.0163 -0.7848 -0.3755 0.4931 0.2545 0.5670
-0.0018 -0.0000 0.0006 -0.7848 -0.3755 0.4931 0.2661 0.6246
-0.0012 -0.0013 0.0005 -0.7848 -0.3755 0.4931 0.2664 0.6241
-0.0035 0.0036 -0.0189 0.9068 0.3790 -0.1844 0.2164 0.5934
-0.0035 0.0036 -0.0189 0.9068 0.3790 -0.1844 0.2164 0.5934
0.0012 0.0013 -0.0005 0.9068 0.3790 -0.1844 0.2650 0.6261
-0.0020 -0.0001 -0.0195 0.9080 -0.3787 -0.1791 0.2102 0.6040
-0.0035 -0.0039 -0.0189 0.9080 -0.3787 -0.1791 0.2065 0.6141
0.0012 -0.0013 -0.0005 0.9080 -0.3787 -0.1791 0.2643 0.6271
-0.0020 -0.0001 -0.0195 0.9080 -0.3787 -0.1791 0.2102 0.6040
0.0012 -0.0013 -0.0005 0.9080 -0.3787 -0.1791 0.2643 0.6271
0.0018 -0.0000 -0.0006 0.9080 -0.3787 -0.1791 0.2647 0.6266
-0.0106 -0.0039 -0.0163 -0.3593 -0.9239 0.1316 0.2821 0.6249
-0.0070 -0.0055 -0.0176 -0.3593 -0.9239 0.1316 0.2934 0.6296
-0.0106 -0.0039 -0.0163 -0.3593 -0.9239 0.1316 0.2821 0.6249
-0.0070 0.0052 -0.0176 -0.3593 0.9239 0.1316 0.2934 0.5750
-0.0106 0.0036 -0.0163 -0.3593 0.9239 0.1316 0.2821 0.5796
-0.0070 0.0052 -0.0176 -0.3593 0.9239 0.1316 0.2934 0.5750
-0.0020 -0.0001 -0.0195 0.8675 0.3827 -0.3177 0.3255 0.5976
-0.0035 0.0036 -0.0189 0.8675 0.3827 -0.3177 0.3208 0.5863
-0.0020 -0.0001 -0.0195 0.8675 0.3827 -0.3177 0.3255 0.5976
-0.0070 -0.0055 -0.0176 0.3593 -0.9239 -0.1316 0.3028 0.6296
-0.0035 -0.0039 -0.0189 0.3593 -0.9239 -0.1316 0.3142 0.6249
-0.0070 -0.0055 -0.0176 0.3593 -0.9239 -0.1316 0.3028 0.6296
-0.0082 -0.0055 -0.0208 0.3593 -0.9239 -0.1316 0.2989 0.6202
-0.0120 -0.0001 -0.0158 -0.8675 -0.3827 0.3177 0.2708 0.6070
-0.0106 -0.0039 -0.0163 -0.8675 -0.3827 0.3177 0.2755 0.6183
-0.0117 -0.0039 -0.0195 -0.8675 -0.3827 0.3177 0.2849 0.6144
-0.0120 -0.0001 -0.0158 -0.8675 -0.3827 0.3177 0.2708 0.6070
-0.0117 -0.0039 -0.0195 -0.8675 -0.3827 0.3177 0.2849 0.6144
-0.0035 -0.0039 -0.0189 0.8675 -0.3827 -0.3177 0.3208 0.6183
-0.0020 -0.0001 -0.0195 0.8675 -0.3827 -0.3177 0.3255 0.6070
-0.0032 -0.0001 -0.0227 0.8675 -0.3827 -0.3177 0.3160 0.6031
-0.0035 -0.0039 -0.0189 0.8675 -0.3827 -0.3177 0.3208 0.6183
-0.0032 -0.0001 -0.0227 0.8675 -0.3827 -0.3177 0.3160 0.6031
-0.0046 -0.0039 -0.0221 0.8675 -0.3827 -0.3177 0.3113 0.6144
-0.0106 0.0036 -0.0163 -0.8675 0.3827 0.3177 0.2755 0.5863
-0.0120 -0.0001 -0.0158 -0.8675 0.3827 0.3177 0.2708 0.5976
-0.0132 -0.0001 -0.0190 -0.8675 0.3827 0.3177 0.2802 0.6015
-0.0106 0.0036 -0.0163 -0.8675 0.3827 0.3177 0.2755 0.5863
-0.0132 -0.0001 -0.0190 -0.8675 0.3827 0.3177 0.2802 0.6015
-0.0117 0.0036 -0.0195 -0.8675 0.3827 0.3177 0.2849 0.5902
-0.0035 0.0036 -0.0189 0.3593 0.9239 -0.1316 0.3142 0.5796
-0.0070 0.0052 -0.0176 0.3593 0.9239 -0.1316 0.3028 0.5750
-0.0082 0.0052 -0.0208 0.3593 0.9239 -0.1316 0.2989 0.5844
-0.0035 0.0036 -0.0189 0.3593 0.9239 -0.1316 0.3142 0.5796
-0.0082 0.0052 -0.0208 0.3593 0.9239 -0.1316 0.2989 0.5844
-0.0046 0.0036 -0.0221 0.3593 0.9239 -0.1316 0.3102 0.5891
-0.0082 0.0052 -0.0208 -0.4937 0.5845 -0.6440 0.2974 0.5844
-0.0117 0.0036 -0.0195 -0.4937 0.5845 -0.6440 0.2860 0.5891
-0.0082 0.0052 -0.0208 -0.4937 0.5845 -0.6440 0.2974 0.5844
-0.0046 0.0036 -0.0221 -0.0390 0.5845 -0.8105 0.3102 0.5891
-0.0082 0.0052 -0.0208 -0.0390 0.5845 -0.8105 0.2989 0.5844
-0.0088 0.0027 -0.0226 -0.0390 0.5845 -0.8105 0.2981 0.5938
-0.0046 0.0036 -0.0221 -0.0390 0.5845 -0.8105 0.3102 0.5891
-0.0088 0.0027 -0.0226 -0.0390 0.5845 -0.8105 0.2981 0.5938
-0.0117 -0.0039 -0.0195 -0.4937 -0.5845 -0.6440 0.2860 0.6155
-0.0082 -0.0055 -0.0208 -0.4937 -0.5845 -0.6440 0.2974 0.6202
-0.0117 -0.0039 -0.0195 -0.4937 -0.5845 -0.6440 0.2860 0.6155
-0.0032 -0.0001 -0.0227 0.2824 0.2421 -0.9282 0.3160 0.6015
-0.0046 0.0036 -0.0221 0.2824 0.2421 -0.9282 0.3113 0.5902
-0.0070 0.0019 -0.0233 0.2824 0.2421 -0.9282 0.3041 0.5963
-0.0032 -0.0001 -0.0227 0.2824 0.2421 -0.9282 0.3160 0.6015
-0.0070 0.0019 -0.0233 0.2824 0.2421 -0.9282 0.3041 0.5963
-0.0132 -0.0001 -0.0190 -0.8152 -0.2421 -0.5262 0.2802 0.6031
-0.0117 -0.0039 -0.0195 -0.8152 -0.2421 -0.5262 0.2849 0.6144
-0.0107 -0.0021 -0.0219 -0.8152 -0.2421 -0.5262 0.2922 0.6083
-0.0132 -0.0001 -0.0190 -0.8152 -0.2421 -0.5262 0.2802 0.6031
-0.0107 -0.0021 -0.0219 -0.8152 -0.2421 -0.5262 0.2922 0.6083
-0.0046 -0.0039 -0.0221 0.2824 -0.2421 -0.9282 0.3113 0.6144
-0.0032 -0.0001 -0.0227 0.2824 -0.2421 -0.9282 0.3160 0.6031
-0.0062 -0.0001 -0.0236 0.2824 -0.2421 -0.9282 0.3066 0.6023
-0.0046 -0.0039 -0.0221 0.2824 -0.2421 -0.9282 0.3113 0.6144
-0.0062 -0.0001 -0.0236 0.2824 -0.2421 -0.9282 0.3066 0.6023
-0.0117 0.0036 -0.0195 -0.8152 0.2421 -0.5262 0.2849 0.5902
-0.0132 -0.0001 -0.0190 -0.8152 0.2421 -0.5262 0.2802 0.6015
-0.0115 -0.0001 -0.0216 -0.8152 0.2421 -0.5262 0.2897 0.6023
-0.0117 0.0036 -0.0195 -0.8152 0.2421 -0.5262 0.2849 0.5902
-0.0115 -0.0001 -0.0216 -0.8152 0.2421 -0.5262 0.2897 0.6023
-0.0107 0.0019 -0.0219 -0.8152 0.2421 -0.5262 0.2922 0.5963
-0.0082 -0.0055 -0.0208 -0.0390 -0.5845 -0.8105 0.2989 0.6202
-0.0046 -0.0039 -0.0221 -0.0390 -0.5845 -0.8105 0.3102 0.6155
-0.0070 -0.0021 -0.0233 -0.0390 -0.5845 -0.8105 0.3041 0.6083
-0.0082 -0.0055 -0.0208 -0.0390 -0.5845 -0.8105 0.2989 0.6202
-0.0070 -0.0021 -0.0233 -0.0390 -0.5845 -0.8105 0.3041 0.6083
-0.0088 -0.0030 -0.0226 -0.0390 -0.5845 -0.8105 0.2981 0.6107
-0.0107 -0.0021 -0.0219 -0.3439 0.0000 -0.9390 0.2922 0.6083
-0.0088 -0.0030 -0.0226 -0.3439 0.0000 -0.9390 0.2981 0.6107
-0.0070 -0.0021 -0.0233 -0.3439 0.0000 -0.9390 0.3041 0.6083
-0.0070 -0.0021 -0.0233 -0.3439 0.0000 -0.9390 0.3041 0.6083
-0.0062 -0.0001 -0.0236 -0.3439 0.0000 -0.9390 0.3066 0.6023
-0.0070 0.0019 -0.0233 -0.3439 0.0000 -0.9390 0.3041 0.5963
-0.0070 0.0019 -0.0233 -0.3439 0.0000 -0.9390 0.3041 0.5963
-0.0088 0.0027 -0.0226 -0.3439 0.0000 -0.9390 0.2981 0.5938
-0.0107 0.0019 -0.0219 -0.3439 0.0000 -0.9390 0.2922 0.5963
-0.0107 0.0019 -0.0219 -0.3439 0.0000 -0.9390 0.2922 0.5963
-0.0115 -0.0001 -0.0216 -0.3439 0.0000 -0.9390 0.2897 0.6023
-0.0107 -0.0021 -0.0219 -0.3439 0.0000 -0.9390 0.2922 0.6083
-0.0107 -0.0021 -0.0219 -0.3439 0.0000 -0.9390 0.2922 0.6083
-0.0070 -0.0021 -0.0233 -0.3439 0.0000 -0.9390 0.3041 0.6083
-0.0070 0.0019 -0.0233 -0.3439 0.0000 -0.9390 0.3041 0.5963
-0.0070 0.0019 -0.0233 -0.3439 0.0000 -0.9390 0.3041 0.5963
-0.0107 0.0019 -0.0219 -0.3439 0.0000 -0.9390 0.2922 0.5963
-0.0107 -0.0021 -0.0219 -0.3439 0.0000 -0.9390 0.2922 0.6083
6 28 4
6 29 28
1 5 0
1 25 5
7 33 32
7 30 34
35 27 3
36 37 27
38 31 8
39 40 31
41 43 42
44 46 45
47 26 2
48 49 26
50 52 51
53 55 54
56 9 57
58 16 9
59 14 60
61 13 14
62 12 63
64 11 12
65 10 66
67 68 10
69 71 70
72 15 73
74 76 75
77 79 78
80 82 81
83 85 84
86 88 87
89 91 90
92 22 93
94 21 22
95 97 96
98 20 99
100 17 101
102 24 17
103 105 104
106 19 107
108 110 109
111 23 112
113 115 114
116 18 117
118 120 119
121 123 122
124 126 125
127 129 128
130 132 131
133 135 134
136 138 137
139 141 140
142 144 143
145 147 146
LABEL swFuelCellPower
MATERIAL 2
TEXTURE 2
FLAG 0
GEOM 148 54
-0.0070 -0.0055 -0.0176 0.4104 -0.9116 0.0225 0.2038 0.6238
-0.0035 -0.0039 -0.0189 0.4104 -0.9116 0.0225 0.2057 0.6133
-0.0020 -0.0001 -0.0195 0.9068 0.3790 -0.1844 0.2095 0.6032
-0.0035 0.0036 -0.0189 0.4067 0.9135 0.0102 0.2156 0.5927
-0.0070 0.0052 -0.0176 -0.2957 0.9105 0.2892 0.2229 0.5836
0.0000 -0.0019 -0.0000 0.4104 -0.9116 0.0225 0.2632 0.6269
-0.0106 0.0036 -0.0163 -0.2957 0.9105 0.2892 0.2316 0.5760
-0.0120 -0.0001 -0.0158 -0.7875 0.3759 0.4885 0.2425 0.5700
-0.0106 -0.0039 -0.0163 -0.2905 -0.9084 0.3008 0.2538 0.5662
-0.0082 -0.0055 -0.0208 -0.3593 -0.9239 0.1316 0.2966 0.6194
-0.0046 -0.0039 -0.0221 0.3593 -0.9239 -0.1316 0.3095 0.6147
-0.0032 -0.0001 -0.0227 0.8675 0.3827 -0.3177 0.3153 0.6007
-0.0046 0.0036 -0.0221 0.8675 0.3827 -0.3177 0.3106 0.5894
-0.0082 0.0052 -0.0208 -0.3593 0.9239 0.1316 0.2966 0.5836
-0.0117 0.0036 -0.0195 -0.3593 0.9239 0.1316 0.2853 0.5883
-0.0132 -0.0001 -0.0190 -0.8675 -0.3827 0.3177 0.2795 0.6023
-0.0117 -0.0039 -0.0195 -0.3593 -0.9239 0.1316 0.2853 0.6147
-0.0088 -0.0030 -0.0226 -0.4937 -0.5845 -0.6440 0.2974 0.6100
-0.0070 -0.0021 -0.0233 0.2824 -0.2421 -0.9282 0.3033 0.6075
-0.0062 -0.0001 -0.0236 0.2824 0.2421 -0.9282 0.3058 0.6015
-0.0070 0.0019 -0.0233 -0.0390 0.5845 -0.8105 0.3033 0.5955
-0.0088 0.0027 -0.0226 -0.4937 0.5845 -0.6440 0.2974 0.5931
-0.0107 0.0019 -0.0219 -0.4937 0.5845 -0.6440 0.2914 0.5955
-0.0115 -0.0001 -0.0216 -0.8152 -0.2421 -0.5262 0.2889 0.6015
-0.0107 -0.0021 -0.0219 -0.4937 -0.5845 -0.6440 0.2914 0.6075
0.0012 -0.0013 -0.0005 0.4104 -0.9116 0.0225 0.2635 0.6264
0.0018 -0.0000 -0.0006 0.9068 0.3790 -0.1844 0.2639 0.6259
0.0012 0.0013 -0.0005 0.4067 0.9135 0.0102 0.2642 0.6253
0.0000 0.0019 -0.0000 -0.2957 0.9105 0.2892 0.2646 0.6248
-0.0012 0.0013 0.0005 -0.2957 0.9105 0.2892 0.2650 0.6243
-0.0018 -0.0000 0.0006 -0.7875 0.3759 0.4885 0.2653 0.6238
-0.0012 -0.0013 0.0005 -0.2905 -0.9084 0.3008 0.2657 0.6233
-0.0106 0.0036 -0.0163 -0.7875 0.3759 0.4885 0.2316 0.5760
-0.0012 0.0013 0.0005 -0.7875 0.3759 0.4885 0.2650 0.6243
-0.0012 0.0013 0.0005 -0.7875 0.3759 0.4885 0.2650 0.6243
-0.0070 0.0052 -0.0176 0.4067 0.9135 0.0102 0.2229 0.5836
-0.0070 0.0052 -0.0176 0.4067 0.9135 0.0102 0.2229 0.5836
0.0000 0.0019 -0.0000 0.4067 0.9135 0.0102 0.2646 0.6248
-0.0070 -0.0055 -0.0176 -0.2905 -0.9084 0.3008 0.2655 0.5648
-0.0070 -0.0055 -0.0176 -0.2905 -0.9084 0.3008 0.2655 0.5648
0.0000 -0.0019 -0.0000 -0.2905 -0.9084 0.3008 0.2659 0.6229
-0.0106 -0.0039 -0.0163 -0.7848 -0.3755 0.4931 0.2538 0.5662
-0.0120 -0.0001 -0.0158 -0.7848 -0.3755 0.4931 0.2425 0.5700
-0.0018 -0.0000 0.0006 -0.7848 -0.3755 0.4931 0.2653 0.6238
-0.0106 -0.0039 -0.0163 -0.7848 -0.3755 0.4931 0.2538 0.5662
-0.0018 -0.0000 0.0006 -0.7848 -0.3755 0.4931 0.2653 0.6238
-0.0012 -0.0013 0.0005 -0.7848 -0.3755 0.4931 0.2657 0.6233
-0.0035 0.0036 -0.0189 0.9068 0.3790 -0.1844 0.2156 0.5927
-0.0035 0.0036 -0.0189 0.9068 0.3790 -0.1844 0.2156 0.5927
0.0012 0.0013 -0.0005 0.9068 0.3790 -0.1844 0.2642 0.6253
-0.0020 -0.0001 -0.0195 0.9080 -0.3787 -0.1791 0.2095 0.6032
-0.0035 -0.0039 -0.0189 0.9080 -0.3787 -0.1791 0.2057 0.6133
0.0012 -0.0013 -0.0005 0.9080 -0.3787 -0.1791 0.2635 0.6264
-0.0020 -0.0001 -0.0195 0.9080 -0.3787 -0.1791 0.2095 0.6032
0.0012 -0.0013 -0.0005 0.9080 -0.3787 -0.1791 0.2635 0.6264
0.0018 -0.0000 -0.0006 0.9080 -0.3787 -0.1791 0.2639 0.6259
-0.0106 -0.0039 -0.0163 -0.3593 -0.9239 0.1316 0.2813 0.6242
-0.0070 -0.0055 -0.0176 -0.3593 -0.9239 0.1316 0.2927 0.6289
-0.0106 -0.0039 -0.0163 -0.3593 -0.9239 0.1316 0.2813 0.6242
-0.0070 0.0052 -0.0176 -0.3593 0.9239 0.1316 0.2927 0.5742
-0.0106 0.0036 -0.0163 -0.3593 0.9239 0.1316 0.2813 0.5789
-0.0070 0.0052 -0.0176 -0.3593 0.9239 0.1316 0.2927 0.5742
-0.0020 -0.0001 -0.0195 0.8675 0.3827 -0.3177 0.3247 0.5968
-0.0035 0.0036 -0.0189 0.8675 0.3827 -0.3177 0.3200 0.5855
-0.0020 -0.0001 -0.0195 0.8675 0.3827 -0.3177 0.3247 0.5968
-0.0070 -0.0055 -0.0176 0.3593 -0.9239 -0.1316 0.3020 0.6289
-0.0035 -0.0039 -0.0189 0.3593 -0.9239 -0.1316 0.3134 0.6242
-0.0070 -0.0055 -0.0176 0.3593 -0.9239 -0.1316 0.3020 0.6289
-0.0082 -0.0055 -0.0208 0.3593 -0.9239 -0.1316 0.2981 0.6194
-0.0120 -0.0001 -0.0158 -0.8675 -0.3827 0.3177 0.2700 0.6062
-0.0106 -0.0039 -0.0163 -0.8675 -0.3827 0.3177 0.2747 0.6175
-0.0117 -0.0039 -0.0195 -0.8675 -0.3827 0.3177 0.2842 0.6136
-0.0120 -0.0001 -0.0158 -0.8675 -0.3827 0.3177 0.2700 0.6062
-0.0117 -0.0039 -0.0195 -0.8675 -0.3827 0.3177 0.2842 0.6136
-0.0035 -0.0039 -0.0189 0.8675 -0.3827 -0.3177 0.3200 0.6175
-0.0020 -0.0001 -0.0195 0.8675 -0.3827 -0.3177 0.3247 0.6062
-0.0032 -0.0001 -0.0227 0.8675 -0.3827 -0.3177 0.3153 0.6023
-0.0035 -0.0039 -0.0189 0.8675 -0.3827 -0.3177 0.3200 0.6175
-0.0032 -0.0001 -0.0227 0.8675 -0.3827 -0.3177 0.3153 0.6023
-0.0046 -0.0039 -0.0221 0.8675 -0.3827 -0.3177 0.3106 0.6136
-0.0106 0.0036 -0.0163 -0.8675 0.3827 0.3177 0.2747 0.5855
-0.0120 -0.0001 -0.0158 -0.8675 0.3827 0.3177 0.2700 0.5968
-0.0132 -0.0001 -0.0190 -0.8675 0.3827 0.3177 0.2795 0.6007
-0.0106 0.0036 -0.0163 -0.8675 0.3827 0.3177 0.2747 0.5855
-0.0132 -0.0001 -0.0190 -0.8675 0.3827 0.3177 0.2795 0.6007
-0.0117 0.0036 -0.0195 -0.8675 0.3827 0.3177 0.2842 0.5894
-0.0035 0.0036 -0.0189 0.3593 0.9239 -0.1316 0.3134 0.5789
-0.0070 0.0052 -0.0176 0.3593 0.9239 -0.1316 0.3020 0.5742
-0.0082 0.0052 -0.0208 0.3593 0.9239 -0.1316 0.2981 0.5836
-0.0035 0.0036 -0.0189 0.3593 0.9239 -0.1316 0.3134 0.5789
-0.0082 0.0052 -0.0208 0.3593 0.9239 -0.1316 0.2981 0.5836
-0.0046 0.0036 -0.0221 0.3593 0.9239 -0.1316 0.3095 0.5883
-0.0082 0.0052 -0.0208 -0.4937 0.5845 -0.6440 0.2966 0.5836
-0.0117 0.0036 -0.0195 -0.4937 0.5845 -0.6440 0.2853 0.5883
-0.0082 0.0052 -0.0208 -0.4937 0.5845 -0.6440 0.2966 0.5836
-0.0046 0.0036 -0.0221 -0.0390 0.5845 -0.8105 0.3095 0.5883
-0.0082 0.0052 -0.0208 -0.0390 0.5845 -0.8105 0.2981 0.5836
-0.0088 0.0027 -0.0226 -0.0390 0.5845 -0.8105 0.2974 0.5931
-0.0046 0.0036 -0.0221 -0.0390 0.5845 -0.8105 0.3095 0.5883
-0.0088 0.0027 -0.0226 -0.0390 0.5845 -0.8105 0.2974 0.5931
-0.0117 -0.0039 -0.0195 -0.4937 -0.5845 -0.6440 0.2853 0.6147
-0.0082 -0.0055 -0.0208 -0.4937 -0.5845 -0.6440 0.2966 0.6194
-0.0117 -0.0039 -0.0195 -0.4937 -0.5845 -0.6440 0.2853 0.6147
-0.0032 -0.0001 -0.0227 0.2824 0.2421 -0.9282 0.3153 0.6007
-0.0046 0.0036 -0.0221 0.2824 0.2421 -0.9282 0.3106 0.5894
-0.0070 0.0019 -0.0233 0.2824 0.2421 -0.9282 0.3033 0.5955
-0.0032 -0.0001 -0.0227 0.2824 0.2421 -0.9282 0.3153 0.6007
-0.0070 0.0019 -0.0233 0.2824 0.2421 -0.9282 0.3033 0.5955
-0.0132 -0.0001 -0.0190 -0.8152 -0.2421 -0.5262 0.2795 0.6023
-0.0117 -0.0039 -0.0195 -0.8152 -0.2421 -0.5262 0.2842 0.6136
-0.0107 -0.0021 -0.0219 -0.8152 -0.2421 -0.5262 0.2914 0.6075
-0.0132 -0.0001 -0.0190 -0.8152 -0.2421 -0.5262 0.2795 0.6023
-0.0107 -0.0021 -0.0219 -0.8152 -0.2421 -0.5262 0.2914 0.6075
-0.0046 -0.0039 -0.0221 0.2824 -0.2421 -0.9282 0.3106 0.6136
-0.0032 -0.0001 -0.0227 0.2824 -0.2421 -0.9282 0.3153 0.6023
-0.0062 -0.0001 -0.0236 0.2824 -0.2421 -0.9282 0.3058 0.6015
-0.0046 -0.0039 -0.0221 0.2824 -0.2421 -0.9282 0.3106 0.6136
-0.0062 -0.0001 -0.0236 0.2824 -0.2421 -0.9282 0.3058 0.6015
-0.0117 0.0036 -0.0195 -0.8152 0.2421 -0.5262 0.2842 0.5894
-0.0132 -0.0001 -0.0190 -0.8152 0.2421 -0.5262 0.2795 0.6007
-0.0115 -0.0001 -0.0216 -0.8152 0.2421 -0.5262 0.2889 0.6015
-0.0117 0.0036 -0.0195 -0.8152 0.2421 -0.5262 0.2842 0.5894
-0.0115 -0.0001 -0.0216 -0.8152 0.2421 -0.5262 0.2889 0.6015
-0.0107 0.0019 -0.0219 -0.8152 0.2421 -0.5262 0.2914 0.5955
-0.0082 -0.0055 -0.0208 -0.0390 -0.5845 -0.8105 0.2981 0.6194
-0.0046 -0.0039 -0.0221 -0.0390 -0.5845 -0.8105 0.3095 0.6147
-0.0070 -0.0021 -0.0233 -0.0390 -0.5845 -0.8105 0.3033 0.6075
-0.0082 -0.0055 -0.0208 -0.0390 -0.5845 -0.8105 0.2981 0.6194
-0.0070 -0.0021 -0.0233 -0.0390 -0.5845 -0.8105 0.3033 0.6075
-0.0088 -0.0030 -0.0226 -0.0390 -0.5845 -0.8105 0.2974 0.6100
-0.0107 -0.0021 -0.0219 -0.3439 0.0000 -0.9390 0.2914 0.6075
-0.0088 -0.0030 -0.0226 -0.3439 0.0000 -0.9390 0.2974 0.6100
-0.0070 -0.0021 -0.0233 -0.3439 0.0000 -0.9390 0.3033 0.6075
-0.0070 -0.0021 -0.0233 -0.3439 0.0000 -0.9390 0.3033 0.6075
-0.0062 -0.0001 -0.0236 -0.3439 0.0000 -0.9390 0.3058 0.6015
-0.0070 0.0019 -0.0233 -0.3439 0.0000 -0.9390 0.3033 0.5955
-0.0070 0.0019 -0.0233 -0.3439 0.0000 -0.9390 0.3033 0.5955
-0.0088 0.0027 -0.0226 -0.3439 0.0000 -0.9390 0.2974 0.5931
-0.0107 0.0019 -0.0219 -0.3439 0.0000 -0.9390 0.2914 0.5955
-0.0107 0.0019 -0.0219 -0.3439 0.0000 -0.9390 0.2914 0.5955
-0.0115 -0.0001 -0.0216 -0.3439 0.0000 -0.9390 0.2889 0.6015
-0.0107 -0.0021 -0.0219 -0.3439 0.0000 -0.9390 0.2914 0.6075
-0.0107 -0.0021 -0.0219 -0.3439 0.0000 -0.9390 0.2914 0.6075
-0.0070 -0.0021 -0.0233 -0.3439 0.0000 -0.9390 0.3033 0.6075
-0.0070 0.0019 -0.0233 -0.3439 0.0000 -0.9390 0.3033 0.5955
-0.0070 0.0019 -0.0233 -0.3439 0.0000 -0.9390 0.3033 0.5955
-0.0107 0.0019 -0.0219 -0.3439 0.0000 -0.9390 0.2914 0.5955
-0.0107 -0.0021 -0.0219 -0.3439 0.0000 -0.9390 0.2914 0.6075
6 28 4
6 29 28
1 5 0
1 25 5
7 33 32
7 30 34
35 27 3
36 37 27
38 31 8
39 40 31
41 43 42
44 46 45
47 26 2
48 49 26
50 52 51
53 55 54
56 9 57
58 16 9
59 14 60
61 13 14
62 12 63
64 11 12
65 10 66
67 68 10
69 71 70
72 15 73
74 76 75
77 79 78
80 82 81
83 85 84
86 88 87
89 91 90
92 22 93
94 21 22
95 97 96
98 20 99
100 17 101
102 24 17
103 105 104
106 19 107
108 110 109
111 23 112
113 115 114
116 18 117
118 120 119
121 123 122
124 126 125
127 129 128
130 132 131
133 135 134
136 138 137
139 141 140
142 144 143
145 147 146
LABEL swHoverDoor
MATERIAL 2
TEXTURE 2
FLAG 0
GEOM 148 54
-0.0063 -0.0054 -0.0151 0.4104 -0.9116 0.0225 0.2046 0.6238
-0.0028 -0.0039 -0.0164 0.4104 -0.9116 0.0225 0.2065 0.6133
-0.0013 -0.0001 -0.0169 0.9068 0.3790 -0.1844 0.2102 0.6032
-0.0028 0.0037 -0.0164 0.4067 0.9135 0.0102 0.2164 0.5927
-0.0063 0.0052 -0.0151 -0.2957 0.9105 0.2892 0.2237 0.5836
0.0007 -0.0018 0.0026 0.4104 -0.9116 0.0225 0.2640 0.6269
-0.0099 0.0037 -0.0138 -0.2957 0.9105 0.2892 0.2324 0.5760
-0.0113 -0.0001 -0.0132 -0.7875 0.3759 0.4885 0.2433 0.5700
-0.0099 -0.0039 -0.0138 -0.2905 -0.9084 0.3008 0.2545 0.5662
-0.0075 -0.0054 -0.0183 -0.3593 -0.9239 0.1316 0.2974 0.6194
-0.0040 -0.0039 -0.0196 0.3593 -0.9239 -0.1316 0.3102 0.6147
-0.0025 -0.0001 -0.0201 0.8675 0.3827 -0.3177 0.3160 0.6007
-0.0040 0.0037 -0.0196 0.8675 0.3827 -0.3177 0.3113 0.5894
-0.0075 0.0052 -0.0183 -0.3593 0.9239 0.1316 0.2974 0.5836
-0.0110 0.0037 -0.0170 -0.3593 0.9239 0.1316 0.2860 0.5883
-0.0125 -0.0001 -0.0164 -0.8675 -0.3827 0.3177 0.2802 0.6023
-0.0110 -0.0039 -0.0170 -0.3593 -0.9239 0.1316 0.2860 0.6147
-0.0082 -0.0029 -0.0200 -0.4937 -0.5845 -0.6440 0.2981 0.6100
-0.0063 -0.0021 -0.0207 0.2824 -0.2421 -0.9282 0.3041 0.6075
-0.0055 -0.0001 -0.0210 0.2824 0.2421 -0.9282 0.3066 0.6015
-0.0063 0.0019 -0.0207 -0.0390 0.5845 -0.8105 0.3041 0.5955
-0.0082 0.0027 -0.0200 -0.4937 0.5845 -0.6440 0.2981 0.5931
-0.0100 0.0019 -0.0194 -0.4937 0.5845 -0.6440 0.2922 0.5955
-0.0108 -0.0001 -0.0191 -0.8152 -0.2421 -0.5262 0.2897 0.6015
-0.0100 -0.0021 -0.0194 -0.4937 -0.5845 -0.6440 0.2922 0.6075
0.0019 -0.0013 0.0021 0.4104 -0.9116 0.0225 0.2643 0.6264
0.0024 0.0000 0.0019 0.9068 0.3790 -0.1844 0.2647 0.6259
0.0019 0.0014 0.0021 0.4067 0.9135 0.0102 0.2650 0.6253
0.0007 0.0019 0.0026 -0.2957 0.9105 0.2892 0.2654 0.6248
-0.0006 0.0014 0.0030 -0.2957 0.9105 0.2892 0.2657 0.6243
-0.0011 0.0000 0.0032 -0.7875 0.3759 0.4885 0.2661 0.6238
-0.0006 -0.0013 0.0030 -0.2905 -0.9084 0.3008 0.2664 0.6233
-0.0099 0.0037 -0.0138 -0.7875 0.3759 0.4885 0.2324 0.5760
-0.0006 0.0014 0.0030 -0.7875 0.3759 0.4885 0.2657 0.6243
-0.0006 0.0014 0.0030 -0.7875 0.3759 0.4885 0.2657 0.6243
-0.0063 0.0052 -0.0151 0.4067 0.9135 0.0102 0.2237 0.5836
-0.0063 0.0052 -0.0151 0.4067 0.9135 0.0102 0.2237 0.5836
0.0007 0.0019 0.0026 0.4067 0.9135 0.0102 0.2654 0.6248
-0.0063 -0.0054 -0.0151 -0.2905 -0.9084 0.3008 0.2663 0.5648
-0.0063 -0.0054 -0.0151 -0.2905 -0.9084 0.3008 0.2663 0.5648
0.0007 -0.0018 0.0026 -0.2905 -0.9084 0.3008 0.2667 0.6229
-0.0099 -0.0039 -0.0138 -0.7848 -0.3755 0.4931 0.2545 0.5662
-0.0113 -0.0001 -0.0132 -0.7848 -0.3755 0.4931 0.2433 0.5700
-0.0011 0.0000 0.0032 -0.7848 -0.3755 0.4931 0.2661 0.6238
-0.0099 -0.0039 -0.0138 -0.7848 -0.3755 0.4931 0.2545 0.5662
-0.0011 0.0000 0.0032 -0.7848 -0.3755 0.4931 0.2661 0.6238
-0.0006 -0.0013 0.0030 -0.7848 -0.3755 0.4931 0.2664 0.6233
-0.0028 0.0037 -0.0164 0.9068 0.3790 -0.1844 0.2164 0.5927
-0.0028 0.0037 -0.0164 0.9068 0.3790 -0.1844 0.2164 0.5927
0.0019 0.0014 0.0021 0.9068 0.3790 -0.1844 0.2650 0.6253
-0.0013 -0.0001 -0.0169 0.9080 -0.3787 -0.1791 0.2102 0.6032
-0.0028 -0.0039 -0.0164 0.9080 -0.3787 -0.1791 0.2065 0.6133
0.0019 -0.0013 0.0021 0.9080 -0.3787 -0.1791 0.2643 0.6264
-0.0013 -0.0001 -0.0169 0.9080 -0.3787 -0.1791 0.2102 0.6032
0.0019 -0.0013 0.0021 0.9080 -0.3787 -0.1791 0.2643 0.6264
0.0024 0.0000 0.0019 0.9080 -0.3787 -0.1791 0.2647 0.6259
-0.0099 -0.0039 -0.0138 -0.3593 -0.9239 0.1316 0.2821 0.6242
-0.0063 -0.0054 -0.0151 -0.3593 -0.9239 0.1316 0.2934 0.6289
-0.0099 -0.0039 -0.0138 -0.3593 -0.9239 0.1316 0.2821 0.6242
-0.0063 0.0052 -0.0151 -0.3593 0.9239 0.1316 0.2934 0.5742
-0.0099 0.0037 -0.0138 -0.3593 0.9239 0.1316 0.2821 0.5789
-0.0063 0.0052 -0.0151 -0.3593 0.9239 0.1316 0.2934 0.5742
-0.0013 -0.0001 -0.0169 0.8675 0.3827 -0.3177 0.3255 0.5968
-0.0028 0.0037 -0.0164 0.8675 0.3827 -0.3177 0.3208 0.5855
-0.0013 -0.0001 -0.0169 0.8675 0.3827 -0.3177 0.3255 0.5968
-0.0063 -0.0054 -0.0151 0.3593 -0.9239 -0.1316 0.3028 0.6289
-0.0028 -0.0039 -0.0164 0.3593 -0.9239 -0.1316 0.3142 0.6242
-0.0063 -0.0054 -0.0151 0.3593 -0.9239 -0.1316 0.3028 0.6289
-0.0075 -0.0054 -0.0183 0.3593 -0.9239 -0.1316 0.2989 0.6194
-0.0113 -0.0001 -0.0132 -0.8675 -0.3827 0.3177 0.2708 0.6062
-0.0099 -0.0039 -0.0138 -0.8675 -0.3827 0.3177 0.2755 0.6175
-0.0110 -0.0039 -0.0170 -0.8675 -0.3827 0.3177 0.2849 0.6136
-0.0113 -0.0001 -0.0132 -0.8675 -0.3827 0.3177 0.2708 0.6062
-0.0110 -0.0039 -0.0170 -0.8675 -0.3827 0.3177 0.2849 0.6136
-0.0028 -0.0039 -0.0164 0.8675 -0.3827 -0.3177 0.3208 0.6175
-0.0013 -0.0001 -0.0169 0.8675 -0.3827 -0.3177 0.3255 0.6062
-0.0025 -0.0001 -0.0201 0.8675 -0.3827 -0.3177 0.3160 0.6023
-0.0028 -0.0039 -0.0164 0.8675 -0.3827 -0.3177 0.3208 0.6175
-0.0025 -0.0001 -0.0201 0.8675 -0.3827 -0.3177 0.3160 0.6023
-0.0040 -0.0039 -0.0196 0.8675 -0.3827 -0.3177 0.3113 0.6136
-0.0099 0.0037 -0.0138 -0.8675 0.3827 0.3177 0.2755 0.5855
-0.0113 -0.0001 -0.0132 -0.8675 0.3827 0.3177 0.2708 0.5968
-0.0125 -0.0001 -0.0164 -0.8675 0.3827 0.3177 0.2802 0.6007
-0.0099 0.0037 -0.0138 -0.8675 0.3827 0.3177 0.2755 0.5855
-0.0125 -0.0001 -0.0164 -0.8675 0.3827 0.3177 0.2802 0.6007
-0.0110 0.0037 -0.0170 -0.8675 0.3827 0.3177 0.2849 0.5894
-0.0028 0.0037 -0.0164 0.3593 0.9239 -0.1316 0.3142 0.5789
-0.0063 0.0052 -0.0151 0.3593 0.9239 -0.1316 0.3028 0.5742
-0.0075 0.0052 -0.0183 0.3593 0.9239 -0.1316 0.2989 0.5836
-0.0028 0.0037 -0.0164 0.3593 0.9239 -0.1316 0.3142 0.5789
-0.0075 0.0052 -0.0183 0.3593 0.9239 -0.1316 0.2989 0.5836
-0.0040 0.0037 -0.0196 0.3593 0.9239 -0.1316 0.3102 0.5883
-0.0075 0.0052 -0.0183 -0.4937 0.5845 -0.6440 0.2974 0.5836
-0.0110 0.0037 -0.0170 -0.4937 0.5845 -0.6440 0.2860 0.5883
-0.0075 0.0052 -0.0183 -0.4937 0.5845 -0.6440 0.2974 0.5836
-0.0040 0.0037 -0.0196 -0.0390 0.5845 -0.8105 0.3102 0.5883
-0.0075 0.0052 -0.0183 -0.0390 0.5845 -0.8105 0.2989 0.5836
-0.0082 0.0027 -0.0200 -0.0390 0.5845 -0.8105 0.2981 0.5931
-0.0040 0.0037 -0.0196 -0.0390 0.5845 -0.8105 0.3102 0.5883
-0.0082 0.0027 -0.0200 -0.0390 0.5845 -0.8105 0.2981 0.5931
-0.0110 -0.0039 -0.0170 -0.4937 -0.5845 -0.6440 0.2860 0.6147
-0.0075 -0.0054 -0.0183 -0.4937 -0.5845 -0.6440 0.2974 0.6194
-0.0110 -0.0039 -0.0170 -0.4937 -0.5845 -0.6440 0.2860 0.6147
-0.0025 -0.0001 -0.0201 0.2824 0.2421 -0.9282 0.3160 0.6007
-0.0040 0.0037 -0.0196 0.2824 0.2421 -0.9282 0.3113 0.5894
-0.0063 0.0019 -0.0207 0.2824 0.2421 -0.9282 0.3041 0.5955
-0.0025 -0.0001 -0.0201 0.2824 0.2421 -0.9282 0.3160 0.6007
-0.0063 0.0019 -0.0207 0.2824 0.2421 -0.9282 0.3041 0.5955
-0.0125 -0.0001 -0.0164 -0.8152 -0.2421 -0.5262 0.2802 0.6023
-0.0110 -0.0039 -0.0170 -0.8152 -0.2421 -0.5262 0.2849 0.6136
-0.0100 -0.0021 -0.0194 -0.8152 -0.2421 -0.5262 0.2922 0.6075
-0.0125 -0.0001 -0.0164 -0.8152 -0.2421 -0.5262 0.2802 0.6023
-0.0100 -0.0021 -0.0194 -0.8152 -0.2421 -0.5262 0.2922 0.6075
-0.0040 -0.0039 -0.0196 0.2824 -0.2421 -0.9282 0.3113 0.6136
-0.0025 -0.0001 -0.0201 0.2824 -0.2421 -0.9282 0.3160 0.6023
-0.0055 -0.0001 -0.0210 0.2824 -0.2421 -0.9282 0.3066 0.6015
-0.0040 -0.0039 -0.0196 0.2824 -0.2421 -0.9282 0.3113 0.6136
-0.0055 -0.0001 -0.0210 0.2824 -0.2421 -0.9282 0.3066 0.6015
-0.0110 0.0037 -0.0170 -0.8152 0.2421 -0.5262 0.2849 0.5894
-0.0125 -0.0001 -0.0164 -0.8152 0.2421 -0.5262 0.2802 0.6007
-0.0108 -0.0001 -0.0191 -0.8152 0.2421 -0.5262 0.2897 0.6015
-0.0110 0.0037 -0.0170 -0.8152 0.2421 -0.5262 0.2849 0.5894
-0.0108 -0.0001 -0.0191 -0.8152 0.2421 -0.5262 0.2897 0.6015
-0.0100 0.0019 -0.0194 -0.8152 0.2421 -0.5262 0.2922 0.5955
-0.0075 -0.0054 -0.0183 -0.0390 -0.5845 -0.8105 0.2989 0.6194
-0.0040 -0.0039 -0.0196 -0.0390 -0.5845 -0.8105 0.3102 0.6147
-0.0063 -0.0021 -0.0207 -0.0390 -0.5845 -0.8105 0.3041 0.6075
-0.0075 -0.0054 -0.0183 -0.0390 -0.5845 -0.8105 0.2989 0.6194
-0.0063 -0.0021 -0.0207 -0.0390 -0.5845 -0.8105 0.3041 0.6075
-0.0082 -0.0029 -0.0200 -0.0390 -0.5845 -0.8105 0.2981 0.6100
-0.0100 -0.0021 -0.0194 -0.3439 -0.0000 -0.9390 0.2922 0.6075
-0.0082 -0.0029 -0.0200 -0.3439 -0.0000 -0.9390 0.2981 0.6100
-0.0063 -0.0021 -0.0207 -0.3439 -0.0000 -0.9390 0.3041 0.6075
-0.0063 -0.0021 -0.0207 -0.3439 -0.0000 -0.9390 0.3041 0.6075
-0.0055 -0.0001 -0.0210 -0.3439 -0.0000 -0.9390 0.3066 0.6015
-0.0063 0.0019 -0.0207 -0.3439 -0.0000 -0.9390 0.3041 0.5955
-0.0063 0.0019 -0.0207 -0.3439 -0.0000 -0.9390 0.3041 0.5955
-0.0082 0.0027 -0.0200 -0.3439 -0.0000 -0.9390 0.2981 0.5931
-0.0100 0.0019 -0.0194 -0.3439 -0.0000 -0.9390 0.2922 0.5955
-0.0100 0.0019 -0.0194 -0.3439 -0.0000 -0.9390 0.2922 0.5955
-0.0108 -0.0001 -0.0191 -0.3439 -0.0000 -0.9390 0.2897 0.6015
-0.0100 -0.0021 -0.0194 -0.3439 -0.0000 -0.9390 0.2922 0.6075
-0.0100 -0.0021 -0.0194 -0.3439 -0.0000 -0.9390 0.2922 0.6075
-0.0063 -0.0021 -0.0207 -0.3439 -0.0000 -0.9390 0.3041 0.6075
-0.0063 0.0019 -0.0207 -0.3439 -0.0000 -0.9390 0.3041 0.5955
-0.0063 0.0019 -0.0207 -0.3439 -0.0000 -0.9390 0.3041 0.5955
-0.0100 0.0019 -0.0194 -0.3439 -0.0000 -0.9390 0.2922 0.5955
-0.0100 -0.0021 -0.0194 -0.3439 -0.0000 -0.9390 0.2922 0.6075
6 28 4
6 29 28
1 5 0
1 25 5
7 33 32
7 30 34
35 27 3
36 37 27
38 31 8
39 40 31
41 43 42
44 46 45
47 26 2
48 49 26
50 52 51
53 55 54
56 9 57
58 16 9
59 14 60
61 13 14
62 12 63
64 11 12
65 10 66
67 68 10
69 71 70
72 15 73
74 76 75
77 79 78
80 82 81
83 85 84
86 88 87
89 91 90
92 22 93
94 21 22
95 97 96
98 20 99
100 17 101
102 24 17
103 105 104
106 19 107
108 110 109
111 23 112
113 115 114
116 18 117
118 120 119
121 123 122
124 126 125
127 129 128
130 132 131
133 135 134
136 138 137
139 141 140
142 144 143
145 147 146
LABEL SwitchBeaconLights
MATERIAL 2
TEXTURE 2
FLAG 0
GEOM 148 54
0.0032 -0.0092 -0.0068 -0.0006 -0.7264 0.6873 0.2069 0.6238
0.0056 -0.0085 -0.0061 -0.0006 -0.7264 0.6873 0.2088 0.6133
0.0072 -0.0064 -0.0066 0.8529 0.3419 0.3947 0.2126 0.6032
0.0070 -0.0043 -0.0081 0.5364 0.8401 -0.0807 0.2188 0.5927
0.0052 -0.0033 -0.0097 -0.1310 0.8925 -0.4315 0.2261 0.5836
-0.0006 -0.0011 0.0017 -0.0006 -0.7264 0.6873 0.2663 0.6269
0.0028 -0.0040 -0.0104 -0.1310 0.8925 -0.4315 0.2348 0.5760
0.0012 -0.0060 -0.0099 -0.7556 0.4726 -0.4536 0.2456 0.5700
0.0014 -0.0082 -0.0084 -0.6642 -0.6684 0.3347 0.2569 0.5662
0.0041 -0.0103 -0.0085 -0.6023 -0.7734 0.1977 0.2997 0.6194
0.0065 -0.0096 -0.0078 0.0647 -0.8191 0.5700 0.3126 0.6147
0.0080 -0.0075 -0.0083 0.9166 0.2747 0.2906 0.3184 0.6007
0.0079 -0.0054 -0.0098 0.9166 0.2747 0.2906 0.3137 0.5894
0.0060 -0.0044 -0.0114 -0.0648 0.8189 -0.5702 0.2997 0.5836
0.0036 -0.0051 -0.0121 -0.0648 0.8189 -0.5702 0.2884 0.5883
0.0021 -0.0071 -0.0116 -0.9165 -0.2748 -0.2907 0.2826 0.6023
0.0022 -0.0093 -0.0101 -0.6023 -0.7734 0.1977 0.2884 0.6147
0.0050 -0.0095 -0.0101 -0.0754 -0.8794 -0.4701 0.3005 0.6100
0.0063 -0.0091 -0.0097 0.7448 -0.6335 -0.2097 0.3065 0.6075
0.0071 -0.0080 -0.0100 0.8856 -0.2163 -0.4109 0.3089 0.6015
0.0070 -0.0069 -0.0108 0.6868 0.0991 -0.7201 0.3065 0.5955
0.0061 -0.0064 -0.0116 0.2647 0.1278 -0.9558 0.3005 0.5931
0.0048 -0.0068 -0.0120 0.2647 0.1278 -0.9558 0.2945 0.5955
0.0040 -0.0078 -0.0118 -0.2743 -0.5641 -0.7788 0.2920 0.6015
0.0040 -0.0090 -0.0110 -0.0754 -0.8794 -0.4701 0.2945 0.6075
0.0002 -0.0008 0.0020 -0.0006 -0.7264 0.6873 0.2667 0.6264
0.0007 -0.0001 0.0018 0.8529 0.3419 0.3947 0.2670 0.6259
0.0007 0.0006 0.0013 0.5364 0.8401 -0.0807 0.2674 0.6253
0.0001 0.0010 0.0007 -0.1310 0.8925 -0.4315 0.2677 0.6248
-0.0008 0.0007 0.0004 -0.1310 0.8925 -0.4315 0.2681 0.6243
-0.0013 0.0000 0.0006 -0.7556 0.4726 -0.4536 0.2684 0.6238
-0.0013 -0.0007 0.0012 -0.6642 -0.6684 0.3347 0.2688 0.6233
0.0028 -0.0040 -0.0104 -0.7556 0.4726 -0.4536 0.2348 0.5760
-0.0008 0.0007 0.0004 -0.7556 0.4726 -0.4536 0.2681 0.6243
-0.0008 0.0007 0.0004 -0.7556 0.4726 -0.4536 0.2681 0.6243
0.0052 -0.0033 -0.0097 0.5364 0.8401 -0.0807 0.2261 0.5836
0.0052 -0.0033 -0.0097 0.5364 0.8401 -0.0807 0.2261 0.5836
0.0001 0.0010 0.0007 0.5364 0.8401 -0.0807 0.2677 0.6248
0.0032 -0.0092 -0.0068 -0.6642 -0.6684 0.3347 0.2687 0.5648
0.0032 -0.0092 -0.0068 -0.6642 -0.6684 0.3347 0.2687 0.5648
-0.0006 -0.0011 0.0017 -0.6642 -0.6684 0.3347 0.2691 0.6229
0.0014 -0.0082 -0.0084 -0.9755 -0.1726 -0.1368 0.2569 0.5662
0.0012 -0.0060 -0.0099 -0.9755 -0.1726 -0.1368 0.2456 0.5700
-0.0013 0.0000 0.0006 -0.9755 -0.1726 -0.1368 0.2684 0.6238
0.0014 -0.0082 -0.0084 -0.9755 -0.1726 -0.1368 0.2569 0.5662
-0.0013 0.0000 0.0006 -0.9755 -0.1726 -0.1368 0.2684 0.6238
-0.0013 -0.0007 0.0012 -0.9755 -0.1726 -0.1368 0.2688 0.6233
0.0070 -0.0043 -0.0081 0.8529 0.3419 0.3947 0.2188 0.5927
0.0070 -0.0043 -0.0081 0.8529 0.3419 0.3947 0.2188 0.5927
0.0007 0.0006 0.0013 0.8529 0.3419 0.3947 0.2674 0.6253
0.0072 -0.0064 -0.0066 0.6300 -0.3076 0.7130 0.2126 0.6032
0.0056 -0.0085 -0.0061 0.6300 -0.3076 0.7130 0.2088 0.6133
0.0002 -0.0008 0.0020 0.6300 -0.3076 0.7130 0.2667 0.6264
0.0072 -0.0064 -0.0066 0.6300 -0.3076 0.7130 0.2126 0.6032
0.0002 -0.0008 0.0020 0.6300 -0.3076 0.7130 0.2667 0.6264
0.0007 -0.0001 0.0018 0.6300 -0.3076 0.7130 0.2670 0.6259
0.0014 -0.0082 -0.0084 -0.6023 -0.7734 0.1977 0.2845 0.6242
0.0032 -0.0092 -0.0068 -0.6023 -0.7734 0.1977 0.2958 0.6289
0.0014 -0.0082 -0.0084 -0.6023 -0.7734 0.1977 0.2845 0.6242
0.0052 -0.0033 -0.0097 -0.0648 0.8189 -0.5702 0.2958 0.5742
0.0028 -0.0040 -0.0104 -0.0648 0.8189 -0.5702 0.2845 0.5789
0.0052 -0.0033 -0.0097 -0.0648 0.8189 -0.5702 0.2958 0.5742
0.0072 -0.0064 -0.0066 0.9166 0.2747 0.2906 0.3278 0.5968
0.0070 -0.0043 -0.0081 0.9166 0.2747 0.2906 0.3231 0.5855
0.0072 -0.0064 -0.0066 0.9166 0.2747 0.2906 0.3278 0.5968
0.0032 -0.0092 -0.0068 0.0647 -0.8191 0.5700 0.3052 0.6289
0.0056 -0.0085 -0.0061 0.0647 -0.8191 0.5700 0.3165 0.6242
0.0032 -0.0092 -0.0068 0.0647 -0.8191 0.5700 0.3052 0.6289
0.0041 -0.0103 -0.0085 0.0647 -0.8191 0.5700 0.3013 0.6194
0.0012 -0.0060 -0.0099 -0.9165 -0.2748 -0.2907 0.2731 0.6062
0.0014 -0.0082 -0.0084 -0.9165 -0.2748 -0.2907 0.2778 0.6175
0.0022 -0.0093 -0.0101 -0.9165 -0.2748 -0.2907 0.2873 0.6136
0.0012 -0.0060 -0.0099 -0.9165 -0.2748 -0.2907 0.2731 0.6062
0.0022 -0.0093 -0.0101 -0.9165 -0.2748 -0.2907 0.2873 0.6136
0.0056 -0.0085 -0.0061 0.6941 -0.3846 0.6086 0.3231 0.6175
0.0072 -0.0064 -0.0066 0.6941 -0.3846 0.6086 0.3278 0.6062
0.0080 -0.0075 -0.0083 0.6941 -0.3846 0.6086 0.3184 0.6023
0.0056 -0.0085 -0.0061 0.6941 -0.3846 0.6086 0.3231 0.6175
0.0080 -0.0075 -0.0083 0.6941 -0.3846 0.6086 0.3184 0.6023
0.0065 -0.0096 -0.0078 0.6941 -0.3846 0.6086 0.3137 0.6136
0.0028 -0.0040 -0.0104 -0.6939 0.3846 -0.6087 0.2778 0.5855
0.0012 -0.0060 -0.0099 -0.6939 0.3846 -0.6087 0.2731 0.5968
0.0021 -0.0071 -0.0116 -0.6939 0.3846 -0.6087 0.2826 0.6007
0.0028 -0.0040 -0.0104 -0.6939 0.3846 -0.6087 0.2778 0.5855
0.0021 -0.0071 -0.0116 -0.6939 0.3846 -0.6087 0.2826 0.6007
0.0036 -0.0051 -0.0121 -0.6939 0.3846 -0.6087 0.2873 0.5894
0.0070 -0.0043 -0.0081 0.6022 0.7734 -0.1978 0.3165 0.5789
0.0052 -0.0033 -0.0097 0.6022 0.7734 -0.1978 0.3052 0.5742
0.0060 -0.0044 -0.0114 0.6022 0.7734 -0.1978 0.3013 0.5836
0.0070 -0.0043 -0.0081 0.6022 0.7734 -0.1978 0.3165 0.5789
0.0060 -0.0044 -0.0114 0.6022 0.7734 -0.1978 0.3013 0.5836
0.0079 -0.0054 -0.0098 0.6022 0.7734 -0.1978 0.3126 0.5883
0.0060 -0.0044 -0.0114 0.2647 0.1278 -0.9558 0.2997 0.5836
0.0036 -0.0051 -0.0121 0.2647 0.1278 -0.9558 0.2884 0.5883
0.0060 -0.0044 -0.0114 0.2647 0.1278 -0.9558 0.2997 0.5836
0.0079 -0.0054 -0.0098 0.6868 0.0991 -0.7201 0.3126 0.5883
0.0060 -0.0044 -0.0114 0.6868 0.0991 -0.7201 0.3013 0.5836
0.0061 -0.0064 -0.0116 0.6868 0.0991 -0.7201 0.3005 0.5931
0.0079 -0.0054 -0.0098 0.6868 0.0991 -0.7201 0.3126 0.5883
0.0061 -0.0064 -0.0116 0.6868 0.0991 -0.7201 0.3005 0.5931
0.0022 -0.0093 -0.0101 -0.0754 -0.8794 -0.4701 0.2884 0.6147
0.0041 -0.0103 -0.0085 -0.0754 -0.8794 -0.4701 0.2997 0.6194
0.0022 -0.0093 -0.0101 -0.0754 -0.8794 -0.4701 0.2884 0.6147
0.0080 -0.0075 -0.0083 0.8856 -0.2163 -0.4109 0.3184 0.6007
0.0079 -0.0054 -0.0098 0.8856 -0.2163 -0.4109 0.3137 0.5894
0.0070 -0.0069 -0.0108 0.8856 -0.2163 -0.4109 0.3065 0.5955
0.0080 -0.0075 -0.0083 0.8856 -0.2163 -0.4109 0.3184 0.6007
0.0070 -0.0069 -0.0108 0.8856 -0.2163 -0.4109 0.3065 0.5955
0.0021 -0.0071 -0.0116 -0.2743 -0.5641 -0.7788 0.2826 0.6023
0.0022 -0.0093 -0.0101 -0.2743 -0.5641 -0.7788 0.2873 0.6136
0.0040 -0.0090 -0.0110 -0.2743 -0.5641 -0.7788 0.2945 0.6075
0.0021 -0.0071 -0.0116 -0.2743 -0.5641 -0.7788 0.2826 0.6023
0.0040 -0.0090 -0.0110 -0.2743 -0.5641 -0.7788 0.2945 0.6075
0.0065 -0.0096 -0.0078 0.7448 -0.6335 -0.2097 0.3137 0.6136
0.0080 -0.0075 -0.0083 0.7448 -0.6335 -0.2097 0.3184 0.6023
0.0071 -0.0080 -0.0100 0.7448 -0.6335 -0.2097 0.3089 0.6015
0.0065 -0.0096 -0.0078 0.7448 -0.6335 -0.2097 0.3137 0.6136
0.0071 -0.0080 -0.0100 0.7448 -0.6335 -0.2097 0.3089 0.6015
0.0036 -0.0051 -0.0121 -0.1334 -0.1467 -0.9801 0.2873 0.5894
0.0021 -0.0071 -0.0116 -0.1334 -0.1467 -0.9801 0.2826 0.6007
0.0040 -0.0078 -0.0118 -0.1334 -0.1467 -0.9801 0.2920 0.6015
0.0036 -0.0051 -0.0121 -0.1334 -0.1467 -0.9801 0.2873 0.5894
0.0040 -0.0078 -0.0118 -0.1334 -0.1467 -0.9801 0.2920 0.6015
0.0048 -0.0068 -0.0120 -0.1334 -0.1467 -0.9801 0.2945 0.5955
0.0041 -0.0103 -0.0085 0.3468 -0.9082 -0.2341 0.3013 0.6194
0.0065 -0.0096 -0.0078 0.3468 -0.9082 -0.2341 0.3126 0.6147
0.0063 -0.0091 -0.0097 0.3468 -0.9082 -0.2341 0.3065 0.6075
0.0041 -0.0103 -0.0085 0.3468 -0.9082 -0.2341 0.3013 0.6194
0.0063 -0.0091 -0.0097 0.3468 -0.9082 -0.2341 0.3065 0.6075
0.0050 -0.0095 -0.0101 0.3468 -0.9082 -0.2341 0.3005 0.6100
0.0040 -0.0090 -0.0110 0.3948 -0.5038 -0.7683 0.2945 0.6075
0.0050 -0.0095 -0.0101 0.3948 -0.5038 -0.7683 0.3005 0.6100
0.0063 -0.0091 -0.0097 0.3948 -0.5038 -0.7683 0.3065 0.6075
0.0063 -0.0091 -0.0097 0.3948 -0.5038 -0.7683 0.3065 0.6075
0.0071 -0.0080 -0.0100 0.3948 -0.5038 -0.7683 0.3089 0.6015
0.0070 -0.0069 -0.0108 0.3948 -0.5038 -0.7683 0.3065 0.5955
0.0070 -0.0069 -0.0108 0.3948 -0.5038 -0.7683 0.3065 0.5955
0.0061 -0.0064 -0.0116 0.3948 -0.5038 -0.7683 0.3005 0.5931
0.0048 -0.0068 -0.0120 0.3948 -0.5038 -0.7683 0.2945 0.5955
0.0048 -0.0068 -0.0120 0.3948 -0.5038 -0.7683 0.2945 0.5955
0.0040 -0.0078 -0.0118 0.3948 -0.5038 -0.7683 0.2920 0.6015
0.0040 -0.0090 -0.0110 0.3948 -0.5038 -0.7683 0.2945 0.6075
0.0040 -0.0090 -0.0110 0.3948 -0.5038 -0.7683 0.2945 0.6075
0.0063 -0.0091 -0.0097 0.3948 -0.5038 -0.7683 0.3065 0.6075
0.0070 -0.0069 -0.0108 0.3948 -0.5038 -0.7683 0.3065 0.5955
0.0070 -0.0069 -0.0108 0.3948 -0.5038 -0.7683 0.3065 0.5955
0.0048 -0.0068 -0.0120 0.3948 -0.5038 -0.7683 0.2945 0.5955
0.0040 -0.0090 -0.0110 0.3948 -0.5038 -0.7683 0.2945 0.6075
6 28 4
6 29 28
1 5 0
1 25 5
7 33 32
7 30 34
35 27 3
36 37 27
38 31 8
39 40 31
41 43 42
44 46 45
47 26 2
48 49 26
50 52 51
53 55 54
56 9 57
58 16 9
59 14 60
61 13 14
62 12 63
64 11 12
65 10 66
67 68 10
69 71 70
72 15 73
74 76 75
77 79 78
80 82 81
83 85 84
86 88 87
89 91 90
92 22 93
94 21 22
95 97 96
98 20 99
100 17 101
102 24 17
103 105 104
106 19 107
108 110 109
111 23 112
113 115 114
116 18 117
118 120 119
121 123 122
124 126 125
127 129 128
130 132 131
133 135 134
136 138 137
139 141 140
142 144 143
145 147 146
LABEL SwitchDockLights
MATERIAL 2
TEXTURE 2
FLAG 0
GEOM 148 54
0.0032 -0.0092 -0.0072 -0.0006 -0.7264 0.6873 0.2030 0.6230
0.0056 -0.0085 -0.0064 -0.0006 -0.7264 0.6873 0.2049 0.6125
0.0071 -0.0064 -0.0069 0.8529 0.3419 0.3947 0.2087 0.6025
0.0070 -0.0043 -0.0084 0.5364 0.8401 -0.0807 0.2149 0.5919
0.0051 -0.0033 -0.0100 -0.1310 0.8925 -0.4315 0.2222 0.5828
-0.0007 -0.0011 0.0014 -0.0006 -0.7264 0.6873 0.2624 0.6261
0.0027 -0.0040 -0.0108 -0.1310 0.8925 -0.4315 0.2309 0.5752
0.0012 -0.0060 -0.0102 -0.7556 0.4726 -0.4536 0.2417 0.5692
0.0013 -0.0082 -0.0087 -0.6642 -0.6684 0.3347 0.2530 0.5654
0.0040 -0.0103 -0.0088 -0.6023 -0.7734 0.1977 0.2958 0.6186
0.0064 -0.0096 -0.0081 0.0647 -0.8191 0.5700 0.3087 0.6139
0.0080 -0.0075 -0.0086 0.9166 0.2747 0.2906 0.3145 0.6000
0.0078 -0.0054 -0.0101 0.9166 0.2747 0.2906 0.3098 0.5886
0.0060 -0.0044 -0.0117 -0.0648 0.8189 -0.5702 0.2958 0.5828
0.0036 -0.0051 -0.0124 -0.0648 0.8189 -0.5702 0.2845 0.5875
0.0020 -0.0071 -0.0119 -0.9165 -0.2748 -0.2907 0.2787 0.6015
0.0022 -0.0093 -0.0104 -0.6023 -0.7734 0.1977 0.2845 0.6139
0.0050 -0.0095 -0.0104 -0.0754 -0.8794 -0.4701 0.2966 0.6092
0.0062 -0.0091 -0.0100 0.7448 -0.6335 -0.2097 0.3026 0.6067
0.0071 -0.0080 -0.0103 0.8856 -0.2163 -0.4109 0.3050 0.6007
0.0070 -0.0069 -0.0111 0.6868 0.0991 -0.7201 0.3026 0.5948
0.0060 -0.0064 -0.0119 0.2647 0.1278 -0.9558 0.2966 0.5923
0.0048 -0.0068 -0.0123 0.2647 0.1278 -0.9558 0.2906 0.5948
0.0039 -0.0078 -0.0121 -0.2743 -0.5641 -0.7788 0.2881 0.6007
0.0040 -0.0090 -0.0113 -0.0754 -0.8794 -0.4701 0.2906 0.6067
0.0002 -0.0008 0.0017 -0.0006 -0.7264 0.6873 0.2628 0.6256
0.0007 -0.0001 0.0015 0.8529 0.3419 0.3947 0.2631 0.6251
0.0007 0.0006 0.0010 0.5364 0.8401 -0.0807 0.2635 0.6246
0.0000 0.0010 0.0004 -0.1310 0.8925 -0.4315 0.2638 0.6240
-0.0008 0.0007 0.0001 -0.1310 0.8925 -0.4315 0.2642 0.6235
-0.0014 0.0000 0.0003 -0.7556 0.4726 -0.4536 0.2645 0.6230
-0.0013 -0.0007 0.0008 -0.6642 -0.6684 0.3347 0.2649 0.6225
0.0027 -0.0040 -0.0108 -0.7556 0.4726 -0.4536 0.2309 0.5752
-0.0008 0.0007 0.0001 -0.7556 0.4726 -0.4536 0.2642 0.6235
-0.0008 0.0007 0.0001 -0.7556 0.4726 -0.4536 0.2642 0.6235
0.0051 -0.0033 -0.0100 0.5364 0.8401 -0.0807 0.2222 0.5828
0.0051 -0.0033 -0.0100 0.5364 0.8401 -0.0807 0.2222 0.5828
0.0000 0.0010 0.0004 0.5364 0.8401 -0.0807 0.2638 0.6240
0.0032 -0.0092 -0.0072 -0.6642 -0.6684 0.3347 0.2648 0.5640
0.0032 -0.0092 -0.0072 -0.6642 -0.6684 0.3347 0.2648 0.5640
-0.0007 -0.0011 0.0014 -0.6642 -0.6684 0.3347 0.2652 0.6221
0.0013 -0.0082 -0.0087 -0.9755 -0.1726 -0.1368 0.2530 0.5654
0.0012 -0.0060 -0.0102 -0.9755 -0.1726 -0.1368 0.2417 0.5692
-0.0014 0.0000 0.0003 -0.9755 -0.1726 -0.1368 0.2645 0.6230
0.0013 -0.0082 -0.0087 -0.9755 -0.1726 -0.1368 0.2530 0.5654
-0.0014 0.0000 0.0003 -0.9755 -0.1726 -0.1368 0.2645 0.6230
-0.0013 -0.0007 0.0008 -0.9755 -0.1726 -0.1368 0.2649 0.6225
0.0070 -0.0043 -0.0084 0.8529 0.3419 0.3947 0.2149 0.5919
0.0070 -0.0043 -0.0084 0.8529 0.3419 0.3947 0.2149 0.5919
0.0007 0.0006 0.0010 0.8529 0.3419 0.3947 0.2635 0.6246
0.0071 -0.0064 -0.0069 0.6300 -0.3076 0.7130 0.2087 0.6025
0.0056 -0.0085 -0.0064 0.6300 -0.3076 0.7130 0.2049 0.6125
0.0002 -0.0008 0.0017 0.6300 -0.3076 0.7130 0.2628 0.6256
0.0071 -0.0064 -0.0069 0.6300 -0.3076 0.7130 0.2087 0.6025
0.0002 -0.0008 0.0017 0.6300 -0.3076 0.7130 0.2628 0.6256
0.0007 -0.0001 0.0015 0.6300 -0.3076 0.7130 0.2631 0.6251
0.0013 -0.0082 -0.0087 -0.6023 -0.7734 0.1977 0.2806 0.6234
0.0032 -0.0092 -0.0072 -0.6023 -0.7734 0.1977 0.2919 0.6281
0.0013 -0.0082 -0.0087 -0.6023 -0.7734 0.1977 0.2806 0.6234
0.0051 -0.0033 -0.0100 -0.0648 0.8189 -0.5702 0.2919 0.5734
0.0027 -0.0040 -0.0108 -0.0648 0.8189 -0.5702 0.2806 0.5781
0.0051 -0.0033 -0.0100 -0.0648 0.8189 -0.5702 0.2919 0.5734
0.0071 -0.0064 -0.0069 0.9166 0.2747 0.2906 0.3239 0.5960
0.0070 -0.0043 -0.0084 0.9166 0.2747 0.2906 0.3192 0.5847
0.0071 -0.0064 -0.0069 0.9166 0.2747 0.2906 0.3239 0.5960
0.0032 -0.0092 -0.0072 0.0647 -0.8191 0.5700 0.3013 0.6281
0.0056 -0.0085 -0.0064 0.0647 -0.8191 0.5700 0.3126 0.6234
0.0032 -0.0092 -0.0072 0.0647 -0.8191 0.5700 0.3013 0.6281
0.0040 -0.0103 -0.0088 0.0647 -0.8191 0.5700 0.2974 0.6186
0.0012 -0.0060 -0.0102 -0.9165 -0.2748 -0.2907 0.2692 0.6054
0.0013 -0.0082 -0.0087 -0.9165 -0.2748 -0.2907 0.2739 0.6167
0.0022 -0.0093 -0.0104 -0.9165 -0.2748 -0.2907 0.2834 0.6128
0.0012 -0.0060 -0.0102 -0.9165 -0.2748 -0.2907 0.2692 0.6054
0.0022 -0.0093 -0.0104 -0.9165 -0.2748 -0.2907 0.2834 0.6128
0.0056 -0.0085 -0.0064 0.6941 -0.3846 0.6086 0.3192 0.6167
0.0071 -0.0064 -0.0069 0.6941 -0.3846 0.6086 0.3239 0.6054
0.0080 -0.0075 -0.0086 0.6941 -0.3846 0.6086 0.3145 0.6015
0.0056 -0.0085 -0.0064 0.6941 -0.3846 0.6086 0.3192 0.6167
0.0080 -0.0075 -0.0086 0.6941 -0.3846 0.6086 0.3145 0.6015
0.0064 -0.0096 -0.0081 0.6941 -0.3846 0.6086 0.3098 0.6128
0.0027 -0.0040 -0.0108 -0.6939 0.3846 -0.6087 0.2739 0.5847
0.0012 -0.0060 -0.0102 -0.6939 0.3846 -0.6087 0.2692 0.5960
0.0020 -0.0071 -0.0119 -0.6939 0.3846 -0.6087 0.2787 0.6000
0.0027 -0.0040 -0.0108 -0.6939 0.3846 -0.6087 0.2739 0.5847
0.0020 -0.0071 -0.0119 -0.6939 0.3846 -0.6087 0.2787 0.6000
0.0036 -0.0051 -0.0124 -0.6939 0.3846 -0.6087 0.2834 0.5886
0.0070 -0.0043 -0.0084 0.6022 0.7734 -0.1978 0.3126 0.5781
0.0051 -0.0033 -0.0100 0.6022 0.7734 -0.1978 0.3013 0.5734
0.0060 -0.0044 -0.0117 0.6022 0.7734 -0.1978 0.2974 0.5828
0.0070 -0.0043 -0.0084 0.6022 0.7734 -0.1978 0.3126 0.5781
0.0060 -0.0044 -0.0117 0.6022 0.7734 -0.1978 0.2974 0.5828
0.0078 -0.0054 -0.0101 0.6022 0.7734 -0.1978 0.3087 0.5875
0.0060 -0.0044 -0.0117 0.2647 0.1278 -0.9558 0.2958 0.5828
0.0036 -0.0051 -0.0124 0.2647 0.1278 -0.9558 0.2845 0.5875
0.0060 -0.0044 -0.0117 0.2647 0.1278 -0.9558 0.2958 0.5828
0.0078 -0.0054 -0.0101 0.6868 0.0991 -0.7201 0.3087 0.5875
0.0060 -0.0044 -0.0117 0.6868 0.0991 -0.7201 0.2974 0.5828
0.0060 -0.0064 -0.0119 0.6868 0.0991 -0.7201 0.2966 0.5923
0.0078 -0.0054 -0.0101 0.6868 0.0991 -0.7201 0.3087 0.5875
0.0060 -0.0064 -0.0119 0.6868 0.0991 -0.7201 0.2966 0.5923
0.0022 -0.0093 -0.0104 -0.0754 -0.8794 -0.4701 0.2845 0.6139
0.0040 -0.0103 -0.0088 -0.0754 -0.8794 -0.4701 0.2958 0.6186
0.0022 -0.0093 -0.0104 -0.0754 -0.8794 -0.4701 0.2845 0.6139
0.0080 -0.0075 -0.0086 0.8856 -0.2163 -0.4109 0.3145 0.6000
0.0078 -0.0054 -0.0101 0.8856 -0.2163 -0.4109 0.3098 0.5886
0.0070 -0.0069 -0.0111 0.8856 -0.2163 -0.4109 0.3026 0.5948
0.0080 -0.0075 -0.0086 0.8856 -0.2163 -0.4109 0.3145 0.6000
0.0070 -0.0069 -0.0111 0.8856 -0.2163 -0.4109 0.3026 0.5948
0.0020 -0.0071 -0.0119 -0.2743 -0.5641 -0.7788 0.2787 0.6015
0.0022 -0.0093 -0.0104 -0.2743 -0.5641 -0.7788 0.2834 0.6128
0.0040 -0.0090 -0.0113 -0.2743 -0.5641 -0.7788 0.2906 0.6067
0.0020 -0.0071 -0.0119 -0.2743 -0.5641 -0.7788 0.2787 0.6015
0.0040 -0.0090 -0.0113 -0.2743 -0.5641 -0.7788 0.2906 0.6067
0.0064 -0.0096 -0.0081 0.7448 -0.6335 -0.2097 0.3098 0.6128
0.0080 -0.0075 -0.0086 0.7448 -0.6335 -0.2097 0.3145 0.6015
0.0071 -0.0080 -0.0103 0.7448 -0.6335 -0.2097 0.3050 0.6007
0.0064 -0.0096 -0.0081 0.7448 -0.6335 -0.2097 0.3098 0.6128
0.0071 -0.0080 -0.0103 0.7448 -0.6335 -0.2097 0.3050 0.6007
0.0036 -0.0051 -0.0124 -0.1334 -0.1467 -0.9801 0.2834 0.5886
0.0020 -0.0071 -0.0119 -0.1334 -0.1467 -0.9801 0.2787 0.6000
0.0039 -0.0078 -0.0121 -0.1334 -0.1467 -0.9801 0.2881 0.6007
0.0036 -0.0051 -0.0124 -0.1334 -0.1467 -0.9801 0.2834 0.5886
0.0039 -0.0078 -0.0121 -0.1334 -0.1467 -0.9801 0.2881 0.6007
0.0048 -0.0068 -0.0123 -0.1334 -0.1467 -0.9801 0.2906 0.5948
0.0040 -0.0103 -0.0088 0.3468 -0.9082 -0.2341 0.2974 0.6186
0.0064 -0.0096 -0.0081 0.3468 -0.9082 -0.2341 0.3087 0.6139
0.0062 -0.0091 -0.0100 0.3468 -0.9082 -0.2341 0.3026 0.6067
0.0040 -0.0103 -0.0088 0.3468 -0.9082 -0.2341 0.2974 0.6186
0.0062 -0.0091 -0.0100 0.3468 -0.9082 -0.2341 0.3026 0.6067
0.0050 -0.0095 -0.0104 0.3468 -0.9082 -0.2341 0.2966 0.6092
0.0040 -0.0090 -0.0113 0.3948 -0.5038 -0.7683 0.2906 0.6067
0.0050 -0.0095 -0.0104 0.3948 -0.5038 -0.7683 0.2966 0.6092
0.0062 -0.0091 -0.0100 0.3948 -0.5038 -0.7683 0.3026 0.6067
0.0062 -0.0091 -0.0100 0.3948 -0.5038 -0.7683 0.3026 0.6067
0.0071 -0.0080 -0.0103 0.3948 -0.5038 -0.7683 0.3050 0.6007
0.0070 -0.0069 -0.0111 0.3948 -0.5038 -0.7683 0.3026 0.5948
0.0070 -0.0069 -0.0111 0.3948 -0.5038 -0.7683 0.3026 0.5948
0.0060 -0.0064 -0.0119 0.3948 -0.5038 -0.7683 0.2966 0.5923
0.0048 -0.0068 -0.0123 0.3948 -0.5038 -0.7683 0.2906 0.5948
0.0048 -0.0068 -0.0123 0.3948 -0.5038 -0.7683 0.2906 0.5948
0.0039 -0.0078 -0.0121 0.3948 -0.5038 -0.7683 0.2881 0.6007
0.0040 -0.0090 -0.0113 0.3948 -0.5038 -0.7683 0.2906 0.6067
0.0040 -0.0090 -0.0113 0.3948 -0.5038 -0.7683 0.2906 0.6067
0.0062 -0.0091 -0.0100 0.3948 -0.5038 -0.7683 0.3026 0.6067
0.0070 -0.0069 -0.0111 0.3948 -0.5038 -0.7683 0.3026 0.5948
0.0070 -0.0069 -0.0111 0.3948 -0.5038 -0.7683 0.3026 0.5948
0.0048 -0.0068 -0.0123 0.3948 -0.5038 -0.7683 0.2906 0.5948
0.0040 -0.0090 -0.0113 0.3948 -0.5038 -0.7683 0.2906 0.6067
6 28 4
6 29 28
1 5 0
1 25 5
7 33 32
7 30 34
35 27 3
36 37 27
38 31 8
39 40 31
41 43 42
44 46 45
47 26 2
48 49 26
50 52 51
53 55 54
56 9 57
58 16 9
59 14 60
61 13 14
62 12 63
64 11 12
65 10 66
67 68 10
69 71 70
72 15 73
74 76 75
77 79 78
80 82 81
83 85 84
86 88 87
89 91 90
92 22 93
94 21 22
95 97 96
98 20 99
100 17 101
102 24 17
103 105 104
106 19 107
108 110 109
111 23 112
113 115 114
116 18 117
118 120 119
121 123 122
124 126 125
127 129 128
130 132 131
133 135 134
136 138 137
139 141 140
142 144 143
145 147 146
LABEL SwitchNavLights
MATERIAL 2
TEXTURE 2
FLAG 0
GEOM 148 54
0.0031 -0.0092 -0.0068 -0.0006 -0.7264 0.6873 0.2061 0.6238
0.0055 -0.0085 -0.0061 -0.0006 -0.7264 0.6873 0.2081 0.6133
0.0071 -0.0064 -0.0066 0.8529 0.3419 0.3947 0.2118 0.6032
0.0069 -0.0043 -0.0081 0.5364 0.8401 -0.0807 0.2180 0.5927
0.0051 -0.0033 -0.0097 -0.1310 0.8925 -0.4315 0.2253 0.5836
-0.0008 -0.0011 0.0017 -0.0006 -0.7264 0.6873 0.2655 0.6269
0.0027 -0.0040 -0.0104 -0.1310 0.8925 -0.4315 0.2340 0.5760
0.0011 -0.0060 -0.0099 -0.7556 0.4726 -0.4536 0.2448 0.5700
0.0013 -0.0082 -0.0084 -0.6642 -0.6684 0.3347 0.2561 0.5662
0.0039 -0.0103 -0.0085 -0.6023 -0.7734 0.1977 0.2989 0.6194
0.0063 -0.0096 -0.0078 0.0647 -0.8191 0.5700 0.3118 0.6147
0.0079 -0.0075 -0.0083 0.9166 0.2747 0.2906 0.3176 0.6007
0.0078 -0.0054 -0.0098 0.9166 0.2747 0.2906 0.3129 0.5894
0.0059 -0.0044 -0.0114 -0.0648 0.8189 -0.5702 0.2989 0.5836
0.0035 -0.0051 -0.0121 -0.0648 0.8189 -0.5702 0.2876 0.5883
0.0020 -0.0071 -0.0116 -0.9165 -0.2748 -0.2907 0.2818 0.6023
0.0021 -0.0093 -0.0101 -0.6023 -0.7734 0.1977 0.2876 0.6147
0.0049 -0.0095 -0.0101 -0.0754 -0.8794 -0.4701 0.2997 0.6100
0.0062 -0.0091 -0.0097 0.7448 -0.6335 -0.2097 0.3057 0.6075
0.0070 -0.0080 -0.0100 0.8856 -0.2163 -0.4109 0.3082 0.6015
0.0069 -0.0069 -0.0108 0.6868 0.0991 -0.7201 0.3057 0.5955
0.0060 -0.0064 -0.0116 0.2647 0.1278 -0.9558 0.2997 0.5931
0.0047 -0.0068 -0.0120 0.2647 0.1278 -0.9558 0.2937 0.5955
0.0039 -0.0078 -0.0118 -0.2743 -0.5641 -0.7788 0.2912 0.6015
0.0039 -0.0090 -0.0110 -0.0754 -0.8794 -0.4701 0.2937 0.6075
0.0001 -0.0008 0.0020 -0.0006 -0.7264 0.6873 0.2659 0.6264
0.0006 -0.0001 0.0018 0.8529 0.3419 0.3947 0.2662 0.6259
0.0006 0.0006 0.0013 0.5364 0.8401 -0.0807 0.2666 0.6253
-0.0001 0.0010 0.0007 -0.1310 0.8925 -0.4315 0.2669 0.6248
-0.0009 0.0007 0.0004 -0.1310 0.8925 -0.4315 0.2673 0.6243
-0.0015 0.0000 0.0006 -0.7556 0.4726 -0.4536 0.2677 0.6238
-0.0014 -0.0007 0.0012 -0.6642 -0.6684 0.3347 0.2680 0.6233
0.0027 -0.0040 -0.0104 -0.7556 0.4726 -0.4536 0.2340 0.5760
-0.0009 0.0007 0.0004 -0.7556 0.4726 -0.4536 0.2673 0.6243
-0.0009 0.0007 0.0004 -0.7556 0.4726 -0.4536 0.2673 0.6243
0.0051 -0.0033 -0.0097 0.5364 0.8401 -0.0807 0.2253 0.5836
0.0051 -0.0033 -0.0097 0.5364 0.8401 -0.0807 0.2253 0.5836
-0.0001 0.0010 0.0007 0.5364 0.8401 -0.0807 0.2669 0.6248
0.0031 -0.0092 -0.0068 -0.6642 -0.6684 0.3347 0.2679 0.5648
0.0031 -0.0092 -0.0068 -0.6642 -0.6684 0.3347 0.2679 0.5648
-0.0008 -0.0011 0.0017 -0.6642 -0.6684 0.3347 0.2683 0.6229
0.0013 -0.0082 -0.0084 -0.9755 -0.1726 -0.1368 0.2561 0.5662
0.0011 -0.0060 -0.0099 -0.9755 -0.1726 -0.1368 0.2448 0.5700
-0.0015 0.0000 0.0006 -0.9755 -0.1726 -0.1368 0.2677 0.6238
0.0013 -0.0082 -0.0084 -0.9755 -0.1726 -0.1368 0.2561 0.5662
-0.0015 0.0000 0.0006 -0.9755 -0.1726 -0.1368 0.2677 0.6238
-0.0014 -0.0007 0.0012 -0.9755 -0.1726 -0.1368 0.2680 0.6233
0.0069 -0.0043 -0.0081 0.8529 0.3419 0.3947 0.2180 0.5927
0.0069 -0.0043 -0.0081 0.8529 0.3419 0.3947 0.2180 0.5927
0.0006 0.0006 0.0013 0.8529 0.3419 0.3947 0.2666 0.6253
0.0071 -0.0064 -0.0066 0.6300 -0.3076 0.7130 0.2118 0.6032
0.0055 -0.0085 -0.0061 0.6300 -0.3076 0.7130 0.2081 0.6133
0.0001 -0.0008 0.0020 0.6300 -0.3076 0.7130 0.2659 0.6264
0.0071 -0.0064 -0.0066 0.6300 -0.3076 0.7130 0.2118 0.6032
0.0001 -0.0008 0.0020 0.6300 -0.3076 0.7130 0.2659 0.6264
0.0006 -0.0001 0.0018 0.6300 -0.3076 0.7130 0.2662 0.6259
0.0013 -0.0082 -0.0084 -0.6023 -0.7734 0.1977 0.2837 0.6242
0.0031 -0.0092 -0.0068 -0.6023 -0.7734 0.1977 0.2950 0.6289
0.0013 -0.0082 -0.0084 -0.6023 -0.7734 0.1977 0.2837 0.6242
0.0051 -0.0033 -0.0097 -0.0648 0.8189 -0.5702 0.2950 0.5742
0.0027 -0.0040 -0.0104 -0.0648 0.8189 -0.5702 0.2837 0.5789
0.0051 -0.0033 -0.0097 -0.0648 0.8189 -0.5702 0.2950 0.5742
0.0071 -0.0064 -0.0066 0.9166 0.2747 0.2906 0.3270 0.5968
0.0069 -0.0043 -0.0081 0.9166 0.2747 0.2906 0.3223 0.5855
0.0071 -0.0064 -0.0066 0.9166 0.2747 0.2906 0.3270 0.5968
0.0031 -0.0092 -0.0068 0.0647 -0.8191 0.5700 0.3044 0.6289
0.0055 -0.0085 -0.0061 0.0647 -0.8191 0.5700 0.3157 0.6242
0.0031 -0.0092 -0.0068 0.0647 -0.8191 0.5700 0.3044 0.6289
0.0039 -0.0103 -0.0085 0.0647 -0.8191 0.5700 0.3005 0.6194
0.0011 -0.0060 -0.0099 -0.9165 -0.2748 -0.2907 0.2724 0.6062
0.0013 -0.0082 -0.0084 -0.9165 -0.2748 -0.2907 0.2771 0.6175
0.0021 -0.0093 -0.0101 -0.9165 -0.2748 -0.2907 0.2865 0.6136
0.0011 -0.0060 -0.0099 -0.9165 -0.2748 -0.2907 0.2724 0.6062
0.0021 -0.0093 -0.0101 -0.9165 -0.2748 -0.2907 0.2865 0.6136
0.0055 -0.0085 -0.0061 0.6941 -0.3846 0.6086 0.3223 0.6175
0.0071 -0.0064 -0.0066 0.6941 -0.3846 0.6086 0.3270 0.6062
0.0079 -0.0075 -0.0083 0.6941 -0.3846 0.6086 0.3176 0.6023
0.0055 -0.0085 -0.0061 0.6941 -0.3846 0.6086 0.3223 0.6175
0.0079 -0.0075 -0.0083 0.6941 -0.3846 0.6086 0.3176 0.6023
0.0063 -0.0096 -0.0078 0.6941 -0.3846 0.6086 0.3129 0.6136
0.0027 -0.0040 -0.0104 -0.6939 0.3846 -0.6087 0.2771 0.5855
0.0011 -0.0060 -0.0099 -0.6939 0.3846 -0.6087 0.2724 0.5968
0.0020 -0.0071 -0.0116 -0.6939 0.3846 -0.6087 0.2818 0.6007
0.0027 -0.0040 -0.0104 -0.6939 0.3846 -0.6087 0.2771 0.5855
0.0020 -0.0071 -0.0116 -0.6939 0.3846 -0.6087 0.2818 0.6007
0.0035 -0.0051 -0.0121 -0.6939 0.3846 -0.6087 0.2865 0.5894
0.0069 -0.0043 -0.0081 0.6022 0.7734 -0.1978 0.3157 0.5789
0.0051 -0.0033 -0.0097 0.6022 0.7734 -0.1978 0.3044 0.5742
0.0059 -0.0044 -0.0114 0.6022 0.7734 -0.1978 0.3005 0.5836
0.0069 -0.0043 -0.0081 0.6022 0.7734 -0.1978 0.3157 0.5789
0.0059 -0.0044 -0.0114 0.6022 0.7734 -0.1978 0.3005 0.5836
0.0078 -0.0054 -0.0098 0.6022 0.7734 -0.1978 0.3118 0.5883
0.0059 -0.0044 -0.0114 0.2647 0.1278 -0.9558 0.2989 0.5836
0.0035 -0.0051 -0.0121 0.2647 0.1278 -0.9558 0.2876 0.5883
0.0059 -0.0044 -0.0114 0.2647 0.1278 -0.9558 0.2989 0.5836
0.0078 -0.0054 -0.0098 0.6868 0.0991 -0.7201 0.3118 0.5883
0.0059 -0.0044 -0.0114 0.6868 0.0991 -0.7201 0.3005 0.5836
0.0060 -0.0064 -0.0116 0.6868 0.0991 -0.7201 0.2997 0.5931
0.0078 -0.0054 -0.0098 0.6868 0.0991 -0.7201 0.3118 0.5883
0.0060 -0.0064 -0.0116 0.6868 0.0991 -0.7201 0.2997 0.5931
0.0021 -0.0093 -0.0101 -0.0754 -0.8794 -0.4701 0.2876 0.6147
0.0039 -0.0103 -0.0085 -0.0754 -0.8794 -0.4701 0.2989 0.6194
0.0021 -0.0093 -0.0101 -0.0754 -0.8794 -0.4701 0.2876 0.6147
0.0079 -0.0075 -0.0083 0.8856 -0.2163 -0.4109 0.3176 0.6007
0.0078 -0.0054 -0.0098 0.8856 -0.2163 -0.4109 0.3129 0.5894
0.0069 -0.0069 -0.0108 0.8856 -0.2163 -0.4109 0.3057 0.5955
0.0079 -0.0075 -0.0083 0.8856 -0.2163 -0.4109 0.3176 0.6007
0.0069 -0.0069 -0.0108 0.8856 -0.2163 -0.4109 0.3057 0.5955
0.0020 -0.0071 -0.0116 -0.2743 -0.5641 -0.7788 0.2818 0.6023
0.0021 -0.0093 -0.0101 -0.2743 -0.5641 -0.7788 0.2865 0.6136
0.0039 -0.0090 -0.0110 -0.2743 -0.5641 -0.7788 0.2937 0.6075
0.0020 -0.0071 -0.0116 -0.2743 -0.5641 -0.7788 0.2818 0.6023
0.0039 -0.0090 -0.0110 -0.2743 -0.5641 -0.7788 0.2937 0.6075
0.0063 -0.0096 -0.0078 0.7448 -0.6335 -0.2097 0.3129 0.6136
0.0079 -0.0075 -0.0083 0.7448 -0.6335 -0.2097 0.3176 0.6023
0.0070 -0.0080 -0.0100 0.7448 -0.6335 -0.2097 0.3082 0.6015
0.0063 -0.0096 -0.0078 0.7448 -0.6335 -0.2097 0.3129 0.6136
0.0070 -0.0080 -0.0100 0.7448 -0.6335 -0.2097 0.3082 0.6015
0.0035 -0.0051 -0.0121 -0.1334 -0.1467 -0.9801 0.2865 0.5894
0.0020 -0.0071 -0.0116 -0.1334 -0.1467 -0.9801 0.2818 0.6007
0.0039 -0.0078 -0.0118 -0.1334 -0.1467 -0.9801 0.2912 0.6015
0.0035 -0.0051 -0.0121 -0.1334 -0.1467 -0.9801 0.2865 0.5894
0.0039 -0.0078 -0.0118 -0.1334 -0.1467 -0.9801 0.2912 0.6015
0.0047 -0.0068 -0.0120 -0.1334 -0.1467 -0.9801 0.2937 0.5955
0.0039 -0.0103 -0.0085 0.3468 -0.9082 -0.2341 0.3005 0.6194
0.0063 -0.0096 -0.0078 0.3468 -0.9082 -0.2341 0.3118 0.6147
0.0062 -0.0091 -0.0097 0.3468 -0.9082 -0.2341 0.3057 0.6075
0.0039 -0.0103 -0.0085 0.3468 -0.9082 -0.2341 0.3005 0.6194
0.0062 -0.0091 -0.0097 0.3468 -0.9082 -0.2341 0.3057 0.6075
0.0049 -0.0095 -0.0101 0.3468 -0.9082 -0.2341 0.2997 0.6100
0.0039 -0.0090 -0.0110 0.3948 -0.5038 -0.7683 0.2937 0.6075
0.0049 -0.0095 -0.0101 0.3948 -0.5038 -0.7683 0.2997 0.6100
0.0062 -0.0091 -0.0097 0.3948 -0.5038 -0.7683 0.3057 0.6075
0.0062 -0.0091 -0.0097 0.3948 -0.5038 -0.7683 0.3057 0.6075
0.0070 -0.0080 -0.0100 0.3948 -0.5038 -0.7683 0.3082 0.6015
0.0069 -0.0069 -0.0108 0.3948 -0.5038 -0.7683 0.3057 0.5955
0.0069 -0.0069 -0.0108 0.3948 -0.5038 -0.7683 0.3057 0.5955
0.0060 -0.0064 -0.0116 0.3948 -0.5038 -0.7683 0.2997 0.5931
0.0047 -0.0068 -0.0120 0.3948 -0.5038 -0.7683 0.2937 0.5955
0.0047 -0.0068 -0.0120 0.3948 -0.5038 -0.7683 0.2937 0.5955
0.0039 -0.0078 -0.0118 0.3948 -0.5038 -0.7683 0.2912 0.6015
0.0039 -0.0090 -0.0110 0.3948 -0.5038 -0.7683 0.2937 0.6075
0.0039 -0.0090 -0.0110 0.3948 -0.5038 -0.7683 0.2937 0.6075
0.0062 -0.0091 -0.0097 0.3948 -0.5038 -0.7683 0.3057 0.6075
0.0069 -0.0069 -0.0108 0.3948 -0.5038 -0.7683 0.3057 0.5955
0.0069 -0.0069 -0.0108 0.3948 -0.5038 -0.7683 0.3057 0.5955
0.0047 -0.0068 -0.0120 0.3948 -0.5038 -0.7683 0.2937 0.5955
0.0039 -0.0090 -0.0110 0.3948 -0.5038 -0.7683 0.2937 0.6075
6 28 4
6 29 28
1 5 0
1 25 5
7 33 32
7 30 34
35 27 3
36 37 27
38 31 8
39 40 31
41 43 42
44 46 45
47 26 2
48 49 26
50 52 51
53 55 54
56 9 57
58 16 9
59 14 60
61 13 14
62 12 63
64 11 12
65 10 66
67 68 10
69 71 70
72 15 73
74 76 75
77 79 78
80 82 81
83 85 84
86 88 87
89 91 90
92 22 93
94 21 22
95 97 96
98 20 99
100 17 101
102 24 17
103 105 104
106 19 107
108 110 109
111 23 112
113 115 114
116 18 117
118 120 119
121 123 122
124 126 125
127 129 128
130 132 131
133 135 134
136 138 137
139 141 140
142 144 143
145 147 146
LABEL SwitchStrobeLights
MATERIAL 2
TEXTURE 2
FLAG 0
GEOM 148 54
0.0034 -0.0092 -0.0070 -0.0006 -0.7264 0.6873 0.2046 0.6246
0.0058 -0.0085 -0.0063 -0.0006 -0.7264 0.6873 0.2065 0.6141
0.0074 -0.0064 -0.0068 0.8529 0.3419 0.3947 0.2102 0.6040
0.0072 -0.0043 -0.0083 0.5364 0.8401 -0.0807 0.2164 0.5934
0.0054 -0.0033 -0.0099 -0.1310 0.8925 -0.4315 0.2237 0.5844
-0.0004 -0.0011 0.0015 -0.0006 -0.7264 0.6873 0.2640 0.6276
0.0030 -0.0040 -0.0107 -0.1310 0.8925 -0.4315 0.2324 0.5768
0.0014 -0.0060 -0.0101 -0.7556 0.4726 -0.4536 0.2433 0.5708
0.0016 -0.0082 -0.0086 -0.6642 -0.6684 0.3347 0.2545 0.5670
0.0043 -0.0103 -0.0087 -0.6023 -0.7734 0.1977 0.2974 0.6202
0.0067 -0.0096 -0.0080 0.0647 -0.8191 0.5700 0.3102 0.6155
0.0083 -0.0075 -0.0085 0.9166 0.2747 0.2906 0.3160 0.6015
0.0081 -0.0054 -0.0100 0.9166 0.2747 0.2906 0.3113 0.5902
0.0063 -0.0044 -0.0116 -0.0648 0.8189 -0.5702 0.2974 0.5844
0.0039 -0.0051 -0.0123 -0.0648 0.8189 -0.5702 0.2860 0.5891
0.0023 -0.0071 -0.0118 -0.9165 -0.2748 -0.2907 0.2802 0.6031
0.0025 -0.0093 -0.0103 -0.6023 -0.7734 0.1977 0.2860 0.6155
0.0052 -0.0095 -0.0103 -0.0754 -0.8794 -0.4701 0.2981 0.6107
0.0065 -0.0091 -0.0099 0.7448 -0.6335 -0.2097 0.3041 0.6083
0.0073 -0.0080 -0.0102 0.8856 -0.2163 -0.4109 0.3066 0.6023
0.0072 -0.0069 -0.0110 0.6868 0.0991 -0.7201 0.3041 0.5963
0.0063 -0.0064 -0.0118 0.2647 0.1278 -0.9558 0.2981 0.5938
0.0050 -0.0068 -0.0122 0.2647 0.1278 -0.9558 0.2922 0.5963
0.0042 -0.0078 -0.0120 -0.2743 -0.5641 -0.7788 0.2897 0.6023
0.0043 -0.0090 -0.0112 -0.0754 -0.8794 -0.4701 0.2922 0.6083
0.0004 -0.0008 0.0018 -0.0006 -0.7264 0.6873 0.2643 0.6271
0.0010 -0.0001 0.0016 0.8529 0.3419 0.3947 0.2647 0.6266
0.0009 0.0006 0.0011 0.5364 0.8401 -0.0807 0.2650 0.6261
0.0003 0.0010 0.0005 -0.1310 0.8925 -0.4315 0.2654 0.6256
-0.0006 0.0007 0.0002 -0.1310 0.8925 -0.4315 0.2657 0.6251
-0.0011 0.0000 0.0004 -0.7556 0.4726 -0.4536 0.2661 0.6246
-0.0011 -0.0007 0.0009 -0.6642 -0.6684 0.3347 0.2664 0.6241
0.0030 -0.0040 -0.0107 -0.7556 0.4726 -0.4536 0.2324 0.5768
-0.0006 0.0007 0.0002 -0.7556 0.4726 -0.4536 0.2657 0.6251
-0.0006 0.0007 0.0002 -0.7556 0.4726 -0.4536 0.2657 0.6251
0.0054 -0.0033 -0.0099 0.5364 0.8401 -0.0807 0.2237 0.5844
0.0054 -0.0033 -0.0099 0.5364 0.8401 -0.0807 0.2237 0.5844
0.0003 0.0010 0.0005 0.5364 0.8401 -0.0807 0.2654 0.6256
0.0034 -0.0092 -0.0070 -0.6642 -0.6684 0.3347 0.2663 0.5656
0.0034 -0.0092 -0.0070 -0.6642 -0.6684 0.3347 0.2663 0.5656
-0.0004 -0.0011 0.0015 -0.6642 -0.6684 0.3347 0.2667 0.6236
0.0016 -0.0082 -0.0086 -0.9755 -0.1726 -0.1368 0.2545 0.5670
0.0014 -0.0060 -0.0101 -0.9755 -0.1726 -0.1368 0.2433 0.5708
-0.0011 0.0000 0.0004 -0.9755 -0.1726 -0.1368 0.2661 0.6246
0.0016 -0.0082 -0.0086 -0.9755 -0.1726 -0.1368 0.2545 0.5670
-0.0011 0.0000 0.0004 -0.9755 -0.1726 -0.1368 0.2661 0.6246
-0.0011 -0.0007 0.0009 -0.9755 -0.1726 -0.1368 0.2664 0.6241
0.0072 -0.0043 -0.0083 0.8529 0.3419 0.3947 0.2164 0.5934
0.0072 -0.0043 -0.0083 0.8529 0.3419 0.3947 0.2164 0.5934
0.0009 0.0006 0.0011 0.8529 0.3419 0.3947 0.2650 0.6261
0.0074 -0.0064 -0.0068 0.6300 -0.3076 0.7130 0.2102 0.6040
0.0058 -0.0085 -0.0063 0.6300 -0.3076 0.7130 0.2065 0.6141
0.0004 -0.0008 0.0018 0.6300 -0.3076 0.7130 0.2643 0.6271
0.0074 -0.0064 -0.0068 0.6300 -0.3076 0.7130 0.2102 0.6040
0.0004 -0.0008 0.0018 0.6300 -0.3076 0.7130 0.2643 0.6271
0.0010 -0.0001 0.0016 0.6300 -0.3076 0.7130 0.2647 0.6266
0.0016 -0.0082 -0.0086 -0.6023 -0.7734 0.1977 0.2821 0.6249
0.0034 -0.0092 -0.0070 -0.6023 -0.7734 0.1977 0.2934 0.6296
0.0016 -0.0082 -0.0086 -0.6023 -0.7734 0.1977 0.2821 0.6249
0.0054 -0.0033 -0.0099 -0.0648 0.8189 -0.5702 0.2934 0.5750
0.0030 -0.0040 -0.0107 -0.0648 0.8189 -0.5702 0.2821 0.5796
0.0054 -0.0033 -0.0099 -0.0648 0.8189 -0.5702 0.2934 0.5750
0.0074 -0.0064 -0.0068 0.9166 0.2747 0.2906 0.3255 0.5976
0.0072 -0.0043 -0.0083 0.9166 0.2747 0.2906 0.3208 0.5863
0.0074 -0.0064 -0.0068 0.9166 0.2747 0.2906 0.3255 0.5976
0.0034 -0.0092 -0.0070 0.0647 -0.8191 0.5700 0.3028 0.6296
0.0058 -0.0085 -0.0063 0.0647 -0.8191 0.5700 0.3142 0.6249
0.0034 -0.0092 -0.0070 0.0647 -0.8191 0.5700 0.3028 0.6296
0.0043 -0.0103 -0.0087 0.0647 -0.8191 0.5700 0.2989 0.6202
0.0014 -0.0060 -0.0101 -0.9165 -0.2748 -0.2907 0.2708 0.6070
0.0016 -0.0082 -0.0086 -0.9165 -0.2748 -0.2907 0.2755 0.6183
0.0025 -0.0093 -0.0103 -0.9165 -0.2748 -0.2907 0.2849 0.6144
0.0014 -0.0060 -0.0101 -0.9165 -0.2748 -0.2907 0.2708 0.6070
0.0025 -0.0093 -0.0103 -0.9165 -0.2748 -0.2907 0.2849 0.6144
0.0058 -0.0085 -0.0063 0.6941 -0.3846 0.6086 0.3208 0.6183
0.0074 -0.0064 -0.0068 0.6941 -0.3846 0.6086 0.3255 0.6070
0.0083 -0.0075 -0.0085 0.6941 -0.3846 0.6086 0.3160 0.6031
0.0058 -0.0085 -0.0063 0.6941 -0.3846 0.6086 0.3208 0.6183
0.0083 -0.0075 -0.0085 0.6941 -0.3846 0.6086 0.3160 0.6031
0.0067 -0.0096 -0.0080 0.6941 -0.3846 0.6086 0.3113 0.6144
0.0030 -0.0040 -0.0107 -0.6939 0.3846 -0.6087 0.2755 0.5863
0.0014 -0.0060 -0.0101 -0.6939 0.3846 -0.6087 0.2708 0.5976
0.0023 -0.0071 -0.0118 -0.6939 0.3846 -0.6087 0.2802 0.6015
0.0030 -0.0040 -0.0107 -0.6939 0.3846 -0.6087 0.2755 0.5863
0.0023 -0.0071 -0.0118 -0.6939 0.3846 -0.6087 0.2802 0.6015
0.0039 -0.0051 -0.0123 -0.6939 0.3846 -0.6087 0.2849 0.5902
0.0072 -0.0043 -0.0083 0.6022 0.7734 -0.1978 0.3142 0.5796
0.0054 -0.0033 -0.0099 0.6022 0.7734 -0.1978 0.3028 0.5750
0.0063 -0.0044 -0.0116 0.6022 0.7734 -0.1978 0.2989 0.5844
0.0072 -0.0043 -0.0083 0.6022 0.7734 -0.1978 0.3142 0.5796
0.0063 -0.0044 -0.0116 0.6022 0.7734 -0.1978 0.2989 0.5844
0.0081 -0.0054 -0.0100 0.6022 0.7734 -0.1978 0.3102 0.5891
0.0063 -0.0044 -0.0116 0.2647 0.1278 -0.9558 0.2974 0.5844
0.0039 -0.0051 -0.0123 0.2647 0.1278 -0.9558 0.2860 0.5891
0.0063 -0.0044 -0.0116 0.2647 0.1278 -0.9558 0.2974 0.5844
0.0081 -0.0054 -0.0100 0.6868 0.0991 -0.7201 0.3102 0.5891
0.0063 -0.0044 -0.0116 0.6868 0.0991 -0.7201 0.2989 0.5844
0.0063 -0.0064 -0.0118 0.6868 0.0991 -0.7201 0.2981 0.5938
0.0081 -0.0054 -0.0100 0.6868 0.0991 -0.7201 0.3102 0.5891
0.0063 -0.0064 -0.0118 0.6868 0.0991 -0.7201 0.2981 0.5938
0.0025 -0.0093 -0.0103 -0.0754 -0.8794 -0.4701 0.2860 0.6155
0.0043 -0.0103 -0.0087 -0.0754 -0.8794 -0.4701 0.2974 0.6202
0.0025 -0.0093 -0.0103 -0.0754 -0.8794 -0.4701 0.2860 0.6155
0.0083 -0.0075 -0.0085 0.8856 -0.2163 -0.4109 0.3160 0.6015
0.0081 -0.0054 -0.0100 0.8856 -0.2163 -0.4109 0.3113 0.5902
0.0072 -0.0069 -0.0110 0.8856 -0.2163 -0.4109 0.3041 0.5963
0.0083 -0.0075 -0.0085 0.8856 -0.2163 -0.4109 0.3160 0.6015
0.0072 -0.0069 -0.0110 0.8856 -0.2163 -0.4109 0.3041 0.5963
0.0023 -0.0071 -0.0118 -0.2743 -0.5641 -0.7788 0.2802 0.6031
0.0025 -0.0093 -0.0103 -0.2743 -0.5641 -0.7788 0.2849 0.6144
0.0043 -0.0090 -0.0112 -0.2743 -0.5641 -0.7788 0.2922 0.6083
0.0023 -0.0071 -0.0118 -0.2743 -0.5641 -0.7788 0.2802 0.6031
0.0043 -0.0090 -0.0112 -0.2743 -0.5641 -0.7788 0.2922 0.6083
0.0067 -0.0096 -0.0080 0.7448 -0.6335 -0.2097 0.3113 0.6144
0.0083 -0.0075 -0.0085 0.7448 -0.6335 -0.2097 0.3160 0.6031
0.0073 -0.0080 -0.0102 0.7448 -0.6335 -0.2097 0.3066 0.6023
0.0067 -0.0096 -0.0080 0.7448 -0.6335 -0.2097 0.3113 0.6144
0.0073 -0.0080 -0.0102 0.7448 -0.6335 -0.2097 0.3066 0.6023
0.0039 -0.0051 -0.0123 -0.1334 -0.1467 -0.9801 0.2849 0.5902
0.0023 -0.0071 -0.0118 -0.1334 -0.1467 -0.9801 0.2802 0.6015
0.0042 -0.0078 -0.0120 -0.1334 -0.1467 -0.9801 0.2897 0.6023
0.0039 -0.0051 -0.0123 -0.1334 -0.1467 -0.9801 0.2849 0.5902
0.0042 -0.0078 -0.0120 -0.1334 -0.1467 -0.9801 0.2897 0.6023
0.0050 -0.0068 -0.0122 -0.1334 -0.1467 -0.9801 0.2922 0.5963
0.0043 -0.0103 -0.0087 0.3468 -0.9082 -0.2341 0.2989 0.6202
0.0067 -0.0096 -0.0080 0.3468 -0.9082 -0.2341 0.3102 0.6155
0.0065 -0.0091 -0.0099 0.3468 -0.9082 -0.2341 0.3041 0.6083
0.0043 -0.0103 -0.0087 0.3468 -0.9082 -0.2341 0.2989 0.6202
0.0065 -0.0091 -0.0099 0.3468 -0.9082 -0.2341 0.3041 0.6083
0.0052 -0.0095 -0.0103 0.3468 -0.9082 -0.2341 0.2981 0.6107
0.0043 -0.0090 -0.0112 0.3948 -0.5038 -0.7683 0.2922 0.6083
0.0052 -0.0095 -0.0103 0.3948 -0.5038 -0.7683 0.2981 0.6107
0.0065 -0.0091 -0.0099 0.3948 -0.5038 -0.7683 0.3041 0.6083
0.0065 -0.0091 -0.0099 0.3948 -0.5038 -0.7683 0.3041 0.6083
0.0073 -0.0080 -0.0102 0.3948 -0.5038 -0.7683 0.3066 0.6023
0.0072 -0.0069 -0.0110 0.3948 -0.5038 -0.7683 0.3041 0.5963
0.0072 -0.0069 -0.0110 0.3948 -0.5038 -0.7683 0.3041 0.5963
0.0063 -0.0064 -0.0118 0.3948 -0.5038 -0.7683 0.2981 0.5938
0.0050 -0.0068 -0.0122 0.3948 -0.5038 -0.7683 0.2922 0.5963
0.0050 -0.0068 -0.0122 0.3948 -0.5038 -0.7683 0.2922 0.5963
0.0042 -0.0078 -0.0120 0.3948 -0.5038 -0.7683 0.2897 0.6023
0.0043 -0.0090 -0.0112 0.3948 -0.5038 -0.7683 0.2922 0.6083
0.0043 -0.0090 -0.0112 0.3948 -0.5038 -0.7683 0.2922 0.6083
0.0065 -0.0091 -0.0099 0.3948 -0.5038 -0.7683 0.3041 0.6083
0.0072 -0.0069 -0.0110 0.3948 -0.5038 -0.7683 0.3041 0.5963
0.0072 -0.0069 -0.0110 0.3948 -0.5038 -0.7683 0.3041 0.5963
0.0050 -0.0068 -0.0122 0.3948 -0.5038 -0.7683 0.2922 0.5963
0.0043 -0.0090 -0.0112 0.3948 -0.5038 -0.7683 0.2922 0.6083
6 28 4
6 29 28
1 5 0
1 25 5
7 33 32
7 30 34
35 27 3
36 37 27
38 31 8
39 40 31
41 43 42
44 46 45
47 26 2
48 49 26
50 52 51
53 55 54
56 9 57
58 16 9
59 14 60
61 13 14
62 12 63
64 11 12
65 10 66
67 68 10
69 71 70
72 15 73
74 76 75
77 79 78
80 82 81
83 85 84
86 88 87
89 91 90
92 22 93
94 21 22
95 97 96
98 20 99
100 17 101
102 24 17
103 105 104
106 19 107
108 110 109
111 23 112
113 115 114
116 18 117
118 120 119
121 123 122
124 126 125
127 129 128
130 132 131
133 135 134
136 138 137
139 141 140
142 144 143
145 147 146
LABEL swMainPower
MATERIAL 2
TEXTURE 2
FLAG 0
GEOM 148 54
-0.0070 -0.0055 -0.0176 0.4104 -0.9116 0.0225 0.2044 0.6223
-0.0035 -0.0039 -0.0189 0.4104 -0.9116 0.0225 0.2063 0.6118
-0.0020 -0.0001 -0.0195 0.9068 0.3790 -0.1844 0.2100 0.6018
-0.0035 0.0036 -0.0189 0.4067 0.9135 0.0102 0.2162 0.5912
-0.0070 0.0052 -0.0176 -0.2957 0.9105 0.2892 0.2235 0.5822
0.0000 -0.0019 0.0000 0.4104 -0.9116 0.0225 0.2638 0.6254
-0.0106 0.0036 -0.0163 -0.2957 0.9105 0.2892 0.2322 0.5745
-0.0120 -0.0001 -0.0158 -0.7875 0.3759 0.4885 0.2431 0.5685
-0.0106 -0.0039 -0.0163 -0.2905 -0.9084 0.3008 0.2543 0.5647
-0.0082 -0.0055 -0.0208 -0.3593 -0.9239 0.1316 0.2972 0.6179
-0.0046 -0.0039 -0.0221 0.3593 -0.9239 -0.1316 0.3100 0.6132
-0.0032 -0.0001 -0.0227 0.8675 0.3827 -0.3177 0.3158 0.5993
-0.0046 0.0036 -0.0221 0.8675 0.3827 -0.3177 0.3111 0.5879
-0.0082 0.0052 -0.0208 -0.3593 0.9239 0.1316 0.2972 0.5821
-0.0117 0.0036 -0.0195 -0.3593 0.9239 0.1316 0.2858 0.5868
-0.0132 -0.0001 -0.0190 -0.8675 -0.3827 0.3177 0.2800 0.6008
-0.0117 -0.0039 -0.0195 -0.3593 -0.9239 0.1316 0.2858 0.6132
-0.0088 -0.0030 -0.0226 -0.4937 -0.5845 -0.6440 0.2979 0.6085
-0.0070 -0.0021 -0.0233 0.2824 -0.2421 -0.9282 0.3039 0.6060
-0.0062 -0.0001 -0.0236 0.2824 0.2421 -0.9282 0.3064 0.6000
-0.0070 0.0019 -0.0233 -0.0390 0.5845 -0.8105 0.3039 0.5941
-0.0088 0.0027 -0.0226 -0.4937 0.5845 -0.6440 0.2979 0.5916
-0.0107 0.0019 -0.0219 -0.4937 0.5845 -0.6440 0.2920 0.5941
-0.0115 -0.0001 -0.0216 -0.8152 -0.2421 -0.5262 0.2895 0.6000
-0.0107 -0.0021 -0.0219 -0.4937 -0.5845 -0.6440 0.2920 0.6060
0.0012 -0.0013 -0.0005 0.4104 -0.9116 0.0225 0.2641 0.6249
0.0018 0.0000 -0.0006 0.9068 0.3790 -0.1844 0.2645 0.6244
0.0012 0.0013 -0.0005 0.4067 0.9135 0.0102 0.2648 0.6239
0.0000 0.0019 0.0000 -0.2957 0.9105 0.2892 0.2652 0.6234
-0.0012 0.0013 0.0005 -0.2957 0.9105 0.2892 0.2655 0.6228
-0.0018 0.0000 0.0006 -0.7875 0.3759 0.4885 0.2659 0.6223
-0.0012 -0.0013 0.0005 -0.2905 -0.9084 0.3008 0.2662 0.6218
-0.0106 0.0036 -0.0163 -0.7875 0.3759 0.4885 0.2322 0.5745
-0.0012 0.0013 0.0005 -0.7875 0.3759 0.4885 0.2655 0.6228
-0.0012 0.0013 0.0005 -0.7875 0.3759 0.4885 0.2655 0.6228
-0.0070 0.0052 -0.0176 0.4067 0.9135 0.0102 0.2235 0.5822
-0.0070 0.0052 -0.0176 0.4067 0.9135 0.0102 0.2235 0.5822
0.0000 0.0019 0.0000 0.4067 0.9135 0.0102 0.2652 0.6234
-0.0070 -0.0055 -0.0176 -0.2905 -0.9084 0.3008 0.2661 0.5633
-0.0070 -0.0055 -0.0176 -0.2905 -0.9084 0.3008 0.2661 0.5633
0.0000 -0.0019 0.0000 -0.2905 -0.9084 0.3008 0.2665 0.6214
-0.0106 -0.0039 -0.0163 -0.7848 -0.3755 0.4931 0.2543 0.5647
-0.0120 -0.0001 -0.0158 -0.7848 -0.3755 0.4931 0.2431 0.5685
-0.0018 0.0000 0.0006 -0.7848 -0.3755 0.4931 0.2659 0.6223
-0.0106 -0.0039 -0.0163 -0.7848 -0.3755 0.4931 0.2543 0.5647
-0.0018 0.0000 0.0006 -0.7848 -0.3755 0.4931 0.2659 0.6223
-0.0012 -0.0013 0.0005 -0.7848 -0.3755 0.4931 0.2662 0.6218
-0.0035 0.0036 -0.0189 0.9068 0.3790 -0.1844 0.2162 0.5912
-0.0035 0.0036 -0.0189 0.9068 0.3790 -0.1844 0.2162 0.5912
0.0012 0.0013 -0.0005 0.9068 0.3790 -0.1844 0.2648 0.6239
-0.0020 -0.0001 -0.0195 0.9080 -0.3787 -0.1791 0.2100 0.6018
-0.0035 -0.0039 -0.0189 0.9080 -0.3787 -0.1791 0.2063 0.6118
0.0012 -0.0013 -0.0005 0.9080 -0.3787 -0.1791 0.2641 0.6249
-0.0020 -0.0001 -0.0195 0.9080 -0.3787 -0.1791 0.2100 0.6018
0.0012 -0.0013 -0.0005 0.9080 -0.3787 -0.1791 0.2641 0.6249
0.0018 0.0000 -0.0006 0.9080 -0.3787 -0.1791 0.2645 0.6244
-0.0106 -0.0039 -0.0163 -0.3593 -0.9239 0.1316 0.2819 0.6227
-0.0070 -0.0055 -0.0176 -0.3593 -0.9239 0.1316 0.2932 0.6274
-0.0106 -0.0039 -0.0163 -0.3593 -0.9239 0.1316 0.2819 0.6227
-0.0070 0.0052 -0.0176 -0.3593 0.9239 0.1316 0.2932 0.5727
-0.0106 0.0036 -0.0163 -0.3593 0.9239 0.1316 0.2819 0.5774
-0.0070 0.0052 -0.0176 -0.3593 0.9239 0.1316 0.2932 0.5727
-0.0020 -0.0001 -0.0195 0.8675 0.3827 -0.3177 0.3253 0.5954
-0.0035 0.0036 -0.0189 0.8675 0.3827 -0.3177 0.3206 0.5840
-0.0020 -0.0001 -0.0195 0.8675 0.3827 -0.3177 0.3253 0.5954
-0.0070 -0.0055 -0.0176 0.3593 -0.9239 -0.1316 0.3026 0.6274
-0.0035 -0.0039 -0.0189 0.3593 -0.9239 -0.1316 0.3139 0.6227
-0.0070 -0.0055 -0.0176 0.3593 -0.9239 -0.1316 0.3026 0.6274
-0.0082 -0.0055 -0.0208 0.3593 -0.9239 -0.1316 0.2987 0.6179
-0.0120 -0.0001 -0.0158 -0.8675 -0.3827 0.3177 0.2706 0.6047
-0.0106 -0.0039 -0.0163 -0.8675 -0.3827 0.3177 0.2753 0.6161
-0.0117 -0.0039 -0.0195 -0.8675 -0.3827 0.3177 0.2847 0.6121
-0.0120 -0.0001 -0.0158 -0.8675 -0.3827 0.3177 0.2706 0.6047
-0.0117 -0.0039 -0.0195 -0.8675 -0.3827 0.3177 0.2847 0.6121
-0.0035 -0.0039 -0.0189 0.8675 -0.3827 -0.3177 0.3206 0.6161
-0.0020 -0.0001 -0.0195 0.8675 -0.3827 -0.3177 0.3253 0.6047
-0.0032 -0.0001 -0.0227 0.8675 -0.3827 -0.3177 0.3158 0.6008
-0.0035 -0.0039 -0.0189 0.8675 -0.3827 -0.3177 0.3206 0.6161
-0.0032 -0.0001 -0.0227 0.8675 -0.3827 -0.3177 0.3158 0.6008
-0.0046 -0.0039 -0.0221 0.8675 -0.3827 -0.3177 0.3111 0.6121
-0.0106 0.0036 -0.0163 -0.8675 0.3827 0.3177 0.2753 0.5840
-0.0120 -0.0001 -0.0158 -0.8675 0.3827 0.3177 0.2706 0.5954
-0.0132 -0.0001 -0.0190 -0.8675 0.3827 0.3177 0.2800 0.5993
-0.0106 0.0036 -0.0163 -0.8675 0.3827 0.3177 0.2753 0.5840
-0.0132 -0.0001 -0.0190 -0.8675 0.3827 0.3177 0.2800 0.5993
-0.0117 0.0036 -0.0195 -0.8675 0.3827 0.3177 0.2847 0.5879
-0.0035 0.0036 -0.0189 0.3593 0.9239 -0.1316 0.3139 0.5774
-0.0070 0.0052 -0.0176 0.3593 0.9239 -0.1316 0.3026 0.5727
-0.0082 0.0052 -0.0208 0.3593 0.9239 -0.1316 0.2987 0.5821
-0.0035 0.0036 -0.0189 0.3593 0.9239 -0.1316 0.3139 0.5774
-0.0082 0.0052 -0.0208 0.3593 0.9239 -0.1316 0.2987 0.5821
-0.0046 0.0036 -0.0221 0.3593 0.9239 -0.1316 0.3100 0.5868
-0.0082 0.0052 -0.0208 -0.4937 0.5845 -0.6440 0.2972 0.5821
-0.0117 0.0036 -0.0195 -0.4937 0.5845 -0.6440 0.2858 0.5868
-0.0082 0.0052 -0.0208 -0.4937 0.5845 -0.6440 0.2972 0.5821
-0.0046 0.0036 -0.0221 -0.0390 0.5845 -0.8105 0.3100 0.5868
-0.0082 0.0052 -0.0208 -0.0390 0.5845 -0.8105 0.2987 0.5821
-0.0088 0.0027 -0.0226 -0.0390 0.5845 -0.8105 0.2979 0.5916
-0.0046 0.0036 -0.0221 -0.0390 0.5845 -0.8105 0.3100 0.5868
-0.0088 0.0027 -0.0226 -0.0390 0.5845 -0.8105 0.2979 0.5916
-0.0117 -0.0039 -0.0195 -0.4937 -0.5845 -0.6440 0.2858 0.6132
-0.0082 -0.0055 -0.0208 -0.4937 -0.5845 -0.6440 0.2972 0.6179
-0.0117 -0.0039 -0.0195 -0.4937 -0.5845 -0.6440 0.2858 0.6132
-0.0032 -0.0001 -0.0227 0.2824 0.2421 -0.9282 0.3158 0.5993
-0.0046 0.0036 -0.0221 0.2824 0.2421 -0.9282 0.3111 0.5879
-0.0070 0.0019 -0.0233 0.2824 0.2421 -0.9282 0.3039 0.5941
-0.0032 -0.0001 -0.0227 0.2824 0.2421 -0.9282 0.3158 0.5993
-0.0070 0.0019 -0.0233 0.2824 0.2421 -0.9282 0.3039 0.5941
-0.0132 -0.0001 -0.0190 -0.8152 -0.2421 -0.5262 0.2800 0.6008
-0.0117 -0.0039 -0.0195 -0.8152 -0.2421 -0.5262 0.2847 0.6121
-0.0107 -0.0021 -0.0219 -0.8152 -0.2421 -0.5262 0.2920 0.6060
-0.0132 -0.0001 -0.0190 -0.8152 -0.2421 -0.5262 0.2800 0.6008
-0.0107 -0.0021 -0.0219 -0.8152 -0.2421 -0.5262 0.2920 0.6060
-0.0046 -0.0039 -0.0221 0.2824 -0.2421 -0.9282 0.3111 0.6121
-0.0032 -0.0001 -0.0227 0.2824 -0.2421 -0.9282 0.3158 0.6008
-0.0062 -0.0001 -0.0236 0.2824 -0.2421 -0.9282 0.3064 0.6000
-0.0046 -0.0039 -0.0221 0.2824 -0.2421 -0.9282 0.3111 0.6121
-0.0062 -0.0001 -0.0236 0.2824 -0.2421 -0.9282 0.3064 0.6000
-0.0117 0.0036 -0.0195 -0.8152 0.2421 -0.5262 0.2847 0.5879
-0.0132 -0.0001 -0.0190 -0.8152 0.2421 -0.5262 0.2800 0.5993
-0.0115 -0.0001 -0.0216 -0.8152 0.2421 -0.5262 0.2895 0.6000
-0.0117 0.0036 -0.0195 -0.8152 0.2421 -0.5262 0.2847 0.5879
-0.0115 -0.0001 -0.0216 -0.8152 0.2421 -0.5262 0.2895 0.6000
-0.0107 0.0019 -0.0219 -0.8152 0.2421 -0.5262 0.2920 0.5941
-0.0082 -0.0055 -0.0208 -0.0390 -0.5845 -0.8105 0.2987 0.6179
-0.0046 -0.0039 -0.0221 -0.0390 -0.5845 -0.8105 0.3100 0.6132
-0.0070 -0.0021 -0.0233 -0.0390 -0.5845 -0.8105 0.3039 0.6060
-0.0082 -0.0055 -0.0208 -0.0390 -0.5845 -0.8105 0.2987 0.6179
-0.0070 -0.0021 -0.0233 -0.0390 -0.5845 -0.8105 0.3039 0.6060
-0.0088 -0.0030 -0.0226 -0.0390 -0.5845 -0.8105 0.2979 0.6085
-0.0107 -0.0021 -0.0219 -0.3439 0.0000 -0.9390 0.2920 0.6060
-0.0088 -0.0030 -0.0226 -0.3439 0.0000 -0.9390 0.2979 0.6085
-0.0070 -0.0021 -0.0233 -0.3439 0.0000 -0.9390 0.3039 0.6060
-0.0070 -0.0021 -0.0233 -0.3439 0.0000 -0.9390 0.3039 0.6060
-0.0062 -0.0001 -0.0236 -0.3439 0.0000 -0.9390 0.3064 0.6000
-0.0070 0.0019 -0.0233 -0.3439 0.0000 -0.9390 0.3039 0.5941
-0.0070 0.0019 -0.0233 -0.3439 0.0000 -0.9390 0.3039 0.5941
-0.0088 0.0027 -0.0226 -0.3439 0.0000 -0.9390 0.2979 0.5916
-0.0107 0.0019 -0.0219 -0.3439 0.0000 -0.9390 0.2920 0.5941
-0.0107 0.0019 -0.0219 -0.3439 0.0000 -0.9390 0.2920 0.5941
-0.0115 -0.0001 -0.0216 -0.3439 0.0000 -0.9390 0.2895 0.6000
-0.0107 -0.0021 -0.0219 -0.3439 0.0000 -0.9390 0.2920 0.6060
-0.0107 -0.0021 -0.0219 -0.3439 0.0000 -0.9390 0.2920 0.6060
-0.0070 -0.0021 -0.0233 -0.3439 0.0000 -0.9390 0.3039 0.6060
-0.0070 0.0019 -0.0233 -0.3439 0.0000 -0.9390 0.3039 0.5941
-0.0070 0.0019 -0.0233 -0.3439 0.0000 -0.9390 0.3039 0.5941
-0.0107 0.0019 -0.0219 -0.3439 0.0000 -0.9390 0.2920 0.5941
-0.0107 -0.0021 -0.0219 -0.3439 0.0000 -0.9390 0.2920 0.6060
6 28 4
6 29 28
1 5 0
1 25 5
7 33 32
7 30 34
35 27 3
36 37 27
38 31 8
39 40 31
41 43 42
44 46 45
47 26 2
48 49 26
50 52 51
53 55 54
56 9 57
58 16 9
59 14 60
61 13 14
62 12 63
64 11 12
65 10 66
67 68 10
69 71 70
72 15 73
74 76 75
77 79 78
80 82 81
83 85 84
86 88 87
89 91 90
92 22 93
94 21 22
95 97 96
98 20 99
100 17 101
102 24 17
103 105 104
106 19 107
108 110 109
111 23 112
113 115 114
116 18 117
118 120 119
121 123 122
124 126 125
127 129 128
130 132 131
133 135 134
136 138 137
139 141 140
142 144 143
145 147 146
LABEL swRetroDoors
MATERIAL 2
TEXTURE 2
FLAG 0
GEOM 148 54
-0.0063 -0.0054 -0.0151 0.4104 -0.9116 0.0225 0.2030 0.6222
-0.0028 -0.0039 -0.0164 0.4104 -0.9116 0.0225 0.2049 0.6117
-0.0013 -0.0001 -0.0169 0.9068 0.3790 -0.1844 0.2087 0.6017
-0.0028 0.0037 -0.0164 0.4067 0.9135 0.0102 0.2149 0.5911
-0.0063 0.0052 -0.0151 -0.2957 0.9105 0.2892 0.2222 0.5821
0.0007 -0.0018 0.0026 0.4104 -0.9116 0.0225 0.2624 0.6253
-0.0099 0.0037 -0.0138 -0.2957 0.9105 0.2892 0.2309 0.5744
-0.0113 -0.0001 -0.0132 -0.7875 0.3759 0.4885 0.2417 0.5684
-0.0099 -0.0039 -0.0138 -0.2905 -0.9084 0.3008 0.2530 0.5646
-0.0075 -0.0054 -0.0183 -0.3593 -0.9239 0.1316 0.2958 0.6178
-0.0040 -0.0039 -0.0196 0.3593 -0.9239 -0.1316 0.3087 0.6132
-0.0025 -0.0001 -0.0201 0.8675 0.3827 -0.3177 0.3145 0.5992
-0.0040 0.0037 -0.0196 0.8675 0.3827 -0.3177 0.3098 0.5879
-0.0075 0.0052 -0.0183 -0.3593 0.9239 0.1316 0.2958 0.5821
-0.0110 0.0037 -0.0170 -0.3593 0.9239 0.1316 0.2845 0.5867
-0.0125 -0.0001 -0.0164 -0.8675 -0.3827 0.3177 0.2787 0.6007
-0.0110 -0.0039 -0.0170 -0.3593 -0.9239 0.1316 0.2845 0.6132
-0.0082 -0.0029 -0.0200 -0.4937 -0.5845 -0.6440 0.2966 0.6084
-0.0063 -0.0021 -0.0207 0.2824 -0.2421 -0.9282 0.3026 0.6059
-0.0055 -0.0001 -0.0210 0.2824 0.2421 -0.9282 0.3050 0.6000
-0.0063 0.0019 -0.0207 -0.0390 0.5845 -0.8105 0.3026 0.5940
-0.0082 0.0027 -0.0200 -0.4937 0.5845 -0.6440 0.2966 0.5915
-0.0100 0.0019 -0.0194 -0.4937 0.5845 -0.6440 0.2906 0.5940
-0.0108 -0.0001 -0.0191 -0.8152 -0.2421 -0.5262 0.2881 0.6000
-0.0100 -0.0021 -0.0194 -0.4937 -0.5845 -0.6440 0.2906 0.6059
0.0019 -0.0013 0.0021 0.4104 -0.9116 0.0225 0.2628 0.6248
0.0024 0.0000 0.0019 0.9068 0.3790 -0.1844 0.2631 0.6243
0.0019 0.0014 0.0021 0.4067 0.9135 0.0102 0.2635 0.6238
0.0007 0.0019 0.0026 -0.2957 0.9105 0.2892 0.2638 0.6233
-0.0006 0.0014 0.0030 -0.2957 0.9105 0.2892 0.2642 0.6227
-0.0011 0.0000 0.0032 -0.7875 0.3759 0.4885 0.2645 0.6222
-0.0006 -0.0013 0.0030 -0.2905 -0.9084 0.3008 0.2649 0.6217
-0.0099 0.0037 -0.0138 -0.7875 0.3759 0.4885 0.2309 0.5744
-0.0006 0.0014 0.0030 -0.7875 0.3759 0.4885 0.2642 0.6227
-0.0006 0.0014 0.0030 -0.7875 0.3759 0.4885 0.2642 0.6227
-0.0063 0.0052 -0.0151 0.4067 0.9135 0.0102 0.2222 0.5821
-0.0063 0.0052 -0.0151 0.4067 0.9135 0.0102 0.2222 0.5821
0.0007 0.0019 0.0026 0.4067 0.9135 0.0102 0.2638 0.6233
-0.0063 -0.0054 -0.0151 -0.2905 -0.9084 0.3008 0.2648 0.5632
-0.0063 -0.0054 -0.0151 -0.2905 -0.9084 0.3008 0.2648 0.5632
0.0007 -0.0018 0.0026 -0.2905 -0.9084 0.3008 0.2652 0.6213
-0.0099 -0.0039 -0.0138 -0.7848 -0.3755 0.4931 0.2530 0.5646
-0.0113 -0.0001 -0.0132 -0.7848 -0.3755 0.4931 0.2417 0.5684
-0.0011 0.0000 0.0032 -0.7848 -0.3755 0.4931 0.2645 0.6222
-0.0099 -0.0039 -0.0138 -0.7848 -0.3755 0.4931 0.2530 0.5646
-0.0011 0.0000 0.0032 -0.7848 -0.3755 0.4931 0.2645 0.6222
-0.0006 -0.0013 0.0030 -0.7848 -0.3755 0.4931 0.2649 0.6217
-0.0028 0.0037 -0.0164 0.9068 0.3790 -0.1844 0.2149 0.5911
-0.0028 0.0037 -0.0164 0.9068 0.3790 -0.1844 0.2149 0.5911
0.0019 0.0014 0.0021 0.9068 0.3790 -0.1844 0.2635 0.6238
-0.0013 -0.0001 -0.0169 0.9080 -0.3787 -0.1791 0.2087 0.6017
-0.0028 -0.0039 -0.0164 0.9080 -0.3787 -0.1791 0.2049 0.6117
0.0019 -0.0013 0.0021 0.9080 -0.3787 -0.1791 0.2628 0.6248
-0.0013 -0.0001 -0.0169 0.9080 -0.3787 -0.1791 0.2087 0.6017
0.0019 -0.0013 0.0021 0.9080 -0.3787 -0.1791 0.2628 0.6248
0.0024 0.0000 0.0019 0.9080 -0.3787 -0.1791 0.2631 0.6243
-0.0099 -0.0039 -0.0138 -0.3593 -0.9239 0.1316 0.2806 0.6226
-0.0063 -0.0054 -0.0151 -0.3593 -0.9239 0.1316 0.2919 0.6273
-0.0099 -0.0039 -0.0138 -0.3593 -0.9239 0.1316 0.2806 0.6226
-0.0063 0.0052 -0.0151 -0.3593 0.9239 0.1316 0.2919 0.5726
-0.0099 0.0037 -0.0138 -0.3593 0.9239 0.1316 0.2806 0.5773
-0.0063 0.0052 -0.0151 -0.3593 0.9239 0.1316 0.2919 0.5726
-0.0013 -0.0001 -0.0169 0.8675 0.3827 -0.3177 0.3239 0.5953
-0.0028 0.0037 -0.0164 0.8675 0.3827 -0.3177 0.3192 0.5839
-0.0013 -0.0001 -0.0169 0.8675 0.3827 -0.3177 0.3239 0.5953
-0.0063 -0.0054 -0.0151 0.3593 -0.9239 -0.1316 0.3013 0.6273
-0.0028 -0.0039 -0.0164 0.3593 -0.9239 -0.1316 0.3126 0.6226
-0.0063 -0.0054 -0.0151 0.3593 -0.9239 -0.1316 0.3013 0.6273
-0.0075 -0.0054 -0.0183 0.3593 -0.9239 -0.1316 0.2974 0.6178
-0.0113 -0.0001 -0.0132 -0.8675 -0.3827 0.3177 0.2692 0.6046
-0.0099 -0.0039 -0.0138 -0.8675 -0.3827 0.3177 0.2739 0.6160
-0.0110 -0.0039 -0.0170 -0.8675 -0.3827 0.3177 0.2834 0.6121
-0.0113 -0.0001 -0.0132 -0.8675 -0.3827 0.3177 0.2692 0.6046
-0.0110 -0.0039 -0.0170 -0.8675 -0.3827 0.3177 0.2834 0.6121
-0.0028 -0.0039 -0.0164 0.8675 -0.3827 -0.3177 0.3192 0.6160
-0.0013 -0.0001 -0.0169 0.8675 -0.3827 -0.3177 0.3239 0.6046
-0.0025 -0.0001 -0.0201 0.8675 -0.3827 -0.3177 0.3145 0.6007
-0.0028 -0.0039 -0.0164 0.8675 -0.3827 -0.3177 0.3192 0.6160
-0.0025 -0.0001 -0.0201 0.8675 -0.3827 -0.3177 0.3145 0.6007
-0.0040 -0.0039 -0.0196 0.8675 -0.3827 -0.3177 0.3098 0.6121
-0.0099 0.0037 -0.0138 -0.8675 0.3827 0.3177 0.2739 0.5839
-0.0113 -0.0001 -0.0132 -0.8675 0.3827 0.3177 0.2692 0.5953
-0.0125 -0.0001 -0.0164 -0.8675 0.3827 0.3177 0.2787 0.5992
-0.0099 0.0037 -0.0138 -0.8675 0.3827 0.3177 0.2739 0.5839
-0.0125 -0.0001 -0.0164 -0.8675 0.3827 0.3177 0.2787 0.5992
-0.0110 0.0037 -0.0170 -0.8675 0.3827 0.3177 0.2834 0.5879
-0.0028 0.0037 -0.0164 0.3593 0.9239 -0.1316 0.3126 0.5773
-0.0063 0.0052 -0.0151 0.3593 0.9239 -0.1316 0.3013 0.5726
-0.0075 0.0052 -0.0183 0.3593 0.9239 -0.1316 0.2974 0.5821
-0.0028 0.0037 -0.0164 0.3593 0.9239 -0.1316 0.3126 0.5773
-0.0075 0.0052 -0.0183 0.3593 0.9239 -0.1316 0.2974 0.5821
-0.0040 0.0037 -0.0196 0.3593 0.9239 -0.1316 0.3087 0.5867
-0.0075 0.0052 -0.0183 -0.4937 0.5845 -0.6440 0.2958 0.5821
-0.0110 0.0037 -0.0170 -0.4937 0.5845 -0.6440 0.2845 0.5867
-0.0075 0.0052 -0.0183 -0.4937 0.5845 -0.6440 0.2958 0.5821
-0.0040 0.0037 -0.0196 -0.0390 0.5845 -0.8105 0.3087 0.5867
-0.0075 0.0052 -0.0183 -0.0390 0.5845 -0.8105 0.2974 0.5821
-0.0082 0.0027 -0.0200 -0.0390 0.5845 -0.8105 0.2966 0.5915
-0.0040 0.0037 -0.0196 -0.0390 0.5845 -0.8105 0.3087 0.5867
-0.0082 0.0027 -0.0200 -0.0390 0.5845 -0.8105 0.2966 0.5915
-0.0110 -0.0039 -0.0170 -0.4937 -0.5845 -0.6440 0.2845 0.6132
-0.0075 -0.0054 -0.0183 -0.4937 -0.5845 -0.6440 0.2958 0.6178
-0.0110 -0.0039 -0.0170 -0.4937 -0.5845 -0.6440 0.2845 0.6132
-0.0025 -0.0001 -0.0201 0.2824 0.2421 -0.9282 0.3145 0.5992
-0.0040 0.0037 -0.0196 0.2824 0.2421 -0.9282 0.3098 0.5879
-0.0063 0.0019 -0.0207 0.2824 0.2421 -0.9282 0.3026 0.5940
-0.0025 -0.0001 -0.0201 0.2824 0.2421 -0.9282 0.3145 0.5992
-0.0063 0.0019 -0.0207 0.2824 0.2421 -0.9282 0.3026 0.5940
-0.0125 -0.0001 -0.0164 -0.8152 -0.2421 -0.5262 0.2787 0.6007
-0.0110 -0.0039 -0.0170 -0.8152 -0.2421 -0.5262 0.2834 0.6121
-0.0100 -0.0021 -0.0194 -0.8152 -0.2421 -0.5262 0.2906 0.6059
-0.0125 -0.0001 -0.0164 -0.8152 -0.2421 -0.5262 0.2787 0.6007
-0.0100 -0.0021 -0.0194 -0.8152 -0.2421 -0.5262 0.2906 0.6059
-0.0040 -0.0039 -0.0196 0.2824 -0.2421 -0.9282 0.3098 0.6121
-0.0025 -0.0001 -0.0201 0.2824 -0.2421 -0.9282 0.3145 0.6007
-0.0055 -0.0001 -0.0210 0.2824 -0.2421 -0.9282 0.3050 0.6000
-0.0040 -0.0039 -0.0196 0.2824 -0.2421 -0.9282 0.3098 0.6121
-0.0055 -0.0001 -0.0210 0.2824 -0.2421 -0.9282 0.3050 0.6000
-0.0110 0.0037 -0.0170 -0.8152 0.2421 -0.5262 0.2834 0.5879
-0.0125 -0.0001 -0.0164 -0.8152 0.2421 -0.5262 0.2787 0.5992
-0.0108 -0.0001 -0.0191 -0.8152 0.2421 -0.5262 0.2881 0.6000
-0.0110 0.0037 -0.0170 -0.8152 0.2421 -0.5262 0.2834 0.5879
-0.0108 -0.0001 -0.0191 -0.8152 0.2421 -0.5262 0.2881 0.6000
-0.0100 0.0019 -0.0194 -0.8152 0.2421 -0.5262 0.2906 0.5940
-0.0075 -0.0054 -0.0183 -0.0390 -0.5845 -0.8105 0.2974 0.6178
-0.0040 -0.0039 -0.0196 -0.0390 -0.5845 -0.8105 0.3087 0.6132
-0.0063 -0.0021 -0.0207 -0.0390 -0.5845 -0.8105 0.3026 0.6059
-0.0075 -0.0054 -0.0183 -0.0390 -0.5845 -0.8105 0.2974 0.6178
-0.0063 -0.0021 -0.0207 -0.0390 -0.5845 -0.8105 0.3026 0.6059
-0.0082 -0.0029 -0.0200 -0.0390 -0.5845 -0.8105 0.2966 0.6084
-0.0100 -0.0021 -0.0194 -0.3439 -0.0000 -0.9390 0.2906 0.6059
-0.0082 -0.0029 -0.0200 -0.3439 -0.0000 -0.9390 0.2966 0.6084
-0.0063 -0.0021 -0.0207 -0.3439 -0.0000 -0.9390 0.3026 0.6059
-0.0063 -0.0021 -0.0207 -0.3439 -0.0000 -0.9390 0.3026 0.6059
-0.0055 -0.0001 -0.0210 -0.3439 -0.0000 -0.9390 0.3050 0.6000
-0.0063 0.0019 -0.0207 -0.3439 -0.0000 -0.9390 0.3026 0.5940
-0.0063 0.0019 -0.0207 -0.3439 -0.0000 -0.9390 0.3026 0.5940
-0.0082 0.0027 -0.0200 -0.3439 -0.0000 -0.9390 0.2966 0.5915
-0.0100 0.0019 -0.0194 -0.3439 -0.0000 -0.9390 0.2906 0.5940
-0.0100 0.0019 -0.0194 -0.3439 -0.0000 -0.9390 0.2906 0.5940
-0.0108 -0.0001 -0.0191 -0.3439 -0.0000 -0.9390 0.2881 0.6000
-0.0100 -0.0021 -0.0194 -0.3439 -0.0000 -0.9390 0.2906 0.6059
-0.0100 -0.0021 -0.0194 -0.3439 -0.0000 -0.9390 0.2906 0.6059
-0.0063 -0.0021 -0.0207 -0.3439 -0.0000 -0.9390 0.3026 0.6059
-0.0063 0.0019 -0.0207 -0.3439 -0.0000 -0.9390 0.3026 0.5940
-0.0063 0.0019 -0.0207 -0.3439 -0.0000 -0.9390 0.3026 0.5940
-0.0100 0.0019 -0.0194 -0.3439 -0.0000 -0.9390 0.2906 0.5940
-0.0100 -0.0021 -0.0194 -0.3439 -0.0000 -0.9390 0.2906 0.6059
6 28 4
6 29 28
1 5 0
1 25 5
7 33 32
7 30 34
35 27 3
36 37 27
38 31 8
39 40 31
41 43 42
44 46 45
47 26 2
48 49 26
50 52 51
53 55 54
56 9 57
58 16 9
59 14 60
61 13 14
62 12 63
64 11 12
65 10 66
67 68 10
69 71 70
72 15 73
74 76 75
77 79 78
80 82 81
83 85 84
86 88 87
89 91 90
92 22 93
94 21 22
95 97 96
98 20 99
100 17 101
102 24 17
103 105 104
106 19 107
108 110 109
111 23 112
113 115 114
116 18 117
118 120 119
121 123 122
124 126 125
127 129 128
130 132 131
133 135 134
136 138 137
139 141 140
142 144 143
145 147 146
LABEL swShutter
MATERIAL 2
TEXTURE 2
FLAG 0
GEOM 148 54
0.0031 -0.0093 -0.0068 -0.0006 -0.7264 0.6873 0.2046 0.6238
0.0055 -0.0086 -0.0061 -0.0006 -0.7264 0.6873 0.2065 0.6133
0.0071 -0.0065 -0.0066 0.8529 0.3419 0.3947 0.2102 0.6032
0.0069 -0.0044 -0.0081 0.5364 0.8401 -0.0807 0.2164 0.5927
0.0051 -0.0034 -0.0097 -0.1310 0.8925 -0.4315 0.2237 0.5836
-0.0008 -0.0012 0.0017 -0.0006 -0.7264 0.6873 0.2640 0.6269
0.0027 -0.0041 -0.0104 -0.1310 0.8925 -0.4315 0.2324 0.5760
0.0011 -0.0061 -0.0099 -0.7556 0.4726 -0.4536 0.2433 0.5700
0.0013 -0.0083 -0.0084 -0.6642 -0.6684 0.3347 0.2545 0.5662
0.0039 -0.0104 -0.0085 -0.6023 -0.7734 0.1977 0.2974 0.6194
0.0063 -0.0097 -0.0078 0.0647 -0.8191 0.5700 0.3102 0.6147
0.0079 -0.0076 -0.0083 0.9166 0.2747 0.2906 0.3160 0.6007
0.0078 -0.0055 -0.0098 0.9166 0.2747 0.2906 0.3113 0.5894
0.0059 -0.0045 -0.0114 -0.0648 0.8189 -0.5702 0.2974 0.5836
0.0035 -0.0052 -0.0121 -0.0648 0.8189 -0.5702 0.2860 0.5883
0.0020 -0.0072 -0.0116 -0.9165 -0.2748 -0.2907 0.2802 0.6023
0.0021 -0.0094 -0.0101 -0.6023 -0.7734 0.1977 0.2860 0.6147
0.0049 -0.0096 -0.0101 -0.0754 -0.8794 -0.4701 0.2981 0.6100
0.0062 -0.0092 -0.0097 0.7448 -0.6335 -0.2097 0.3041 0.6075
0.0070 -0.0081 -0.0100 0.8856 -0.2163 -0.4109 0.3066 0.6015
0.0069 -0.0070 -0.0108 0.6868 0.0991 -0.7201 0.3041 0.5955
0.0060 -0.0065 -0.0116 0.2647 0.1278 -0.9558 0.2981 0.5931
0.0047 -0.0069 -0.0120 0.2647 0.1278 -0.9558 0.2922 0.5955
0.0039 -0.0079 -0.0118 -0.2743 -0.5641 -0.7788 0.2897 0.6015
0.0039 -0.0091 -0.0110 -0.0754 -0.8794 -0.4701 0.2922 0.6075
0.0001 -0.0009 0.0020 -0.0006 -0.7264 0.6873 0.2643 0.6264
0.0006 -0.0002 0.0018 0.8529 0.3419 0.3947 0.2647 0.6259
0.0006 0.0005 0.0013 0.5364 0.8401 -0.0807 0.2650 0.6253
-0.0001 0.0009 0.0007 -0.1310 0.8925 -0.4315 0.2654 0.6248
-0.0009 0.0006 0.0004 -0.1310 0.8925 -0.4315 0.2657 0.6243
-0.0015 -0.0001 0.0006 -0.7556 0.4726 -0.4536 0.2661 0.6238
-0.0014 -0.0008 0.0012 -0.6642 -0.6684 0.3347 0.2664 0.6233
0.0027 -0.0041 -0.0104 -0.7556 0.4726 -0.4536 0.2324 0.5760
-0.0009 0.0006 0.0004 -0.7556 0.4726 -0.4536 0.2657 0.6243
-0.0009 0.0006 0.0004 -0.7556 0.4726 -0.4536 0.2657 0.6243
0.0051 -0.0034 -0.0097 0.5364 0.8401 -0.0807 0.2237 0.5836
0.0051 -0.0034 -0.0097 0.5364 0.8401 -0.0807 0.2237 0.5836
-0.0001 0.0009 0.0007 0.5364 0.8401 -0.0807 0.2654 0.6248
0.0031 -0.0093 -0.0068 -0.6642 -0.6684 0.3347 0.2663 0.5648
0.0031 -0.0093 -0.0068 -0.6642 -0.6684 0.3347 0.2663 0.5648
-0.0008 -0.0012 0.0017 -0.6642 -0.6684 0.3347 0.2667 0.6229
0.0013 -0.0083 -0.0084 -0.9755 -0.1726 -0.1368 0.2545 0.5662
0.0011 -0.0061 -0.0099 -0.9755 -0.1726 -0.1368 0.2433 0.5700
-0.0015 -0.0001 0.0006 -0.9755 -0.1726 -0.1368 0.2661 0.6238
0.0013 -0.0083 -0.0084 -0.9755 -0.1726 -0.1368 0.2545 0.5662
-0.0015 -0.0001 0.0006 -0.9755 -0.1726 -0.1368 0.2661 0.6238
-0.0014 -0.0008 0.0012 -0.9755 -0.1726 -0.1368 0.2664 0.6233
0.0069 -0.0044 -0.0081 0.8529 0.3419 0.3947 0.2164 0.5927
0.0069 -0.0044 -0.0081 0.8529 0.3419 0.3947 0.2164 0.5927
0.0006 0.0005 0.0013 0.8529 0.3419 0.3947 0.2650 0.6253
0.0071 -0.0065 -0.0066 0.6300 -0.3076 0.7130 0.2102 0.6032
0.0055 -0.0086 -0.0061 0.6300 -0.3076 0.7130 0.2065 0.6133
0.0001 -0.0009 0.0020 0.6300 -0.3076 0.7130 0.2643 0.6264
0.0071 -0.0065 -0.0066 0.6300 -0.3076 0.7130 0.2102 0.6032
0.0001 -0.0009 0.0020 0.6300 -0.3076 0.7130 0.2643 0.6264
0.0006 -0.0002 0.0018 0.6300 -0.3076 0.7130 0.2647 0.6259
0.0013 -0.0083 -0.0084 -0.6023 -0.7734 0.1977 0.2821 0.6242
0.0031 -0.0093 -0.0068 -0.6023 -0.7734 0.1977 0.2934 0.6289
0.0013 -0.0083 -0.0084 -0.6023 -0.7734 0.1977 0.2821 0.6242
0.0051 -0.0034 -0.0097 -0.0648 0.8189 -0.5702 0.2934 0.5742
0.0027 -0.0041 -0.0104 -0.0648 0.8189 -0.5702 0.2821 0.5789
0.0051 -0.0034 -0.0097 -0.0648 0.8189 -0.5702 0.2934 0.5742
0.0071 -0.0065 -0.0066 0.9166 0.2747 0.2906 0.3255 0.5968
0.0069 -0.0044 -0.0081 0.9166 0.2747 0.2906 0.3208 0.5855
0.0071 -0.0065 -0.0066 0.9166 0.2747 0.2906 0.3255 0.5968
0.0031 -0.0093 -0.0068 0.0647 -0.8191 0.5700 0.3028 0.6289
0.0055 -0.0086 -0.0061 0.0647 -0.8191 0.5700 0.3142 0.6242
0.0031 -0.0093 -0.0068 0.0647 -0.8191 0.5700 0.3028 0.6289
0.0039 -0.0104 -0.0085 0.0647 -0.8191 0.5700 0.2989 0.6194
0.0011 -0.0061 -0.0099 -0.9165 -0.2748 -0.2907 0.2708 0.6062
0.0013 -0.0083 -0.0084 -0.9165 -0.2748 -0.2907 0.2755 0.6175
0.0021 -0.0094 -0.0101 -0.9165 -0.2748 -0.2907 0.2849 0.6136
0.0011 -0.0061 -0.0099 -0.9165 -0.2748 -0.2907 0.2708 0.6062
0.0021 -0.0094 -0.0101 -0.9165 -0.2748 -0.2907 0.2849 0.6136
0.0055 -0.0086 -0.0061 0.6941 -0.3846 0.6086 0.3208 0.6175
0.0071 -0.0065 -0.0066 0.6941 -0.3846 0.6086 0.3255 0.6062
0.0079 -0.0076 -0.0083 0.6941 -0.3846 0.6086 0.3160 0.6023
0.0055 -0.0086 -0.0061 0.6941 -0.3846 0.6086 0.3208 0.6175
0.0079 -0.0076 -0.0083 0.6941 -0.3846 0.6086 0.3160 0.6023
0.0063 -0.0097 -0.0078 0.6941 -0.3846 0.6086 0.3113 0.6136
0.0027 -0.0041 -0.0104 -0.6939 0.3846 -0.6087 0.2755 0.5855
0.0011 -0.0061 -0.0099 -0.6939 0.3846 -0.6087 0.2708 0.5968
0.0020 -0.0072 -0.0116 -0.6939 0.3846 -0.6087 0.2802 0.6007
0.0027 -0.0041 -0.0104 -0.6939 0.3846 -0.6087 0.2755 0.5855
0.0020 -0.0072 -0.0116 -0.6939 0.3846 -0.6087 0.2802 0.6007
0.0035 -0.0052 -0.0121 -0.6939 0.3846 -0.6087 0.2849 0.5894
0.0069 -0.0044 -0.0081 0.6022 0.7734 -0.1978 0.3142 0.5789
0.0051 -0.0034 -0.0097 0.6022 0.7734 -0.1978 0.3028 0.5742
0.0059 -0.0045 -0.0114 0.6022 0.7734 -0.1978 0.2989 0.5836
0.0069 -0.0044 -0.0081 0.6022 0.7734 -0.1978 0.3142 0.5789
0.0059 -0.0045 -0.0114 0.6022 0.7734 -0.1978 0.2989 0.5836
0.0078 -0.0055 -0.0098 0.6022 0.7734 -0.1978 0.3102 0.5883
0.0059 -0.0045 -0.0114 0.2647 0.1278 -0.9558 0.2974 0.5836
0.0035 -0.0052 -0.0121 0.2647 0.1278 -0.9558 0.2860 0.5883
0.0059 -0.0045 -0.0114 0.2647 0.1278 -0.9558 0.2974 0.5836
0.0078 -0.0055 -0.0098 0.6868 0.0991 -0.7201 0.3102 0.5883
0.0059 -0.0045 -0.0114 0.6868 0.0991 -0.7201 0.2989 0.5836
0.0060 -0.0065 -0.0116 0.6868 0.0991 -0.7201 0.2981 0.5931
0.0078 -0.0055 -0.0098 0.6868 0.0991 -0.7201 0.3102 0.5883
0.0060 -0.0065 -0.0116 0.6868 0.0991 -0.7201 0.2981 0.5931
0.0021 -0.0094 -0.0101 -0.0754 -0.8794 -0.4701 0.2860 0.6147
0.0039 -0.0104 -0.0085 -0.0754 -0.8794 -0.4701 0.2974 0.6194
0.0021 -0.0094 -0.0101 -0.0754 -0.8794 -0.4701 0.2860 0.6147
0.0079 -0.0076 -0.0083 0.8856 -0.2163 -0.4109 0.3160 0.6007
0.0078 -0.0055 -0.0098 0.8856 -0.2163 -0.4109 0.3113 0.5894
0.0069 -0.0070 -0.0108 0.8856 -0.2163 -0.4109 0.3041 0.5955
0.0079 -0.0076 -0.0083 0.8856 -0.2163 -0.4109 0.3160 0.6007
0.0069 -0.0070 -0.0108 0.8856 -0.2163 -0.4109 0.3041 0.5955
0.0020 -0.0072 -0.0116 -0.2743 -0.5641 -0.7788 0.2802 0.6023
0.0021 -0.0094 -0.0101 -0.2743 -0.5641 -0.7788 0.2849 0.6136
0.0039 -0.0091 -0.0110 -0.2743 -0.5641 -0.7788 0.2922 0.6075
0.0020 -0.0072 -0.0116 -0.2743 -0.5641 -0.7788 0.2802 0.6023
0.0039 -0.0091 -0.0110 -0.2743 -0.5641 -0.7788 0.2922 0.6075
0.0063 -0.0097 -0.0078 0.7448 -0.6335 -0.2097 0.3113 0.6136
0.0079 -0.0076 -0.0083 0.7448 -0.6335 -0.2097 0.3160 0.6023
0.0070 -0.0081 -0.0100 0.7448 -0.6335 -0.2097 0.3066 0.6015
0.0063 -0.0097 -0.0078 0.7448 -0.6335 -0.2097 0.3113 0.6136
0.0070 -0.0081 -0.0100 0.7448 -0.6335 -0.2097 0.3066 0.6015
0.0035 -0.0052 -0.0121 -0.1334 -0.1467 -0.9801 0.2849 0.5894
0.0020 -0.0072 -0.0116 -0.1334 -0.1467 -0.9801 0.2802 0.6007
0.0039 -0.0079 -0.0118 -0.1334 -0.1467 -0.9801 0.2897 0.6015
0.0035 -0.0052 -0.0121 -0.1334 -0.1467 -0.9801 0.2849 0.5894
0.0039 -0.0079 -0.0118 -0.1334 -0.1467 -0.9801 0.2897 0.6015
0.0047 -0.0069 -0.0120 -0.1334 -0.1467 -0.9801 0.2922 0.5955
0.0039 -0.0104 -0.0085 0.3468 -0.9082 -0.2341 0.2989 0.6194
0.0063 -0.0097 -0.0078 0.3468 -0.9082 -0.2341 0.3102 0.6147
0.0062 -0.0092 -0.0097 0.3468 -0.9082 -0.2341 0.3041 0.6075
0.0039 -0.0104 -0.0085 0.3468 -0.9082 -0.2341 0.2989 0.6194
0.0062 -0.0092 -0.0097 0.3468 -0.9082 -0.2341 0.3041 0.6075
0.0049 -0.0096 -0.0101 0.3468 -0.9082 -0.2341 0.2981 0.6100
0.0039 -0.0091 -0.0110 0.3948 -0.5038 -0.7683 0.2922 0.6075
0.0049 -0.0096 -0.0101 0.3948 -0.5038 -0.7683 0.2981 0.6100
0.0062 -0.0092 -0.0097 0.3948 -0.5038 -0.7683 0.3041 0.6075
0.0062 -0.0092 -0.0097 0.3948 -0.5038 -0.7683 0.3041 0.6075
0.0070 -0.0081 -0.0100 0.3948 -0.5038 -0.7683 0.3066 0.6015
0.0069 -0.0070 -0.0108 0.3948 -0.5038 -0.7683 0.3041 0.5955
0.0069 -0.0070 -0.0108 0.3948 -0.5038 -0.7683 0.3041 0.5955
0.0060 -0.0065 -0.0116 0.3948 -0.5038 -0.7683 0.2981 0.5931
0.0047 -0.0069 -0.0120 0.3948 -0.5038 -0.7683 0.2922 0.5955
0.0047 -0.0069 -0.0120 0.3948 -0.5038 -0.7683 0.2922 0.5955
0.0039 -0.0079 -0.0118 0.3948 -0.5038 -0.7683 0.2897 0.6015
0.0039 -0.0091 -0.0110 0.3948 -0.5038 -0.7683 0.2922 0.6075
0.0039 -0.0091 -0.0110 0.3948 -0.5038 -0.7683 0.2922 0.6075
0.0062 -0.0092 -0.0097 0.3948 -0.5038 -0.7683 0.3041 0.6075
0.0069 -0.0070 -0.0108 0.3948 -0.5038 -0.7683 0.3041 0.5955
0.0069 -0.0070 -0.0108 0.3948 -0.5038 -0.7683 0.3041 0.5955
0.0047 -0.0069 -0.0120 0.3948 -0.5038 -0.7683 0.2922 0.5955
0.0039 -0.0091 -0.0110 0.3948 -0.5038 -0.7683 0.2922 0.6075
6 28 4
6 29 28
1 5 0
1 25 5
7 33 32
7 30 34
35 27 3
36 37 27
38 31 8
39 40 31
41 43 42
44 46 45
47 26 2
48 49 26
50 52 51
53 55 54
56 9 57
58 16 9
59 14 60
61 13 14
62 12 63
64 11 12
65 10 66
67 68 10
69 71 70
72 15 73
74 76 75
77 79 78
80 82 81
83 85 84
86 88 87
89 91 90
92 22 93
94 21 22
95 97 96
98 20 99
100 17 101
102 24 17
103 105 104
106 19 107
108 110 109
111 23 112
113 115 114
116 18 117
118 120 119
121 123 122
124 126 125
127 129 128
130 132 131
133 135 134
136 138 137
139 141 140
142 144 143
145 147 146
LABEL vcAvionMode
MATERIAL 2
TEXTURE 2
FLAG 0
GEOM 148 54
-0.0066 -0.0056 -0.0164 0.4104 -0.9116 0.0225 0.2038 0.6246
-0.0031 -0.0040 -0.0177 0.4104 -0.9116 0.0225 0.2057 0.6141
-0.0016 -0.0003 -0.0183 0.9068 0.3790 -0.1844 0.2095 0.6040
-0.0031 0.0035 -0.0177 0.4067 0.9135 0.0102 0.2156 0.5934
-0.0066 0.0051 -0.0164 -0.2957 0.9105 0.2892 0.2229 0.5844
0.0004 -0.0020 0.0012 0.4104 -0.9116 0.0225 0.2632 0.6276
-0.0102 0.0035 -0.0152 -0.2957 0.9105 0.2892 0.2316 0.5768
-0.0116 -0.0003 -0.0146 -0.7875 0.3759 0.4885 0.2425 0.5708
-0.0102 -0.0040 -0.0152 -0.2905 -0.9084 0.3008 0.2538 0.5670
-0.0078 -0.0056 -0.0196 -0.3593 -0.9239 0.1316 0.2966 0.6202
-0.0042 -0.0040 -0.0209 0.3593 -0.9239 -0.1316 0.3095 0.6155
-0.0028 -0.0003 -0.0215 0.8675 0.3827 -0.3177 0.3153 0.6015
-0.0042 0.0035 -0.0209 0.8675 0.3827 -0.3177 0.3106 0.5902
-0.0078 0.0051 -0.0196 -0.3593 0.9239 0.1316 0.2966 0.5844
-0.0113 0.0035 -0.0183 -0.3593 0.9239 0.1316 0.2853 0.5891
-0.0128 -0.0003 -0.0178 -0.8675 -0.3827 0.3177 0.2795 0.6031
-0.0113 -0.0040 -0.0183 -0.3593 -0.9239 0.1316 0.2853 0.6155
-0.0084 -0.0031 -0.0214 -0.4937 -0.5845 -0.6440 0.2974 0.6107
-0.0066 -0.0023 -0.0221 0.2824 -0.2421 -0.9282 0.3033 0.6083
-0.0058 -0.0003 -0.0224 0.2824 0.2421 -0.9282 0.3058 0.6023
-0.0066 0.0017 -0.0221 -0.0390 0.5845 -0.8105 0.3033 0.5963
-0.0084 0.0025 -0.0214 -0.4937 0.5845 -0.6440 0.2974 0.5938
-0.0103 0.0017 -0.0207 -0.4937 0.5845 -0.6440 0.2914 0.5963
-0.0111 -0.0003 -0.0205 -0.8152 -0.2421 -0.5262 0.2889 0.6023
-0.0103 -0.0023 -0.0207 -0.4937 -0.5845 -0.6440 0.2914 0.6083
0.0016 -0.0015 0.0007 0.4104 -0.9116 0.0225 0.2635 0.6271
0.0022 -0.0001 0.0005 0.9068 0.3790 -0.1844 0.2639 0.6266
0.0016 0.0012 0.0007 0.4067 0.9135 0.0102 0.2642 0.6261
0.0004 0.0017 0.0012 -0.2957 0.9105 0.2892 0.2646 0.6256
-0.0008 0.0012 0.0016 -0.2957 0.9105 0.2892 0.2650 0.6251
-0.0014 -0.0001 0.0018 -0.7875 0.3759 0.4885 0.2653 0.6246
-0.0008 -0.0015 0.0016 -0.2905 -0.9084 0.3008 0.2657 0.6241
-0.0102 0.0035 -0.0152 -0.7875 0.3759 0.4885 0.2316 0.5768
-0.0008 0.0012 0.0016 -0.7875 0.3759 0.4885 0.2650 0.6251
-0.0008 0.0012 0.0016 -0.7875 0.3759 0.4885 0.2650 0.6251
-0.0066 0.0051 -0.0164 0.4067 0.9135 0.0102 0.2229 0.5844
-0.0066 0.0051 -0.0164 0.4067 0.9135 0.0102 0.2229 0.5844
0.0004 0.0017 0.0012 0.4067 0.9135 0.0102 0.2646 0.6256
-0.0066 -0.0056 -0.0164 -0.2905 -0.9084 0.3008 0.2655 0.5656
-0.0066 -0.0056 -0.0164 -0.2905 -0.9084 0.3008 0.2655 0.5656
0.0004 -0.0020 0.0012 -0.2905 -0.9084 0.3008 0.2659 0.6236
-0.0102 -0.0040 -0.0152 -0.7848 -0.3755 0.4931 0.2538 0.5670
-0.0116 -0.0003 -0.0146 -0.7848 -0.3755 0.4931 0.2425 0.5708
-0.0014 -0.0001 0.0018 -0.7848 -0.3755 0.4931 0.2653 0.6246
-0.0102 -0.0040 -0.0152 -0.7848 -0.3755 0.4931 0.2538 0.5670
-0.0014 -0.0001 0.0018 -0.7848 -0.3755 0.4931 0.2653 0.6246
-0.0008 -0.0015 0.0016 -0.7848 -0.3755 0.4931 0.2657 0.6241
-0.0031 0.0035 -0.0177 0.9068 0.3790 -0.1844 0.2156 0.5934
-0.0031 0.0035 -0.0177 0.9068 0.3790 -0.1844 0.2156 0.5934
0.0016 0.0012 0.0007 0.9068 0.3790 -0.1844 0.2642 0.6261
-0.0016 -0.0003 -0.0183 0.9080 -0.3787 -0.1791 0.2095 0.6040
-0.0031 -0.0040 -0.0177 0.9080 -0.3787 -0.1791 0.2057 0.6141
0.0016 -0.0015 0.0007 0.9080 -0.3787 -0.1791 0.2635 0.6271
-0.0016 -0.0003 -0.0183 0.9080 -0.3787 -0.1791 0.2095 0.6040
0.0016 -0.0015 0.0007 0.9080 -0.3787 -0.1791 0.2635 0.6271
0.0022 -0.0001 0.0005 0.9080 -0.3787 -0.1791 0.2639 0.6266
-0.0102 -0.0040 -0.0152 -0.3593 -0.9239 0.1316 0.2813 0.6249
-0.0066 -0.0056 -0.0164 -0.3593 -0.9239 0.1316 0.2927 0.6296
-0.0102 -0.0040 -0.0152 -0.3593 -0.9239 0.1316 0.2813 0.6249
-0.0066 0.0051 -0.0164 -0.3593 0.9239 0.1316 0.2927 0.5750
-0.0102 0.0035 -0.0152 -0.3593 0.9239 0.1316 0.2813 0.5796
-0.0066 0.0051 -0.0164 -0.3593 0.9239 0.1316 0.2927 0.5750
-0.0016 -0.0003 -0.0183 0.8675 0.3827 -0.3177 0.3247 0.5976
-0.0031 0.0035 -0.0177 0.8675 0.3827 -0.3177 0.3200 0.5863
-0.0016 -0.0003 -0.0183 0.8675 0.3827 -0.3177 0.3247 0.5976
-0.0066 -0.0056 -0.0164 0.3593 -0.9239 -0.1316 0.3020 0.6296
-0.0031 -0.0040 -0.0177 0.3593 -0.9239 -0.1316 0.3134 0.6249
-0.0066 -0.0056 -0.0164 0.3593 -0.9239 -0.1316 0.3020 0.6296
-0.0078 -0.0056 -0.0196 0.3593 -0.9239 -0.1316 0.2981 0.6202
-0.0116 -0.0003 -0.0146 -0.8675 -0.3827 0.3177 0.2700 0.6070
-0.0102 -0.0040 -0.0152 -0.8675 -0.3827 0.3177 0.2747 0.6183
-0.0113 -0.0040 -0.0183 -0.8675 -0.3827 0.3177 0.2842 0.6144
-0.0116 -0.0003 -0.0146 -0.8675 -0.3827 0.3177 0.2700 0.6070
-0.0113 -0.0040 -0.0183 -0.8675 -0.3827 0.3177 0.2842 0.6144
-0.0031 -0.0040 -0.0177 0.8675 -0.3827 -0.3177 0.3200 0.6183
-0.0016 -0.0003 -0.0183 0.8675 -0.3827 -0.3177 0.3247 0.6070
-0.0028 -0.0003 -0.0215 0.8675 -0.3827 -0.3177 0.3153 0.6031
-0.0031 -0.0040 -0.0177 0.8675 -0.3827 -0.3177 0.3200 0.6183
-0.0028 -0.0003 -0.0215 0.8675 -0.3827 -0.3177 0.3153 0.6031
-0.0042 -0.0040 -0.0209 0.8675 -0.3827 -0.3177 0.3106 0.6144
-0.0102 0.0035 -0.0152 -0.8675 0.3827 0.3177 0.2747 0.5863
-0.0116 -0.0003 -0.0146 -0.8675 0.3827 0.3177 0.2700 0.5976
-0.0128 -0.0003 -0.0178 -0.8675 0.3827 0.3177 0.2795 0.6015
-0.0102 0.0035 -0.0152 -0.8675 0.3827 0.3177 0.2747 0.5863
-0.0128 -0.0003 -0.0178 -0.8675 0.3827 0.3177 0.2795 0.6015
-0.0113 0.0035 -0.0183 -0.8675 0.3827 0.3177 0.2842 0.5902
-0.0031 0.0035 -0.0177 0.3593 0.9239 -0.1316 0.3134 0.5796
-0.0066 0.0051 -0.0164 0.3593 0.9239 -0.1316 0.3020 0.5750
-0.0078 0.0051 -0.0196 0.3593 0.9239 -0.1316 0.2981 0.5844
-0.0031 0.0035 -0.0177 0.3593 0.9239 -0.1316 0.3134 0.5796
-0.0078 0.0051 -0.0196 0.3593 0.9239 -0.1316 0.2981 0.5844
-0.0042 0.0035 -0.0209 0.3593 0.9239 -0.1316 0.3095 0.5891
-0.0078 0.0051 -0.0196 -0.4937 0.5845 -0.6440 0.2966 0.5844
-0.0113 0.0035 -0.0183 -0.4937 0.5845 -0.6440 0.2853 0.5891
-0.0078 0.0051 -0.0196 -0.4937 0.5845 -0.6440 0.2966 0.5844
-0.0042 0.0035 -0.0209 -0.0390 0.5845 -0.8105 0.3095 0.5891
-0.0078 0.0051 -0.0196 -0.0390 0.5845 -0.8105 0.2981 0.5844
-0.0084 0.0025 -0.0214 -0.0390 0.5845 -0.8105 0.2974 0.5938
-0.0042 0.0035 -0.0209 -0.0390 0.5845 -0.8105 0.3095 0.5891
-0.0084 0.0025 -0.0214 -0.0390 0.5845 -0.8105 0.2974 0.5938
-0.0113 -0.0040 -0.0183 -0.4937 -0.5845 -0.6440 0.2853 0.6155
-0.0078 -0.0056 -0.0196 -0.4937 -0.5845 -0.6440 0.2966 0.6202
-0.0113 -0.0040 -0.0183 -0.4937 -0.5845 -0.6440 0.2853 0.6155
-0.0028 -0.0003 -0.0215 0.2824 0.2421 -0.9282 0.3153 0.6015
-0.0042 0.0035 -0.0209 0.2824 0.2421 -0.9282 0.3106 0.5902
-0.0066 0.0017 -0.0221 0.2824 0.2421 -0.9282 0.3033 0.5963
-0.0028 -0.0003 -0.0215 0.2824 0.2421 -0.9282 0.3153 0.6015
-0.0066 0.0017 -0.0221 0.2824 0.2421 -0.9282 0.3033 0.5963
-0.0128 -0.0003 -0.0178 -0.8152 -0.2421 -0.5262 0.2795 0.6031
-0.0113 -0.0040 -0.0183 -0.8152 -0.2421 -0.5262 0.2842 0.6144
-0.0103 -0.0023 -0.0207 -0.8152 -0.2421 -0.5262 0.2914 0.6083
-0.0128 -0.0003 -0.0178 -0.8152 -0.2421 -0.5262 0.2795 0.6031
-0.0103 -0.0023 -0.0207 -0.8152 -0.2421 -0.5262 0.2914 0.6083
-0.0042 -0.0040 -0.0209 0.2824 -0.2421 -0.9282 0.3106 0.6144
-0.0028 -0.0003 -0.0215 0.2824 -0.2421 -0.9282 0.3153 0.6031
-0.0058 -0.0003 -0.0224 0.2824 -0.2421 -0.9282 0.3058 0.6023
-0.0042 -0.0040 -0.0209 0.2824 -0.2421 -0.9282 0.3106 0.6144
-0.0058 -0.0003 -0.0224 0.2824 -0.2421 -0.9282 0.3058 0.6023
-0.0113 0.0035 -0.0183 -0.8152 0.2421 -0.5262 0.2842 0.5902
-0.0128 -0.0003 -0.0178 -0.8152 0.2421 -0.5262 0.2795 0.6015
-0.0111 -0.0003 -0.0205 -0.8152 0.2421 -0.5262 0.2889 0.6023
-0.0113 0.0035 -0.0183 -0.8152 0.2421 -0.5262 0.2842 0.5902
-0.0111 -0.0003 -0.0205 -0.8152 0.2421 -0.5262 0.2889 0.6023
-0.0103 0.0017 -0.0207 -0.8152 0.2421 -0.5262 0.2914 0.5963
-0.0078 -0.0056 -0.0196 -0.0390 -0.5845 -0.8105 0.2981 0.6202
-0.0042 -0.0040 -0.0209 -0.0390 -0.5845 -0.8105 0.3095 0.6155
-0.0066 -0.0023 -0.0221 -0.0390 -0.5845 -0.8105 0.3033 0.6083
-0.0078 -0.0056 -0.0196 -0.0390 -0.5845 -0.8105 0.2981 0.6202
-0.0066 -0.0023 -0.0221 -0.0390 -0.5845 -0.8105 0.3033 0.6083
-0.0084 -0.0031 -0.0214 -0.0390 -0.5845 -0.8105 0.2974 0.6107
-0.0103 -0.0023 -0.0207 -0.3439 0.0000 -0.9390 0.2914 0.6083
-0.0084 -0.0031 -0.0214 -0.3439 0.0000 -0.9390 0.2974 0.6107
-0.0066 -0.0023 -0.0221 -0.3439 0.0000 -0.9390 0.3033 0.6083
-0.0066 -0.0023 -0.0221 -0.3439 0.0000 -0.9390 0.3033 0.6083
-0.0058 -0.0003 -0.0224 -0.3439 0.0000 -0.9390 0.3058 0.6023
-0.0066 0.0017 -0.0221 -0.3439 0.0000 -0.9390 0.3033 0.5963
-0.0066 0.0017 -0.0221 -0.3439 0.0000 -0.9390 0.3033 0.5963
-0.0084 0.0025 -0.0214 -0.3439 0.0000 -0.9390 0.2974 0.5938
-0.0103 0.0017 -0.0207 -0.3439 0.0000 -0.9390 0.2914 0.5963
-0.0103 0.0017 -0.0207 -0.3439 0.0000 -0.9390 0.2914 0.5963
-0.0111 -0.0003 -0.0205 -0.3439 0.0000 -0.9390 0.2889 0.6023
-0.0103 -0.0023 -0.0207 -0.3439 0.0000 -0.9390 0.2914 0.6083
-0.0103 -0.0023 -0.0207 -0.3439 0.0000 -0.9390 0.2914 0.6083
-0.0066 -0.0023 -0.0221 -0.3439 0.0000 -0.9390 0.3033 0.6083
-0.0066 0.0017 -0.0221 -0.3439 0.0000 -0.9390 0.3033 0.5963
-0.0066 0.0017 -0.0221 -0.3439 0.0000 -0.9390 0.3033 0.5963
-0.0103 0.0017 -0.0207 -0.3439 0.0000 -0.9390 0.2914 0.5963
-0.0103 -0.0023 -0.0207 -0.3439 0.0000 -0.9390 0.2914 0.6083
6 28 4
6 29 28
1 5 0
1 25 5
7 33 32
7 30 34
35 27 3
36 37 27
38 31 8
39 40 31
41 43 42
44 46 45
47 26 2
48 49 26
50 52 51
53 55 54
56 9 57
58 16 9
59 14 60
61 13 14
62 12 63
64 11 12
65 10 66
67 68 10
69 71 70
72 15 73
74 76 75
77 79 78
80 82 81
83 85 84
86 88 87
89 91 90
92 22 93
94 21 22
95 97 96
98 20 99
100 17 101
102 24 17
103 105 104
106 19 107
108 110 109
111 23 112
113 115 114
116 18 117
118 120 119
121 123 122
124 126 125
127 129 128
130 132 131
133 135 134
136 138 137
139 141 140
142 144 143
145 147 146
LABEL VCMfdLeft
MATERIAL 4
TEXTURE 4
FLAG 0
GEOM 4 2
0.0523 0.0523 0.0000 0.0000 0.0000 -1.0000 0.9999 0.0001
-0.0523 0.0523 0.0000 0.0000 0.0000 -1.0000 0.0001 0.0001
0.0523 -0.0523 0.0000 0.0000 0.0000 -1.0000 0.9999 0.9999
-0.0523 -0.0523 0.0000 0.0000 0.0000 -1.0000 0.0001 0.9999
1 2 3
1 0 2
LABEL VCMfdLeftFrame
MATERIAL 2
TEXTURE 2
FLAG 0
GEOM 4 2
-0.0805 -0.0698 0.0000 0.0000 0.0000 -1.0000 0.0002 0.9812
0.0805 -0.0698 0.0000 0.0000 0.0000 -1.0000 0.3099 0.9812
-0.0805 0.0698 0.0000 0.0000 0.0000 -1.0000 0.0002 0.7131
0.0805 0.0698 0.0000 0.0000 0.0000 -1.0000 0.3099 0.7131
2 1 0
2 3 1
LABEL VCMfdRight
MATERIAL 4
TEXTURE 4
FLAG 0
GEOM 4 2
0.0523 0.0523 0.0000 0.0000 0.0000 -1.0000 0.9999 0.0001
-0.0523 0.0523 0.0000 0.0000 0.0000 -1.0000 0.0001 0.0001
0.0523 -0.0523 0.0000 0.0000 0.0000 -1.0000 0.9999 0.9999
-0.0523 -0.0523 0.0000 0.0000 0.0000 -1.0000 0.0001 0.9999
1 2 3
1 0 2
LABEL VCMfdRightFrame
MATERIAL 2
TEXTURE 2
FLAG 0
GEOM 4 2
-0.0800 -0.0692 0.0000 0.0000 0.0000 -1.0000 0.3098 0.9816
0.0800 -0.0692 0.0000 0.0000 0.0000 -1.0000 0.6190 0.9816
-0.0800 0.0692 0.0000 0.0000 0.0000 -1.0000 0.3098 0.7129
0.0800 0.0692 0.0000 0.0000 0.0000 -1.0000 0.6190 0.7129
2 1 0
2 3 1
LABEL ForwardCockpit
MATERIAL 1
TEXTURE 1
FLAG 0
GEOM 358 152
-0.3971 -0.1364 0.5482 0.9932 0.0016 -0.1168 0.7735 0.8984
-0.2561 -0.1382 0.5979 -0.1505 0.9767 -0.1533 0.9229 0.5012
-0.3971 0.0846 0.5482 0.9932 0.0016 -0.1168 0.7735 0.8189
0.2561 -0.1382 0.5979 -0.2311 0.9435 -0.2374 0.9227 0.5013
0.3971 -0.1364 0.5482 -0.2311 0.9435 -0.2374 0.9034 0.4747
0.3971 0.0846 0.5482 0.0090 0.2623 -0.9649 0.9388 0.5592
0.0733 -0.1059 0.6457 1.0000 0.0000 0.0000 0.2660 0.5649
0.0733 -0.4678 0.5781 0.0047 1.0000 0.0015 0.6235 0.6081
0.0733 -0.4678 0.8015 0.0000 1.0000 0.0000 0.7104 0.6074
0.0733 -0.0792 0.8015 1.0000 0.0000 0.0000 0.3318 0.5756
0.2437 -0.0915 0.8015 0.0000 0.0000 -1.0000 0.8060 0.6914
0.2437 -0.4678 0.8015 0.0000 1.0000 0.0000 0.7112 0.6922
0.2640 -0.4682 0.2316 0.0047 1.0000 0.0015 0.4884 0.6920
0.2561 -0.4678 0.5979 0.0047 1.0000 0.0015 0.6319 0.6921
0.2640 -0.1969 0.2316 0.0000 0.9875 -0.1576 0.1638 0.9948
0.3077 -0.3016 -0.2791 0.0000 0.0000 1.0000 0.0713 0.8801
0.3077 0.1082 -0.2791 0.0000 0.8167 0.5771 0.0818 0.5503
0.1535 0.5234 -0.8667 0.0000 0.8167 0.5771 0.1418 0.2702
0.2642 0.3036 -0.5556 0.0000 0.8167 0.5771 0.0987 0.4185
0.5168 0.1082 -0.2791 0.0000 0.9372 0.3488 0.0003 0.5503
0.4898 0.0047 0.5034 0.0114 0.4998 -0.8661 0.8994 0.5509
0.3353 0.1623 0.5555 -0.0111 0.0723 -0.9973 0.9080 0.7748
0.0447 0.4479 0.5768 -0.0806 0.0364 -0.9961 0.9082 0.6157
0.4146 0.0851 0.5499 0.0105 0.3979 -0.9174 0.9385 0.5524
0.4246 0.3036 -0.5556 0.0000 0.8167 0.5771 0.0362 0.4185
0.4652 0.2341 -0.4573 0.0000 0.8167 0.5771 0.0204 0.4654
0.2468 0.5234 -0.8667 0.0000 0.8167 0.5771 0.1055 0.2702
0.3314 0.1228 0.5990 -0.7640 0.1482 0.6280 0.8400 0.9745
0.0261 0.4222 0.6177 0.6958 -0.3738 0.6134 0.9785 0.6289
0.0317 0.1357 1.0061 0.4428 0.0214 -0.8964 0.9827 0.8211
0.3178 0.1486 0.5555 -0.0150 0.0666 -0.9977 0.9166 0.7735
0.0272 0.4342 0.5768 -0.0912 0.0353 -0.9952 0.9168 0.6147
0.3294 0.1173 0.5979 -0.9379 0.3034 0.1682 0.8385 0.9727
0.0241 0.4166 0.6166 0.6814 -0.3720 0.6303 0.9764 0.6298
0.0297 0.1302 1.0050 -0.0529 0.2155 -0.9751 0.9806 0.8220
0.4033 0.0047 0.5034 0.0114 0.4998 -0.8661 0.9002 0.5584
0.4945 0.1082 -0.2791 0.0000 0.9015 0.4328 0.0090 0.5503
0.4159 -0.2350 0.1381 -0.2311 0.9435 -0.2374 0.7411 0.4692
0.2894 0.2341 -0.4573 0.0000 0.8167 0.5771 0.0889 0.4654
0.4945 -0.3005 -0.2791 -0.2311 0.9435 -0.2374 0.5763 0.4401
0.0000 -0.4661 0.2316 0.0047 1.0000 0.0015 0.4875 0.5806
0.0000 -0.1969 0.2316 0.0000 0.9875 -0.1576 0.2752 0.9951
-0.0733 -0.1059 0.6457 -1.0000 0.0000 -0.0000 0.2092 0.5647
-0.0733 -0.4678 0.5781 0.0000 1.0000 0.0050 0.6230 0.5510
-0.0733 -0.4678 0.8015 0.0000 1.0000 0.0000 0.7104 0.6075
-0.0733 -0.0792 0.8015 -1.0000 0.0000 -0.0000 0.1458 0.5756
-0.2437 -0.0915 0.8015 0.0000 0.0000 -1.0000 0.8059 0.6912
-0.2437 -0.4678 0.8015 0.0000 1.0000 0.0000 0.7112 0.6921
-0.2640 -0.4682 0.2316 -0.0047 1.0000 0.0015 0.4883 0.6920
-0.2561 -0.4678 0.5979 -0.0047 1.0000 0.0015 0.6319 0.6921
-0.2640 -0.1969 0.2316 0.0000 0.9875 -0.1576 0.3865 0.9955
-0.3077 -0.3016 -0.2791 -0.0782 0.9811 -0.1769 0.5764 0.5126
-0.3077 0.1082 -0.2791 0.0000 0.8167 0.5771 0.3214 0.5503
-0.1535 0.5234 -0.8667 0.0000 0.8167 0.5771 0.2614 0.2702
-0.2642 0.3036 -0.5556 0.0000 0.8167 0.5771 0.3044 0.4185
-0.5168 0.1082 -0.2791 0.0000 0.9372 0.3488 0.4028 0.5503
-0.4898 0.0047 0.5034 0.0000 0.9914 0.1311 0.8993 0.5510
-0.3353 0.1623 0.5555 0.0111 0.0723 -0.9973 0.9082 0.7748
-0.0447 0.4479 0.5768 0.0806 0.0364 -0.9961 0.9082 0.6158
-0.4146 0.0851 0.5499 -0.0105 0.3979 -0.9174 0.9385 0.5525
-0.4246 0.3036 -0.5556 0.0000 0.8167 0.5771 0.3669 0.4185
-0.4652 0.2341 -0.4573 0.0000 0.8167 0.5771 0.3827 0.4654
-0.2468 0.5234 -0.8667 0.0000 0.8167 0.5771 0.2977 0.2702
-0.3314 0.1228 0.5990 0.7640 0.1482 0.6280 0.8399 0.9745
-0.0261 0.4222 0.6177 -0.6958 -0.3738 0.6134 0.9547 0.6292
-0.0317 0.1357 1.0061 -0.4428 0.0214 -0.8964 0.9539 0.8212
0.0000 0.5062 0.5827 0.0000 0.0312 -0.9995 0.9656 0.5902
0.0000 0.6035 -0.8623 0.0000 -0.0429 0.9991 0.2016 0.2241
-0.3178 0.1486 0.5555 0.0150 0.0666 -0.9977 0.9167 0.7736
-0.0272 0.4342 0.5768 0.5506 -0.7512 -0.3641 0.9551 0.6147
0.0000 0.4454 0.5827 0.0000 0.0312 -0.9995 0.9662 0.6126
-0.3294 0.1173 0.5979 0.9379 0.3034 0.1682 0.8383 0.9727
-0.0241 0.4166 0.6166 0.4332 -0.7767 -0.4572 0.9569 0.6301
-0.0297 0.1302 1.0050 0.0529 0.2155 -0.9751 0.9561 0.8221
0.0000 0.4288 0.6166 0.0000 -0.8580 -0.5137 0.9666 0.6273
0.0000 0.1303 1.0050 0.0000 -0.7995 -0.6006 0.9683 0.8197
-0.4033 0.0047 0.5034 0.9932 0.0016 -0.1168 0.7572 0.8476
-0.4945 0.1082 -0.2791 0.9932 0.0016 -0.1168 0.4737 0.8104
-0.4159 -0.2350 0.1381 -0.0782 0.9811 -0.1769 0.7412 0.4691
-0.2894 0.2341 -0.4573 0.0000 0.8167 0.5771 0.3143 0.4654
-0.4945 -0.3005 -0.2791 -0.0782 0.9811 -0.1769 0.5765 0.4401
-0.2739 -0.2435 -0.0607 0.0000 0.9875 -0.1576 0.3918 0.8814
0.2739 -0.2435 -0.0607 0.0000 0.9875 -0.1576 0.1594 0.8806
-0.2984 0.0795 -0.1473 0.0000 0.9772 0.2124 0.3922 0.7511
0.2984 0.0795 -0.1473 0.0000 0.9772 0.2124 0.1592 0.7481
-0.0935 0.5936 -0.8638 0.0000 -0.0429 0.9991 0.2336 0.2395
-0.1764 0.5689 -0.8652 0.0000 -0.0429 0.9991 0.2656 0.2548
0.0935 0.5936 -0.8638 0.0000 -0.0429 0.9991 0.1695 0.2395
0.1764 0.5689 -0.8652 0.0000 -0.0429 0.9991 0.1375 0.2548
0.2561 -0.4678 0.5979 0.0000 1.0000 0.0000 0.6319 0.6921
0.2561 -0.4678 0.5979 0.0000 1.0000 0.0000 0.6319 0.6921
0.0733 -0.4678 0.5781 0.0000 1.0000 0.0000 0.6235 0.6081
0.0000 -0.1969 0.2316 0.0000 0.0000 1.0000 0.3772 0.5806
0.2640 -0.1969 0.2316 0.0000 0.0000 1.0000 0.3772 0.6920
0.2640 -0.4682 0.2316 0.0000 0.0000 1.0000 0.4884 0.6920
0.0000 -0.1969 0.2316 0.0000 0.0000 1.0000 0.3772 0.5806
0.2640 -0.4682 0.2316 0.0000 0.0000 1.0000 0.4884 0.6920
0.0000 -0.4661 0.2316 0.0000 0.0000 1.0000 0.4875 0.5806
0.0733 -0.4678 0.8015 1.0000 0.0000 0.0000 0.3522 0.6868
0.0733 -0.4678 0.8015 1.0000 0.0000 0.0000 0.3522 0.6868
0.0733 -0.4678 0.5781 1.0000 0.0000 0.0000 0.2660 0.6870
0.0000 -0.4661 0.2316 0.0000 1.0000 0.0050 0.4875 0.5806
0.0733 -0.4678 0.5781 0.0000 1.0000 0.0050 0.6235 0.6081
0.2437 -0.4678 0.8015 0.0000 0.0000 -1.0000 0.7112 0.6922
0.0733 -0.0792 0.8015 0.0000 0.0000 -1.0000 0.8053 0.6067
0.2437 -0.4678 0.8015 0.0000 0.0000 -1.0000 0.7112 0.6922
0.0733 -0.0792 0.8015 0.0000 0.0000 -1.0000 0.8053 0.6067
0.0733 -0.4678 0.8015 0.0000 0.0000 -1.0000 0.7104 0.6074
-0.2739 -0.2435 -0.0607 -0.0782 0.9811 -0.1769 0.6644 0.5161
-0.2739 -0.2435 -0.0607 -0.0782 0.9811 -0.1769 0.6644 0.5161
0.0272 0.4342 0.5768 -0.0912 0.0353 -0.9952 0.9776 0.6141
0.0272 0.4342 0.5768 -0.0912 0.0353 -0.9952 0.9776 0.6141
0.0447 0.4479 0.5768 -0.0806 0.0364 -0.9961 0.9827 0.6096
0.0317 0.1357 1.0061 0.4428 0.0214 -0.8964 0.9867 0.8431
0.0297 0.1302 1.0050 -0.0529 0.2155 -0.9751 0.9852 0.8414
0.0317 0.1357 1.0061 0.4428 0.0214 -0.8964 0.9867 0.8431
0.3314 0.1228 0.5990 -0.7640 0.1482 0.6280 0.9366 0.7837
0.3294 0.1173 0.5979 -0.9379 0.3034 0.1682 0.9344 0.7846
0.0241 0.4166 0.6166 0.6814 -0.3720 0.6303 0.9335 0.6179
0.3314 0.1228 0.5990 -0.7640 0.1482 0.6280 0.9366 0.7837
0.0241 0.4166 0.6166 0.6814 -0.3720 0.6303 0.9335 0.6179
0.0261 0.4222 0.6177 0.6958 -0.3738 0.6134 0.9356 0.6169
0.0000 0.4454 0.5827 -0.0000 -0.8997 -0.4365 0.9662 0.6126
0.0297 0.1302 1.0050 -0.1800 -0.7864 -0.5908 0.9806 0.8220
0.0241 0.4166 0.6166 -0.4332 -0.7767 -0.4572 0.9764 0.6298
0.0297 0.1302 1.0050 -0.1800 -0.7864 -0.5908 0.9806 0.8220
0.0241 0.4166 0.6166 -0.4332 -0.7767 -0.4572 0.9335 0.6179
0.3294 0.1173 0.5979 -0.6735 -0.6641 -0.3246 0.9344 0.7846
0.3178 0.1486 0.5555 -0.6735 -0.6641 -0.3246 0.9166 0.7735
0.0241 0.4166 0.6166 -0.4332 -0.7767 -0.4572 0.9335 0.6179
0.3178 0.1486 0.5555 -0.6735 -0.6641 -0.3246 0.9166 0.7735
0.0272 0.4342 0.5768 -0.5506 -0.7512 -0.3641 0.9168 0.6147
0.2561 -0.1382 0.5979 0.1505 0.9767 -0.1533 0.9227 0.5013
0.2640 -0.1969 0.2316 0.1505 0.9767 -0.1533 0.7783 0.5194
0.4159 -0.2350 0.1381 0.1505 0.9767 -0.1533 0.7411 0.4692
0.0000 0.4454 0.5827 -0.0000 -0.8997 -0.4365 0.9662 0.6126
0.2640 -0.1969 0.2316 -0.9998 0.0000 -0.0214 0.4881 0.7713
0.2561 -0.1382 0.5979 -0.9998 0.0000 -0.0214 0.6317 0.7948
0.2561 -0.4678 0.5979 -0.9998 0.0000 -0.0214 0.6319 0.6921
0.2640 -0.1969 0.2316 -0.9998 0.0000 -0.0214 0.4881 0.7713
0.2561 -0.4678 0.5979 -0.9998 0.0000 -0.0214 0.6319 0.6921
0.2640 -0.4682 0.2316 -0.9998 0.0000 -0.0214 0.4884 0.6920
0.5168 0.1082 -0.2791 0.0000 0.9372 0.3488 0.6435 0.5508
0.4898 0.0047 0.5034 0.0000 0.9914 0.1311 0.8994 0.5509
0.4033 0.0047 0.5034 0.0000 0.9914 0.1311 0.9002 0.5584
0.5168 0.1082 -0.2791 0.0000 0.9372 0.3488 0.6435 0.5508
0.4033 0.0047 0.5034 0.0000 0.9914 0.1311 0.9002 0.5584
0.4945 0.1082 -0.2791 0.0000 0.9015 0.4328 0.6444 0.5595
0.3178 0.1486 0.5555 -0.6057 -0.7107 -0.3579 0.9166 0.7735
0.3294 0.1173 0.5979 -0.6057 -0.7107 -0.3579 0.9344 0.7846
0.3971 0.0846 0.5482 -0.6057 -0.7107 -0.3579 0.9144 0.8132
-0.4945 -0.3005 -0.2791 0.9932 0.0016 -0.1168 0.4737 0.9575
-0.4945 -0.3005 -0.2791 0.9932 0.0016 -0.1168 0.4737 0.9575
0.3077 0.1082 -0.2791 0.0000 0.0000 1.0000 0.1114 0.7250
0.4945 0.1082 -0.2791 0.0000 0.0000 1.0000 0.0429 0.7071
0.4945 -0.3005 -0.2791 0.0000 0.0000 1.0000 0.0012 0.8607
0.3077 0.1082 -0.2791 0.0000 0.0000 1.0000 0.1114 0.7250
0.4945 -0.3005 -0.2791 0.0000 0.0000 1.0000 0.0012 0.8607
0.3971 0.0846 0.5482 0.0090 0.2623 -0.9649 0.9144 0.8132
0.3971 0.0846 0.5482 0.0090 0.2623 -0.9649 0.9144 0.8132
0.4146 0.0851 0.5499 0.0105 0.3979 -0.9174 0.9096 0.8181
-0.0733 -0.4678 0.5781 -0.0047 1.0000 0.0015 0.6235 0.6081
-0.0733 -0.4678 0.5781 -0.0047 1.0000 0.0015 0.6235 0.6081
0.0000 -0.4661 0.2316 -0.0047 1.0000 0.0015 0.4875 0.5806
-0.4159 -0.2350 0.1381 -0.1505 0.9767 -0.1533 0.7412 0.4691
-0.2640 -0.1969 0.2316 -0.1505 0.9767 -0.1533 0.7785 0.5193
-0.2561 -0.4678 0.5979 0.0000 1.0000 0.0000 0.6319 0.6921
-0.0733 -0.4678 0.5781 0.0000 1.0000 0.0000 0.6235 0.6081
-0.2561 -0.4678 0.5979 0.0000 1.0000 0.0000 0.6319 0.6921
0.0000 -0.1969 0.2316 0.0000 0.0000 1.0000 0.3772 0.5805
0.0000 -0.4661 0.2316 0.0000 0.0000 1.0000 0.4875 0.5806
-0.2640 -0.4682 0.2316 0.0000 0.0000 1.0000 0.4883 0.6920
0.0000 -0.1969 0.2316 0.0000 0.0000 1.0000 0.3772 0.5805
-0.2640 -0.4682 0.2316 0.0000 0.0000 1.0000 0.4883 0.6920
-0.2640 -0.1969 0.2316 0.0000 0.0000 1.0000 0.3772 0.6920
-0.0733 -0.4678 0.8015 -1.0000 0.0000 -0.0000 0.1253 0.6868
-0.0733 -0.4678 0.5781 -1.0000 0.0000 -0.0000 0.2092 0.6868
-0.0733 -0.4678 0.8015 -1.0000 0.0000 -0.0000 0.1253 0.6868
-0.2437 -0.4678 0.8015 0.0000 0.0000 -1.0000 0.7112 0.6921
-0.0733 -0.4678 0.8015 0.0000 0.0000 -1.0000 0.7104 0.6075
-0.0733 -0.0792 0.8015 0.0000 0.0000 -1.0000 0.8053 0.6068
-0.2437 -0.4678 0.8015 0.0000 0.0000 -1.0000 0.7112 0.6921
-0.0733 -0.0792 0.8015 0.0000 0.0000 -1.0000 0.8053 0.6068
0.4945 -0.3005 -0.2791 0.0782 0.9811 -0.1769 0.5763 0.4401
0.4159 -0.2350 0.1381 0.0782 0.9811 -0.1769 0.7411 0.4692
0.2739 -0.2435 -0.0607 0.0782 0.9811 -0.1769 0.6641 0.5162
0.4945 -0.3005 -0.2791 0.0782 0.9811 -0.1769 0.5763 0.4401
0.2739 -0.2435 -0.0607 0.0782 0.9811 -0.1769 0.6641 0.5162
0.3077 -0.3016 -0.2791 0.0782 0.9811 -0.1769 0.5763 0.5126
0.3077 0.1082 -0.2791 0.0000 0.9772 0.2124 0.1564 0.6978
0.3077 0.1082 -0.2791 0.0000 0.9772 0.2124 0.1564 0.6978
-0.3077 0.1082 -0.2791 0.0000 0.9772 0.2124 0.3960 0.6986
-0.4945 0.1082 -0.2791 0.0000 0.9015 0.4328 0.3941 0.5503
-0.0272 0.4342 0.5768 0.0912 0.0353 -0.9952 0.9168 0.6147
-0.0447 0.4479 0.5768 0.0806 0.0364 -0.9961 0.9497 0.6106
-0.0272 0.4342 0.5768 0.0912 0.0353 -0.9952 0.9551 0.6147
-0.0272 0.4342 0.5768 0.0912 0.0353 -0.9952 0.9551 0.6147
-0.0241 0.4166 0.6166 -0.6814 -0.3720 0.6303 0.9569 0.6301
-0.0317 0.1357 1.0061 -0.4428 0.0214 -0.8964 0.9868 0.8435
-0.0317 0.1357 1.0061 -0.4428 0.0214 -0.8964 0.9868 0.8435
-0.0297 0.1302 1.0050 0.0529 0.2155 -0.9751 0.9853 0.8417
-0.3314 0.1228 0.5990 0.7640 0.1482 0.6280 0.9368 0.7835
-0.0261 0.4222 0.6177 -0.6958 -0.3738 0.6134 0.9356 0.6168
-0.0241 0.4166 0.6166 -0.6814 -0.3720 0.6303 0.9335 0.6178
-0.3314 0.1228 0.5990 0.7640 0.1482 0.6280 0.9368 0.7835
-0.0241 0.4166 0.6166 -0.6814 -0.3720 0.6303 0.9335 0.6178
-0.3294 0.1173 0.5979 0.9379 0.3034 0.1682 0.9347 0.7845
0.0241 0.4166 0.6166 -0.4332 -0.7767 -0.4572 0.9764 0.6298
0.0000 0.4454 0.5827 -0.0000 -0.8997 -0.4365 0.9662 0.6126
-0.0297 0.1302 1.0050 0.1800 -0.7864 -0.5908 0.9561 0.8221
-0.0297 0.1302 1.0050 0.1800 -0.7864 -0.5908 0.9561 0.8221
-0.0272 0.4342 0.5768 0.5506 -0.7512 -0.3641 0.9168 0.6147
-0.3178 0.1486 0.5555 0.6735 -0.6641 -0.3246 0.9167 0.7736
-0.3294 0.1173 0.5979 0.6735 -0.6641 -0.3246 0.9347 0.7845
-0.0272 0.4342 0.5768 0.5506 -0.7512 -0.3641 0.9168 0.6147
-0.3294 0.1173 0.5979 0.6735 -0.6641 -0.3246 0.9347 0.7845
-0.0241 0.4166 0.6166 0.4332 -0.7767 -0.4572 0.9335 0.6178
0.0000 0.4454 0.5827 -0.0000 -0.8997 -0.4365 0.9662 0.6126
0.0241 0.4166 0.6166 -0.4332 -0.7767 -0.4572 0.9764 0.6298
0.0272 0.4342 0.5768 -0.5506 -0.7512 -0.3641 0.9776 0.6141
-0.4945 0.1082 -0.2791 0.0000 0.9015 0.4328 0.3941 0.5503
-0.5168 0.1082 -0.2791 0.0000 0.9372 0.3488 0.6435 0.5508
-0.4945 0.1082 -0.2791 0.0000 0.9015 0.4328 0.6444 0.5595
-0.4033 0.0047 0.5034 0.0000 0.9914 0.1311 0.9002 0.5585
-0.5168 0.1082 -0.2791 0.0000 0.9372 0.3488 0.6435 0.5508
-0.4033 0.0047 0.5034 0.0000 0.9914 0.1311 0.9002 0.5585
-0.2640 -0.1969 0.2316 0.9998 0.0000 -0.0214 0.4880 0.7712
-0.2640 -0.4682 0.2316 0.9998 0.0000 -0.0214 0.4883 0.6920
-0.2561 -0.4678 0.5979 0.9998 0.0000 -0.0214 0.6319 0.6921
-0.2640 -0.1969 0.2316 0.9998 0.0000 -0.0214 0.4880 0.7712
-0.2561 -0.4678 0.5979 0.9998 0.0000 -0.0214 0.6319 0.6921
-0.2561 -0.1382 0.5979 0.9998 0.0000 -0.0214 0.6316 0.7948
-0.4898 0.0047 0.5034 -0.0114 0.4998 -0.8661 0.8993 0.5510
-0.4033 0.0047 0.5034 -0.0114 0.4998 -0.8661 0.9002 0.5585
-0.3971 0.0846 0.5482 -0.0090 0.2623 -0.9649 0.9388 0.5593
-0.4898 0.0047 0.5034 -0.0114 0.4998 -0.8661 0.8993 0.5510
-0.3971 0.0846 0.5482 -0.0090 0.2623 -0.9649 0.9388 0.5593
-0.3077 0.1082 -0.2791 0.0000 0.0000 1.0000 0.1114 0.7249
-0.3077 -0.3016 -0.2791 0.0000 0.0000 1.0000 0.0715 0.8801
-0.4945 -0.3005 -0.2791 0.0000 0.0000 1.0000 0.0013 0.8608
-0.3077 0.1082 -0.2791 0.0000 0.0000 1.0000 0.1114 0.7249
-0.4945 -0.3005 -0.2791 0.0000 0.0000 1.0000 0.0013 0.8608
-0.4945 0.1082 -0.2791 0.0000 0.0000 1.0000 0.0427 0.7071
-0.3178 0.1486 0.5555 0.6057 -0.7107 -0.3579 0.9167 0.7736
-0.3971 0.0846 0.5482 0.6057 -0.7107 -0.3579 0.9144 0.8133
-0.3294 0.1173 0.5979 0.6057 -0.7107 -0.3579 0.9347 0.7845
-0.2561 -0.4678 0.5979 0.9981 0.0000 -0.0611 0.6319 0.6921
-0.2437 -0.4678 0.8015 0.9981 0.0000 -0.0611 0.7112 0.6921
-0.2437 -0.0915 0.8015 0.9981 0.0000 -0.0611 0.7190 0.7651
-0.2561 -0.4678 0.5979 0.9981 0.0000 -0.0611 0.6319 0.6921
-0.2437 -0.0915 0.8015 0.9981 0.0000 -0.0611 0.7190 0.7651
-0.2561 -0.1382 0.5979 0.9981 0.0000 -0.0611 0.6416 0.7954
0.2739 -0.2435 -0.0607 0.0000 0.2587 0.9660 0.1594 0.8806
-0.2739 -0.2435 -0.0607 0.0000 0.2587 0.9660 0.3918 0.8814
-0.2984 0.0795 -0.1473 0.0000 0.2587 0.9660 0.3922 0.7511
0.2739 -0.2435 -0.0607 0.0000 0.2587 0.9660 0.1594 0.8806
-0.2984 0.0795 -0.1473 0.0000 0.2587 0.9660 0.3922 0.7511
0.2984 0.0795 -0.1473 0.0000 0.2587 0.9660 0.1592 0.7481
0.3077 -0.3016 -0.2791 0.9922 -0.0186 0.1235 0.0713 0.8801
0.2739 -0.2435 -0.0607 0.9922 -0.0186 0.1235 0.1594 0.8806
0.2984 0.0795 -0.1473 0.9922 -0.0186 0.1235 0.1592 0.7481
0.3077 -0.3016 -0.2791 0.9922 -0.0186 0.1235 0.0713 0.8801
0.2984 0.0795 -0.1473 0.9922 -0.0186 0.1235 0.1592 0.7481
0.3077 0.1082 -0.2791 0.9922 -0.0186 0.1235 0.1114 0.7250
-0.3077 0.1082 -0.2791 -0.9922 -0.0186 0.1235 0.1114 0.7249
-0.2984 0.0795 -0.1473 -0.9922 -0.0186 0.1235 0.1590 0.7476
-0.2739 -0.2435 -0.0607 -0.9922 -0.0186 0.1235 0.1596 0.8802
-0.3077 0.1082 -0.2791 -0.9922 -0.0186 0.1235 0.1114 0.7249
-0.2739 -0.2435 -0.0607 -0.9922 -0.0186 0.1235 0.1596 0.8802
-0.3077 -0.3016 -0.2791 -0.9922 -0.0186 0.1235 0.0715 0.8801
-0.0733 -0.4678 0.5781 0.0000 0.1836 -0.9830 0.2092 0.6868
0.0733 -0.4678 0.5781 0.0000 0.1836 -0.9830 0.2660 0.6870
0.0733 -0.1059 0.6457 0.0000 0.1836 -0.9830 0.2660 0.5649
-0.0733 -0.4678 0.5781 0.0000 0.1836 -0.9830 0.2092 0.6868
0.0733 -0.1059 0.6457 0.0000 0.1836 -0.9830 0.2660 0.5649
-0.0733 -0.1059 0.6457 0.0000 0.1836 -0.9830 0.2092 0.5647
-0.2640 -0.1969 0.2316 -0.1521 0.9768 -0.1507 0.7785 0.5193
-0.4159 -0.2350 0.1381 -0.1521 0.9768 -0.1507 0.7412 0.4691
-0.2739 -0.2435 -0.0607 -0.1521 0.9768 -0.1507 0.6644 0.5161
0.2640 -0.1969 0.2316 0.1521 0.9768 -0.1507 0.7783 0.5194
0.2739 -0.2435 -0.0607 0.1521 0.9768 -0.1507 0.6641 0.5162
0.4159 -0.2350 0.1381 0.1521 0.9768 -0.1507 0.7411 0.4692
-0.1535 0.5234 -0.8667 0.0000 -0.0429 0.9991 0.2614 0.2702
-0.2468 0.5234 -0.8667 0.0000 -0.0429 0.9991 0.2977 0.2702
0.2468 0.5234 -0.8667 0.0000 -0.0429 0.9991 0.1055 0.2702
0.1535 0.5234 -0.8667 0.0000 -0.0429 0.9991 0.1418 0.2702
0.1535 0.5234 -0.8667 0.0000 -0.0429 0.9991 0.1418 0.2702
-0.1535 0.5234 -0.8667 0.0000 -0.0429 0.9991 0.2614 0.2702
0.1535 0.5234 -0.8667 0.0000 -0.0429 0.9991 0.1418 0.2702
0.2561 -0.4678 0.5979 -0.9981 0.0000 -0.0611 0.6319 0.6921
0.2561 -0.1382 0.5979 -0.9981 0.0000 -0.0611 0.6416 0.7954
0.2437 -0.0915 0.8015 -0.9981 0.0000 -0.0611 0.7190 0.7650
0.2561 -0.4678 0.5979 -0.9981 0.0000 -0.0611 0.6319 0.6921
0.2437 -0.0915 0.8015 -0.9981 0.0000 -0.0611 0.7190 0.7650
0.2437 -0.4678 0.8015 -0.9981 0.0000 -0.0611 0.7112 0.6922
0.3971 -0.1364 0.5482 -0.9932 0.0016 -0.1168 0.7592 0.8589
0.4945 -0.3005 -0.2791 -0.9932 0.0016 -0.1168 0.4741 0.8027
0.4945 0.1082 -0.2791 -0.9932 0.0016 -0.1168 0.4741 0.9425
0.4033 0.0047 0.5034 -0.9932 0.0016 -0.1168 0.7437 0.9071
0.3971 0.0846 0.5482 -0.9932 0.0016 -0.1168 0.7592 0.9345
0.3971 -0.1364 0.5482 -0.9932 0.0016 -0.1168 0.7592 0.8589
0.3971 -0.1364 0.5482 -0.9932 0.0016 -0.1168 0.7592 0.8589
0.4945 0.1082 -0.2791 -0.9932 0.0016 -0.1168 0.4741 0.9425
0.4033 0.0047 0.5034 -0.9932 0.0016 -0.1168 0.7437 0.9071
-0.4146 0.0851 0.5499 -0.0105 0.3979 -0.9174 0.9096 0.8182
-0.3971 0.0846 0.5482 -0.0090 0.2623 -0.9649 0.9144 0.8133
-0.3971 0.0846 0.5482 -0.0090 0.2623 -0.9649 0.9144 0.8133
-0.3971 -0.1364 0.5482 0.2311 0.9435 -0.2374 0.9036 0.4746
-0.4945 -0.3005 -0.2791 0.2311 0.9435 -0.2374 0.5765 0.4401
-0.4159 -0.2350 0.1381 0.2311 0.9435 -0.2374 0.7412 0.4691
-0.3971 -0.1364 0.5482 0.2311 0.9435 -0.2374 0.9036 0.4746
-0.4159 -0.2350 0.1381 0.2311 0.9435 -0.2374 0.7412 0.4691
-0.2561 -0.1382 0.5979 0.2311 0.9435 -0.2374 0.9229 0.5012
0.0733 -0.1059 0.6457 0.0000 0.9857 -0.1688 0.2660 0.5649
0.0733 -0.0792 0.8015 0.0000 0.9857 -0.1688 0.3318 0.5756
-0.0733 -0.0792 0.8015 0.0000 0.9857 -0.1688 0.0000 1.0000
0.0733 -0.1059 0.6457 0.0000 0.9857 -0.1688 0.2660 0.5649
-0.0733 -0.0792 0.8015 0.0000 0.9857 -0.1688 0.0000 1.0000
-0.0733 -0.1059 0.6457 0.0000 0.9857 -0.1688 0.2092 0.5647
0.2437 -0.0915 0.8015 -0.0926 0.9693 -0.2277 0.8793 0.4793
0.2561 -0.1382 0.5979 -0.0926 0.9693 -0.2277 0.8242 0.4506
0.3971 -0.1364 0.5482 -0.0926 0.9693 -0.2277 0.7903 0.4793
0.3294 0.1173 0.5979 -0.7370 0.3859 -0.5549 0.3731 0.1129
0.0297 0.1302 1.0050 -0.2636 0.6435 -0.7186 0.2215 0.0160
0.0733 -0.0792 0.8015 -0.4359 0.5789 -0.6891 0.2375 0.1199
0.0733 -0.0792 0.8015 -0.0495 -0.6866 -0.7254 0.2375 0.1199
0.2437 -0.0915 0.8015 -0.0495 -0.6866 -0.7254 0.2783 0.1649
0.3294 0.1173 0.5979 -0.0495 -0.6866 -0.7254 0.3731 0.1129
-0.3294 0.1173 0.5979 0.8158 -0.1064 -0.5684 0.0497 0.1144
-0.3971 0.0846 0.5482 0.8158 -0.1064 -0.5684 0.0246 0.1344
-0.3971 -0.1364 0.5482 0.8158 -0.1064 -0.5684 0.0480 0.2095
-0.3294 0.1173 0.5979 0.8158 -0.1064 -0.5684 0.0497 0.1144
-0.3971 -0.1364 0.5482 0.8158 -0.1064 -0.5684 0.0480 0.2095
-0.2437 -0.0915 0.8015 0.8158 -0.1064 -0.5684 0.1450 0.1655
-0.3971 -0.1364 0.5482 0.0926 0.9693 -0.2277 0.7874 0.4473
-0.2561 -0.1382 0.5979 0.0926 0.9693 -0.2277 0.8238 0.4782
-0.2437 -0.0915 0.8015 0.0926 0.9693 -0.2277 0.8829 0.4473
0.3971 -0.1364 0.5482 -0.7919 -0.0931 -0.6035 0.3758 0.2079
0.4146 0.0851 0.5499 -0.7919 -0.0931 -0.6035 0.4032 0.1338
0.3294 0.1173 0.5979 -0.7919 -0.0931 -0.6035 0.3731 0.1129
0.3971 -0.1364 0.5482 -0.7919 -0.0931 -0.6035 0.3758 0.2079
0.3294 0.1173 0.5979 -0.7919 -0.0931 -0.6035 0.3731 0.1129
0.2437 -0.0915 0.8015 -0.7919 -0.0931 -0.6035 0.2783 0.1649
0.0733 -0.0792 0.8015 -0.4359 0.5789 -0.6891 0.2375 0.1199
0.0297 0.1302 1.0050 -0.2636 0.6435 -0.7186 0.2215 0.0160
0.0000 0.1303 1.0050 0.0000 0.6969 -0.7172 0.2109 0.0160
0.0000 0.1303 1.0050 0.0000 0.6969 -0.7172 0.2109 0.0160
-0.0297 0.1302 1.0050 0.2636 0.6435 -0.7186 0.2004 0.0161
-0.0733 -0.0792 0.8015 0.4359 0.5789 -0.6891 0.1854 0.1201
0.0000 0.1303 1.0050 0.0000 0.6969 -0.7172 0.2109 0.0160
-0.0733 -0.0792 0.8015 0.4359 0.5789 -0.6891 0.1854 0.1201
0.0733 -0.0792 0.8015 -0.4359 0.5789 -0.6891 0.2375 0.1199
-0.3294 0.1173 0.5979 0.7370 0.3859 -0.5549 0.0497 0.1144
-0.0733 -0.0792 0.8015 0.4359 0.5789 -0.6891 0.1854 0.1201
-0.0297 0.1302 1.0050 0.2636 0.6435 -0.7186 0.2004 0.0161
-0.2437 -0.0915 0.8015 0.0495 -0.6866 -0.7254 0.1450 0.1655
-0.0733 -0.0792 0.8015 0.0495 -0.6866 -0.7254 0.1854 0.1201
-0.3294 0.1173 0.5979 0.0495 -0.6866 -0.7254 0.0497 0.1144
7 12 40
7 13 12
81 14 82
41 81 50
14 81 41
20 5 23
20 35 5
89 8 11
90 91 8
92 94 93
95 97 96
98 6 9
99 100 6
43 102 101
103 104 10
105 107 106
80 108 51
80 78 109
79 16 38
79 52 16
25 16 36
25 38 16
26 18 24
26 17 18
4 37 3
4 39 37
22 30 31
22 21 30
66 110 70
66 112 111
28 34 33
28 29 34
113 32 114
115 27 32
116 118 117
119 121 120
74 72 122
123 74 124
125 75 74
126 128 127
129 131 130
132 134 133
53 18 17
53 54 18
135 72 69
79 18 54
79 38 18
136 138 137
139 141 140
19 25 36
142 144 143
145 147 146
148 150 149
0 76 2
76 151 77
0 152 76
153 155 154
156 15 157
25 18 38
25 24 18
21 158 30
21 160 159
161 48 49
162 163 48
1 165 164
166 44 167
168 47 44
169 171 170
172 174 173
175 42 176
177 45 42
178 180 179
181 46 182
183 185 184
186 188 187
189 83 84
190 191 83
61 52 79
61 192 52
62 54 53
62 60 54
58 68 57
58 193 68
66 195 194
66 70 196
64 73 65
64 197 73
198 71 63
199 200 71
201 203 202
204 206 205
207 74 208
209 74 75
210 72 74
211 213 212
214 216 215
217 219 218
55 220 61
221 223 222
224 56 225
226 228 227
229 231 230
232 234 233
235 59 236
237 239 238
240 242 241
61 54 60
61 79 54
243 245 244
246 248 247
249 251 250
252 254 253
255 257 256
258 260 259
261 263 262
264 266 265
267 269 268
270 272 271
273 275 274
276 278 277
279 281 280
282 86 283
86 67 85
67 88 87
88 285 284
286 86 287
86 88 67
86 288 88
289 291 290
292 294 293
295 297 296
298 300 299
301 303 302
57 305 304
57 68 306
307 309 308
310 312 311
313 315 314
316 318 317
319 321 320
322 324 323
325 327 326
328 330 329
331 333 332
334 336 335
337 339 338
340 342 341
343 345 344
346 348 347
349 351 350
352 354 353
355 357 356
LABEL HUDBracketLeft
MATERIAL 1
TEXTURE 1
FLAG 0
GEOM 86 34
-1.0000 -1.0000 -1.0000 -1.0000 0.0000 0.0000 0.9584 0.8559
-1.0000 -1.0000 1.0000 -1.0000 0.0000 0.0000 0.9563 0.8574
1.0000 -1.0000 1.0000 1.0000 0.0000 0.0000 0.9559 0.8576
1.0000 -1.0000 -1.0000 1.0000 0.0000 0.0000 0.9569 0.8569
-1.0000 1.0000 -1.0000 -1.0000 0.0000 0.0000 0.9569 0.8569
-1.0000 1.0000 1.0000 -1.0000 0.0000 0.0000 0.9559 0.8577
1.0000 1.0000 1.0000 0.0000 0.9167 0.3996 0.9556 0.8577
1.0000 1.0000 -1.0000 1.0000 0.0000 0.0000 0.9565 0.8572
-1.0000 -0.4754 2.2035 -1.0000 0.0000 0.0000 0.9551 0.8582
1.0000 -0.4754 2.2035 1.0000 0.0000 0.0000 0.9549 0.8583
-1.0000 0.4754 2.2035 0.0000 0.9167 0.3996 0.9550 0.8586
1.0000 0.4754 2.2035 0.0000 0.9167 0.3996 0.9547 0.8581
-1.0000 -0.4559 3.5105 -1.0000 0.0000 0.0000 0.9537 0.8588
1.0000 -0.4559 3.5105 1.0000 0.0000 0.0000 0.9539 0.8593
-1.0000 0.4559 5.4492 0.0000 1.0000 0.0060 0.9477 0.8648
1.0000 0.4559 5.4492 1.0000 0.0000 0.0000 0.9461 0.8624
1.0348 -2.5702 22.9755 0.0000 0.9854 0.1701 0.8443 0.9254
-0.9652 -2.5702 22.9755 -1.0000 -0.0079 0.0009 0.8459 0.9328
1.0348 -2.4170 18.5231 0.0000 -0.9916 -0.1295 0.8737 0.9126
-0.9652 -2.4170 18.5231 0.0000 -0.9916 -0.1295 0.8715 0.9104
-1.0000 1.0000 1.0000 0.0000 0.9167 0.3996 0.9559 0.8577
-1.0000 1.0000 1.0000 0.0000 0.9167 0.3996 0.9559 0.8577
1.0000 1.0000 1.0000 1.0000 0.0000 0.0000 0.9556 0.8577
1.0000 1.0000 1.0000 1.0000 0.0000 0.0000 0.9556 0.8577
1.0000 1.0000 -1.0000 0.0000 0.0000 -1.0000 0.9565 0.8572
-1.0000 1.0000 -1.0000 0.0000 0.0000 -1.0000 0.9569 0.8569
-1.0000 -1.0000 -1.0000 0.0000 0.0000 -1.0000 0.9584 0.8559
1.0000 1.0000 -1.0000 0.0000 0.0000 -1.0000 0.9565 0.8572
-1.0000 -1.0000 -1.0000 0.0000 0.0000 -1.0000 0.9584 0.8559
1.0000 -1.0000 -1.0000 0.0000 0.0000 -1.0000 0.9569 0.8569
-1.0000 -1.0000 -1.0000 0.0000 -1.0000 0.0000 0.9584 0.8559
-1.0000 -1.0000 1.0000 0.0000 -1.0000 0.0000 0.9563 0.8574
1.0000 -1.0000 1.0000 0.0000 -1.0000 0.0000 0.9559 0.8576
-1.0000 -1.0000 -1.0000 0.0000 -1.0000 0.0000 0.9584 0.8559
1.0000 -1.0000 1.0000 0.0000 -1.0000 0.0000 0.9559 0.8576
1.0000 -1.0000 -1.0000 0.0000 -1.0000 0.0000 0.9569 0.8569
1.0000 1.0000 -1.0000 0.0000 1.0000 0.0000 0.9565 0.8572
1.0000 1.0000 1.0000 0.0000 1.0000 0.0000 0.9556 0.8577
-1.0000 1.0000 1.0000 0.0000 1.0000 0.0000 0.9559 0.8577
1.0000 1.0000 -1.0000 0.0000 1.0000 0.0000 0.9565 0.8572
-1.0000 1.0000 1.0000 0.0000 1.0000 0.0000 0.9559 0.8577
-1.0000 1.0000 -1.0000 0.0000 1.0000 0.0000 0.9569 0.8569
1.0000 0.4754 2.2035 1.0000 0.0000 0.0000 0.9547 0.8581
1.0000 0.4754 2.2035 1.0000 0.0000 0.0000 0.9547 0.8581
-1.0000 0.4754 2.2035 -1.0000 0.0000 0.0000 0.9550 0.8586
-1.0000 0.4754 2.2035 -1.0000 0.0000 0.0000 0.9550 0.8586
1.0000 -1.0000 1.0000 0.0000 -0.9167 0.3996 0.9559 0.8576
-1.0000 -1.0000 1.0000 0.0000 -0.9167 0.3996 0.9563 0.8574
-1.0000 -0.4754 2.2035 0.0000 -0.9167 0.3996 0.9551 0.8582
1.0000 -1.0000 1.0000 0.0000 -0.9167 0.3996 0.9559 0.8576
-1.0000 -0.4754 2.2035 0.0000 -0.9167 0.3996 0.9551 0.8582
1.0000 -0.4754 2.2035 0.0000 -0.9167 0.3996 0.9549 0.8583
1.0000 1.0000 1.0000 1.0000 0.0000 0.0000 0.9556 0.8577
1.0000 1.0000 1.0000 1.0000 0.0000 0.0000 0.9556 0.8577
1.0000 0.4754 2.2035 1.0000 0.0000 0.0000 0.9547 0.8581
-1.0000 0.4754 2.2035 0.0000 1.0000 0.0060 0.9550 0.8586
1.0000 0.4754 2.2035 0.0000 1.0000 0.0060 0.9547 0.8581
1.0000 0.4559 5.4492 0.0000 1.0000 0.0060 0.9461 0.8624
-1.0000 0.4754 2.2035 0.0000 1.0000 0.0060 0.9550 0.8586
1.0000 0.4559 5.4492 0.0000 1.0000 0.0060 0.9461 0.8624
-1.0000 0.4754 2.2035 -1.0000 0.0000 0.0000 0.9550 0.8586
-1.0000 0.4559 5.4492 -1.0000 0.0000 0.0000 0.9477 0.8648
-1.0000 0.4559 5.4492 -1.0000 0.0000 0.0000 0.9477 0.8648
1.0000 -0.4754 2.2035 0.0000 -0.9999 0.0149 0.9549 0.8583
-1.0000 -0.4754 2.2035 0.0000 -0.9999 0.0149 0.9551 0.8582
-1.0000 -0.4559 3.5105 0.0000 -0.9999 0.0149 0.9537 0.8588
1.0000 -0.4754 2.2035 0.0000 -0.9999 0.0149 0.9549 0.8583
-1.0000 -0.4559 3.5105 0.0000 -0.9999 0.0149 0.9537 0.8588
1.0000 -0.4559 3.5105 0.0000 -0.9999 0.0149 0.9539 0.8593
1.0000 -0.4559 3.5105 0.0000 -0.9916 -0.1295 0.9539 0.8593
-1.0000 -0.4559 3.5105 0.0000 -0.9916 -0.1295 0.9537 0.8588
1.0000 -0.4559 3.5105 0.0000 -0.9916 -0.1295 0.9539 0.8593
-1.0000 -0.4559 3.5105 -1.0000 -0.0079 0.0009 0.9537 0.8588
-1.0000 0.4559 5.4492 -1.0000 -0.0079 0.0009 0.9477 0.8648
-1.0000 -0.4559 3.5105 -1.0000 -0.0079 0.0009 0.9537 0.8588
-0.9652 -2.4170 18.5231 -1.0000 -0.0079 0.0009 0.8715 0.9104
-1.0000 0.4559 5.4492 0.0000 0.9854 0.1701 0.9477 0.8648
1.0000 0.4559 5.4492 0.0000 0.9854 0.1701 0.9461 0.8624
-1.0000 0.4559 5.4492 0.0000 0.9854 0.1701 0.9477 0.8648
-0.9652 -2.5702 22.9755 0.0000 0.9854 0.1701 0.8459 0.9328
1.0000 0.4559 5.4492 1.0000 0.0079 -0.0009 0.9461 0.8624
1.0000 -0.4559 3.5105 1.0000 0.0079 -0.0009 0.9539 0.8593
1.0348 -2.4170 18.5231 1.0000 0.0079 -0.0009 0.8737 0.9126
1.0000 0.4559 5.4492 1.0000 0.0079 -0.0009 0.9461 0.8624
1.0348 -2.4170 18.5231 1.0000 0.0079 -0.0009 0.8737 0.9126
1.0348 -2.5702 22.9755 1.0000 0.0079 -0.0009 0.8443 0.9254
4 1 5
4 0 1
20 11 6
21 10 11
22 3 7
23 2 3
24 26 25
27 29 28
30 32 31
33 35 34
36 38 37
39 41 40
42 13 9
43 15 13
1 44 5
1 8 45
46 48 47
49 51 50
52 9 2
53 54 9
55 57 56
58 14 59
8 61 60
8 12 62
63 65 64
66 68 67
69 19 70
71 18 19
72 17 73
74 75 17
76 16 77
78 79 16
80 82 81
83 85 84
LABEL HUDBracketRight
MATERIAL 1
TEXTURE 1
FLAG 0
GEOM 86 34
-1.0000 -1.0000 -1.0000 -1.0000 0.0000 0.0000 0.9584 0.8559
-1.0000 -1.0000 1.0000 -1.0000 0.0000 0.0000 0.9563 0.8574
1.0000 -1.0000 1.0000 1.0000 0.0000 0.0000 0.9559 0.8576
1.0000 -1.0000 -1.0000 1.0000 0.0000 0.0000 0.9569 0.8569
-1.0000 1.0000 -1.0000 -1.0000 0.0000 0.0000 0.9569 0.8569
-1.0000 1.0000 1.0000 -1.0000 0.0000 0.0000 0.9559 0.8577
1.0000 1.0000 1.0000 0.0000 0.9167 0.3996 0.9556 0.8577
1.0000 1.0000 -1.0000 1.0000 0.0000 0.0000 0.9565 0.8572
-1.0000 -0.4754 2.2035 -1.0000 0.0000 0.0000 0.9551 0.8582
1.0000 -0.4754 2.2035 1.0000 0.0000 0.0000 0.9549 0.8583
-1.0000 0.4754 2.2035 0.0000 0.9167 0.3996 0.9550 0.8586
1.0000 0.4754 2.2035 0.0000 0.9167 0.3996 0.9547 0.8581
-1.0000 -0.4559 3.5105 -1.0000 0.0000 0.0000 0.9537 0.8588
1.0000 -0.4559 3.5105 1.0000 0.0000 0.0000 0.9539 0.8593
-1.0000 0.4559 5.4492 0.0000 1.0000 0.0060 0.9477 0.8648
1.0000 0.4559 5.4492 1.0000 0.0000 0.0000 0.9461 0.8624
1.0348 -2.5702 22.9755 0.0000 0.9854 0.1701 0.8443 0.9254
-0.9652 -2.5702 22.9755 -1.0000 -0.0079 0.0009 0.8459 0.9328
1.0348 -2.4170 18.5231 0.0000 -0.9916 -0.1295 0.8737 0.9126
-0.9652 -2.4170 18.5231 0.0000 -0.9916 -0.1295 0.8715 0.9104
-1.0000 1.0000 1.0000 0.0000 0.9167 0.3996 0.9559 0.8577
-1.0000 1.0000 1.0000 0.0000 0.9167 0.3996 0.9559 0.8577
1.0000 1.0000 1.0000 1.0000 0.0000 0.0000 0.9556 0.8577
1.0000 1.0000 1.0000 1.0000 0.0000 0.0000 0.9556 0.8577
1.0000 1.0000 -1.0000 0.0000 0.0000 -1.0000 0.9565 0.8572
-1.0000 1.0000 -1.0000 0.0000 0.0000 -1.0000 0.9569 0.8569
-1.0000 -1.0000 -1.0000 0.0000 0.0000 -1.0000 0.9584 0.8559
1.0000 1.0000 -1.0000 0.0000 0.0000 -1.0000 0.9565 0.8572
-1.0000 -1.0000 -1.0000 0.0000 0.0000 -1.0000 0.9584 0.8559
1.0000 -1.0000 -1.0000 0.0000 0.0000 -1.0000 0.9569 0.8569
-1.0000 -1.0000 -1.0000 0.0000 -1.0000 0.0000 0.9584 0.8559
-1.0000 -1.0000 1.0000 0.0000 -1.0000 0.0000 0.9563 0.8574
1.0000 -1.0000 1.0000 0.0000 -1.0000 0.0000 0.9559 0.8576
-1.0000 -1.0000 -1.0000 0.0000 -1.0000 0.0000 0.9584 0.8559
1.0000 -1.0000 1.0000 0.0000 -1.0000 0.0000 0.9559 0.8576
1.0000 -1.0000 -1.0000 0.0000 -1.0000 0.0000 0.9569 0.8569
1.0000 1.0000 -1.0000 0.0000 1.0000 0.0000 0.9565 0.8572
1.0000 1.0000 1.0000 0.0000 1.0000 0.0000 0.9556 0.8577
-1.0000 1.0000 1.0000 0.0000 1.0000 0.0000 0.9559 0.8577
1.0000 1.0000 -1.0000 0.0000 1.0000 0.0000 0.9565 0.8572
-1.0000 1.0000 1.0000 0.0000 1.0000 0.0000 0.9559 0.8577
-1.0000 1.0000 -1.0000 0.0000 1.0000 0.0000 0.9569 0.8569
1.0000 0.4754 2.2035 1.0000 0.0000 0.0000 0.9547 0.8581
1.0000 0.4754 2.2035 1.0000 0.0000 0.0000 0.9547 0.8581
-1.0000 0.4754 2.2035 -1.0000 0.0000 0.0000 0.9550 0.8586
-1.0000 0.4754 2.2035 -1.0000 0.0000 0.0000 0.9550 0.8586
1.0000 -1.0000 1.0000 0.0000 -0.9167 0.3996 0.9559 0.8576
-1.0000 -1.0000 1.0000 0.0000 -0.9167 0.3996 0.9563 0.8574
-1.0000 -0.4754 2.2035 0.0000 -0.9167 0.3996 0.9551 0.8582
1.0000 -1.0000 1.0000 0.0000 -0.9167 0.3996 0.9559 0.8576
-1.0000 -0.4754 2.2035 0.0000 -0.9167 0.3996 0.9551 0.8582
1.0000 -0.4754 2.2035 0.0000 -0.9167 0.3996 0.9549 0.8583
1.0000 1.0000 1.0000 1.0000 0.0000 0.0000 0.9556 0.8577
1.0000 1.0000 1.0000 1.0000 0.0000 0.0000 0.9556 0.8577
1.0000 0.4754 2.2035 1.0000 0.0000 0.0000 0.9547 0.8581
-1.0000 0.4754 2.2035 0.0000 1.0000 0.0060 0.9550 0.8586
1.0000 0.4754 2.2035 0.0000 1.0000 0.0060 0.9547 0.8581
1.0000 0.4559 5.4492 0.0000 1.0000 0.0060 0.9461 0.8624
-1.0000 0.4754 2.2035 0.0000 1.0000 0.0060 0.9550 0.8586
1.0000 0.4559 5.4492 0.0000 1.0000 0.0060 0.9461 0.8624
-1.0000 0.4754 2.2035 -1.0000 0.0000 0.0000 0.9550 0.8586
-1.0000 0.4559 5.4492 -1.0000 0.0000 0.0000 0.9477 0.8648
-1.0000 0.4559 5.4492 -1.0000 0.0000 0.0000 0.9477 0.8648
1.0000 -0.4754 2.2035 0.0000 -0.9999 0.0149 0.9549 0.8583
-1.0000 -0.4754 2.2035 0.0000 -0.9999 0.0149 0.9551 0.8582
-1.0000 -0.4559 3.5105 0.0000 -0.9999 0.0149 0.9537 0.8588
1.0000 -0.4754 2.2035 0.0000 -0.9999 0.0149 0.9549 0.8583
-1.0000 -0.4559 3.5105 0.0000 -0.9999 0.0149 0.9537 0.8588
1.0000 -0.4559 3.5105 0.0000 -0.9999 0.0149 0.9539 0.8593
1.0000 -0.4559 3.5105 0.0000 -0.9916 -0.1295 0.9539 0.8593
-1.0000 -0.4559 3.5105 0.0000 -0.9916 -0.1295 0.9537 0.8588
1.0000 -0.4559 3.5105 0.0000 -0.9916 -0.1295 0.9539 0.8593
-1.0000 -0.4559 3.5105 -1.0000 -0.0079 0.0009 0.9537 0.8588
-1.0000 0.4559 5.4492 -1.0000 -0.0079 0.0009 0.9477 0.8648
-1.0000 -0.4559 3.5105 -1.0000 -0.0079 0.0009 0.9537 0.8588
-0.9652 -2.4170 18.5231 -1.0000 -0.0079 0.0009 0.8715 0.9104
-1.0000 0.4559 5.4492 0.0000 0.9854 0.1701 0.9477 0.8648
1.0000 0.4559 5.4492 0.0000 0.9854 0.1701 0.9461 0.8624
-1.0000 0.4559 5.4492 0.0000 0.9854 0.1701 0.9477 0.8648
-0.9652 -2.5702 22.9755 0.0000 0.9854 0.1701 0.8459 0.9328
1.0000 0.4559 5.4492 1.0000 0.0079 -0.0009 0.9461 0.8624
1.0000 -0.4559 3.5105 1.0000 0.0079 -0.0009 0.9539 0.8593
1.0348 -2.4170 18.5231 1.0000 0.0079 -0.0009 0.8737 0.9126
1.0000 0.4559 5.4492 1.0000 0.0079 -0.0009 0.9461 0.8624
1.0348 -2.4170 18.5231 1.0000 0.0079 -0.0009 0.8737 0.9126
1.0348 -2.5702 22.9755 1.0000 0.0079 -0.0009 0.8443 0.9254
4 1 5
4 0 1
20 11 6
21 10 11
22 3 7
23 2 3
24 26 25
27 29 28
30 32 31
33 35 34
36 38 37
39 41 40
42 13 9
43 15 13
1 44 5
1 8 45
46 48 47
49 51 50
52 9 2
53 54 9
55 57 56
58 14 59
8 61 60
8 12 62
63 65 64
66 68 67
69 19 70
71 18 19
72 17 73
74 75 17
76 16 77
78 79 16
80 82 81
83 85 84
LABEL vcCrsHunds
MATERIAL 2
TEXTURE 2
FLAG 0
GEOM 4 2
-10.4607 -14.7282 -0.0000 0.0000 0.0000 -1.0000 0.3005 0.4164
9.8795 -14.7282 -0.0000 0.0000 0.0000 -1.0000 0.3088 0.4164
-10.4607 15.5946 0.0000 0.0000 0.0000 -1.0000 0.3005 0.4022
9.8795 15.5946 0.0000 0.0000 0.0000 -1.0000 0.3088 0.4022
0 3 1
0 2 3
LABEL vcCrsOnes
MATERIAL 2
TEXTURE 2
FLAG 0
GEOM 4 2
-10.4607 -14.7282 -0.0000 0.0000 0.0000 -1.0000 0.3005 0.4164
9.8795 -14.7282 -0.0000 0.0000 0.0000 -1.0000 0.3088 0.4164
-10.4607 15.5946 0.0000 0.0000 0.0000 -1.0000 0.3005 0.4022
9.8795 15.5946 0.0000 0.0000 0.0000 -1.0000 0.3088 0.4022
0 3 1
0 2 3
LABEL vcCrsTens
MATERIAL 2
TEXTURE 2
FLAG 0
GEOM 4 2
-10.4607 -14.7282 -0.0000 0.0000 0.0000 -1.0000 0.3005 0.4164
9.8795 -14.7282 -0.0000 0.0000 0.0000 -1.0000 0.3088 0.4164
-10.4607 15.5946 0.0000 0.0000 0.0000 -1.0000 0.3005 0.4022
9.8795 15.5946 0.0000 0.0000 0.0000 -1.0000 0.3088 0.4022
0 3 1
0 2 3
LABEL vcCRSWindow
MATERIAL 2
TEXTURE 2
FLAG 0
GEOM 4 2
-29.2387 -14.5553 0.0000 0.0000 0.0000 -1.0000 0.2660 0.4078
27.6143 -14.5553 0.0000 0.0000 0.0000 -1.0000 0.2879 0.4078
-29.2387 15.4115 0.0000 0.0000 0.0000 -1.0000 0.2660 0.3930
27.6143 15.4115 0.0000 0.0000 0.0000 -1.0000 0.2879 0.3930
0 3 1
0 2 3
LABEL vcMilesHunds
MATERIAL 2
TEXTURE 2
FLAG 0
GEOM 4 2
-10.4607 -14.7282 -0.0000 0.0000 0.0000 -1.0000 0.3005 0.4164
9.8795 -14.7282 -0.0000 0.0000 0.0000 -1.0000 0.3088 0.4164
-10.4607 15.5946 0.0000 0.0000 0.0000 -1.0000 0.3005 0.4022
9.8795 15.5946 0.0000 0.0000 0.0000 -1.0000 0.3088 0.4022
0 3 1
0 2 3
LABEL vcMilesOnes
MATERIAL 2
TEXTURE 2
FLAG 0
GEOM 4 2
-10.4607 -14.7282 -0.0000 0.0000 0.0000 -1.0000 0.3005 0.4164
9.8795 -14.7282 -0.0000 0.0000 0.0000 -1.0000 0.3088 0.4164
-10.4607 15.5946 0.0000 0.0000 0.0000 -1.0000 0.3005 0.4022
9.8795 15.5946 0.0000 0.0000 0.0000 -1.0000 0.3088 0.4022
0 3 1
0 2 3
LABEL vcMilesTens
MATERIAL 2
TEXTURE 2
FLAG 0
GEOM 4 2
-10.4607 -14.7282 -0.0000 0.0000 0.0000 -1.0000 0.3005 0.4164
9.8795 -14.7282 -0.0000 0.0000 0.0000 -1.0000 0.3088 0.4164
-10.4607 15.5946 0.0000 0.0000 0.0000 -1.0000 0.3005 0.4022
9.8795 15.5946 0.0000 0.0000 0.0000 -1.0000 0.3088 0.4022
0 3 1
0 2 3
LABEL vcMilesWindow
MATERIAL 2
TEXTURE 2
FLAG 0
GEOM 4 2
-29.2387 -14.5553 0.0000 0.0000 0.0000 -1.0000 0.2660 0.4078
27.6143 -14.5553 0.0000 0.0000 0.0000 -1.0000 0.2879 0.4078
-29.2387 15.4115 0.0000 0.0000 0.0000 -1.0000 0.2660 0.3930
27.6143 15.4115 0.0000 0.0000 0.0000 -1.0000 0.2879 0.3930
0 3 1
0 2 3
LABEL vcTDIAltHunds
MATERIAL 2
TEXTURE 2
FLAG 0
GEOM 4 2
-10.4607 -14.7282 -0.0000 0.0000 0.0000 -1.0000 0.3005 0.4164
9.8795 -14.7282 -0.0000 0.0000 0.0000 -1.0000 0.3088 0.4164
-10.4607 15.5946 0.0000 0.0000 0.0000 -1.0000 0.3005 0.4022
9.8795 15.5946 0.0000 0.0000 0.0000 -1.0000 0.3088 0.4022
0 3 1
0 2 3
LABEL vcTDIAltOnes
MATERIAL 2
TEXTURE 2
FLAG 0
GEOM 4 2
-10.4607 -14.7282 -0.0000 0.0000 0.0000 -1.0000 0.3005 0.4164
9.8795 -14.7282 -0.0000 0.0000 0.0000 -1.0000 0.3088 0.4164
-10.4607 15.5946 0.0000 0.0000 0.0000 -1.0000 0.3005 0.4022
9.8795 15.5946 0.0000 0.0000 0.0000 -1.0000 0.3088 0.4022
0 3 1
0 2 3
LABEL vcTDIAltTens
MATERIAL 2
TEXTURE 2
FLAG 0
GEOM 4 2
-10.4607 -14.7282 -0.0000 0.0000 0.0000 -1.0000 0.3005 0.4164
9.8795 -14.7282 -0.0000 0.0000 0.0000 -1.0000 0.3088 0.4164
-10.4607 15.5946 0.0000 0.0000 0.0000 -1.0000 0.3005 0.4022
9.8795 15.5946 0.0000 0.0000 0.0000 -1.0000 0.3088 0.4022
0 3 1
0 2 3
LABEL vcTDIAltTenThous
MATERIAL 2
TEXTURE 2
FLAG 0
GEOM 4 2
-10.4607 -14.7282 -0.0000 0.0000 0.0000 -1.0000 0.3005 0.4164
9.8795 -14.7282 -0.0000 0.0000 0.0000 -1.0000 0.3088 0.4164
-10.4607 15.5946 0.0000 0.0000 0.0000 -1.0000 0.3005 0.4022
9.8795 15.5946 0.0000 0.0000 0.0000 -1.0000 0.3088 0.4022
0 3 1
0 2 3
LABEL vcTDIAltThous
MATERIAL 2
TEXTURE 2
FLAG 0
GEOM 4 2
-10.4607 -14.7282 -0.0000 0.0000 0.0000 -1.0000 0.3005 0.4164
9.8795 -14.7282 -0.0000 0.0000 0.0000 -1.0000 0.3088 0.4164
-10.4607 15.5946 0.0000 0.0000 0.0000 -1.0000 0.3005 0.4022
9.8795 15.5946 0.0000 0.0000 0.0000 -1.0000 0.3088 0.4022
0 3 1
0 2 3
LABEL vcTDIAltWindow
MATERIAL 2
TEXTURE 2
FLAG 0
GEOM 4 2
-29.2387 -14.5553 0.0000 0.0000 0.0000 -1.0000 0.2660 0.4078
27.6143 -14.5553 0.0000 0.0000 0.0000 -1.0000 0.2879 0.4078
-29.2387 15.4115 0.0000 0.0000 0.0000 -1.0000 0.2660 0.3930
27.6143 15.4115 0.0000 0.0000 0.0000 -1.0000 0.2879 0.3930
0 3 1
0 2 3
LABEL vcTDIKeasHunds
MATERIAL 2
TEXTURE 2
FLAG 0
GEOM 4 2
-10.4607 -14.7282 -0.0000 0.0000 0.0000 -1.0000 0.3005 0.4164
9.8795 -14.7282 -0.0000 0.0000 0.0000 -1.0000 0.3088 0.4164
-10.4607 15.5946 0.0000 0.0000 0.0000 -1.0000 0.3005 0.4022
9.8795 15.5946 0.0000 0.0000 0.0000 -1.0000 0.3088 0.4022
0 3 1
0 2 3
LABEL vcTDIKeasOnes
MATERIAL 2
TEXTURE 2
FLAG 0
GEOM 4 2
-10.4607 -14.7282 -0.0000 0.0000 0.0000 -1.0000 0.3005 0.4164
9.8795 -14.7282 -0.0000 0.0000 0.0000 -1.0000 0.3088 0.4164
-10.4607 15.5946 0.0000 0.0000 0.0000 -1.0000 0.3005 0.4022
9.8795 15.5946 0.0000 0.0000 0.0000 -1.0000 0.3088 0.4022
0 3 1
0 2 3
LABEL vcTDIKeasTens
MATERIAL 2
TEXTURE 2
FLAG 0
GEOM 4 2
-10.4607 -14.7282 -0.0000 0.0000 0.0000 -1.0000 0.3005 0.4164
9.8795 -14.7282 -0.0000 0.0000 0.0000 -1.0000 0.3088 0.4164
-10.4607 15.5946 0.0000 0.0000 0.0000 -1.0000 0.3005 0.4022
9.8795 15.5946 0.0000 0.0000 0.0000 -1.0000 0.3088 0.4022
0 3 1
0 2 3
LABEL vcTDIKEASWindow
MATERIAL 2
TEXTURE 2
FLAG 0
GEOM 4 2
-29.2387 -14.5553 0.0000 0.0000 0.0000 -1.0000 0.2660 0.4078
27.6143 -14.5553 0.0000 0.0000 0.0000 -1.0000 0.2879 0.4078
-29.2387 15.4115 0.0000 0.0000 0.0000 -1.0000 0.2660 0.3930
27.6143 15.4115 0.0000 0.0000 0.0000 -1.0000 0.2879 0.3930
0 3 1
0 2 3
LABEL vcTDIMachHunds
MATERIAL 2
TEXTURE 2
FLAG 0
GEOM 4 2
-10.4607 -14.7282 -0.0000 0.0000 0.0000 -1.0000 0.3005 0.4164
9.8795 -14.7282 -0.0000 0.0000 0.0000 -1.0000 0.3088 0.4164
-10.4607 15.5946 0.0000 0.0000 0.0000 -1.0000 0.3005 0.4022
9.8795 15.5946 0.0000 0.0000 0.0000 -1.0000 0.3088 0.4022
0 3 1
0 2 3
LABEL vcTDIMachOne
MATERIAL 2
TEXTURE 2
FLAG 0
GEOM 4 2
-10.4607 -14.7282 -0.0000 0.0000 0.0000 -1.0000 0.3005 0.4164
9.8795 -14.7282 -0.0000 0.0000 0.0000 -1.0000 0.3088 0.4164
-10.4607 15.5946 0.0000 0.0000 0.0000 -1.0000 0.3005 0.4022
9.8795 15.5946 0.0000 0.0000 0.0000 -1.0000 0.3088 0.4022
0 3 1
0 2 3
LABEL vcTDIMachTens
MATERIAL 2
TEXTURE 2
FLAG 0
GEOM 4 2
-10.4607 -14.7282 -0.0000 0.0000 0.0000 -1.0000 0.3005 0.4164
9.8795 -14.7282 -0.0000 0.0000 0.0000 -1.0000 0.3088 0.4164
-10.4607 15.5946 0.0000 0.0000 0.0000 -1.0000 0.3005 0.4022
9.8795 15.5946 0.0000 0.0000 0.0000 -1.0000 0.3088 0.4022
0 3 1
0 2 3
LABEL vcTDIMachWindowLeft
MATERIAL 2
TEXTURE 2
FLAG 0
GEOM 4 2
-29.2387 -14.5553 0.0000 0.0000 0.0000 -1.0000 0.2660 0.4078
27.6143 -14.5553 0.0000 0.0000 0.0000 -1.0000 0.2879 0.4078
-29.2387 15.4115 0.0000 0.0000 0.0000 -1.0000 0.2660 0.3930
27.6143 15.4115 0.0000 0.0000 0.0000 -1.0000 0.2879 0.3930
0 3 1
0 2 3
LABEL vcTDIMachWindowRight
MATERIAL 2
TEXTURE 2
FLAG 0
GEOM 4 2
-29.2387 -14.5553 0.0000 0.0000 0.0000 -1.0000 0.2660 0.4078
27.6143 -14.5553 0.0000 0.0000 0.0000 -1.0000 0.2879 0.4078
-29.2387 15.4115 0.0000 0.0000 0.0000 -1.0000 0.2660 0.3930
27.6143 15.4115 0.0000 0.0000 0.0000 -1.0000 0.2879 0.3930
0 3 1
0 2 3
LABEL swThrottleLimit
MATERIAL 2
TEXTURE 2
FLAG 0
GEOM 148 54
-0.0066 -0.0056 -0.0164 0.4104 -0.9116 0.0225 0.2038 0.6246
-0.0031 -0.0040 -0.0177 0.4104 -0.9116 0.0225 0.2057 0.6141
-0.0016 -0.0003 -0.0183 0.9068 0.3790 -0.1844 0.2095 0.6040
-0.0031 0.0035 -0.0177 0.4067 0.9135 0.0102 0.2156 0.5934
-0.0066 0.0051 -0.0164 -0.2957 0.9105 0.2892 0.2229 0.5844
0.0004 -0.0020 0.0012 0.4104 -0.9116 0.0225 0.2632 0.6276
-0.0102 0.0035 -0.0152 -0.2957 0.9105 0.2892 0.2316 0.5768
-0.0116 -0.0003 -0.0146 -0.7875 0.3759 0.4885 0.2425 0.5708
-0.0102 -0.0040 -0.0152 -0.2905 -0.9084 0.3008 0.2538 0.5670
-0.0078 -0.0056 -0.0196 -0.3593 -0.9239 0.1316 0.2966 0.6202
-0.0042 -0.0040 -0.0209 0.3593 -0.9239 -0.1316 0.3095 0.6155
-0.0028 -0.0003 -0.0215 0.8675 0.3827 -0.3177 0.3153 0.6015
-0.0042 0.0035 -0.0209 0.8675 0.3827 -0.3177 0.3106 0.5902
-0.0078 0.0051 -0.0196 -0.3593 0.9239 0.1316 0.2966 0.5844
-0.0113 0.0035 -0.0183 -0.3593 0.9239 0.1316 0.2853 0.5891
-0.0128 -0.0003 -0.0178 -0.8675 -0.3827 0.3177 0.2795 0.6031
-0.0113 -0.0040 -0.0183 -0.3593 -0.9239 0.1316 0.2853 0.6155
-0.0084 -0.0031 -0.0214 -0.4937 -0.5845 -0.6440 0.2974 0.6107
-0.0066 -0.0023 -0.0221 0.2824 -0.2421 -0.9282 0.3033 0.6083
-0.0058 -0.0003 -0.0224 0.2824 0.2421 -0.9282 0.3058 0.6023
-0.0066 0.0017 -0.0221 -0.0390 0.5845 -0.8105 0.3033 0.5963
-0.0084 0.0025 -0.0214 -0.4937 0.5845 -0.6440 0.2974 0.5938
-0.0103 0.0017 -0.0207 -0.4937 0.5845 -0.6440 0.2914 0.5963
-0.0111 -0.0003 -0.0205 -0.8152 -0.2421 -0.5262 0.2889 0.6023
-0.0103 -0.0023 -0.0207 -0.4937 -0.5845 -0.6440 0.2914 0.6083
0.0016 -0.0015 0.0007 0.4104 -0.9116 0.0225 0.2635 0.6271
0.0022 -0.0001 0.0005 0.9068 0.3790 -0.1844 0.2639 0.6266
0.0016 0.0012 0.0007 0.4067 0.9135 0.0102 0.2642 0.6261
0.0004 0.0017 0.0012 -0.2957 0.9105 0.2892 0.2646 0.6256
-0.0008 0.0012 0.0016 -0.2957 0.9105 0.2892 0.2650 0.6251
-0.0014 -0.0001 0.0018 -0.7875 0.3759 0.4885 0.2653 0.6246
-0.0008 -0.0015 0.0016 -0.2905 -0.9084 0.3008 0.2657 0.6241
-0.0102 0.0035 -0.0152 -0.7875 0.3759 0.4885 0.2316 0.5768
-0.0008 0.0012 0.0016 -0.7875 0.3759 0.4885 0.2650 0.6251
-0.0008 0.0012 0.0016 -0.7875 0.3759 0.4885 0.2650 0.6251
-0.0066 0.0051 -0.0164 0.4067 0.9135 0.0102 0.2229 0.5844
-0.0066 0.0051 -0.0164 0.4067 0.9135 0.0102 0.2229 0.5844
0.0004 0.0017 0.0012 0.4067 0.9135 0.0102 0.2646 0.6256
-0.0066 -0.0056 -0.0164 -0.2905 -0.9084 0.3008 0.2655 0.5656
-0.0066 -0.0056 -0.0164 -0.2905 -0.9084 0.3008 0.2655 0.5656
0.0004 -0.0020 0.0012 -0.2905 -0.9084 0.3008 0.2659 0.6236
-0.0102 -0.0040 -0.0152 -0.7848 -0.3755 0.4931 0.2538 0.5670
-0.0116 -0.0003 -0.0146 -0.7848 -0.3755 0.4931 0.2425 0.5708
-0.0014 -0.0001 0.0018 -0.7848 -0.3755 0.4931 0.2653 0.6246
-0.0102 -0.0040 -0.0152 -0.7848 -0.3755 0.4931 0.2538 0.5670
-0.0014 -0.0001 0.0018 -0.7848 -0.3755 0.4931 0.2653 0.6246
-0.0008 -0.0015 0.0016 -0.7848 -0.3755 0.4931 0.2657 0.6241
-0.0031 0.0035 -0.0177 0.9068 0.3790 -0.1844 0.2156 0.5934
-0.0031 0.0035 -0.0177 0.9068 0.3790 -0.1844 0.2156 0.5934
0.0016 0.0012 0.0007 0.9068 0.3790 -0.1844 0.2642 0.6261
-0.0016 -0.0003 -0.0183 0.9080 -0.3787 -0.1791 0.2095 0.6040
-0.0031 -0.0040 -0.0177 0.9080 -0.3787 -0.1791 0.2057 0.6141
0.0016 -0.0015 0.0007 0.9080 -0.3787 -0.1791 0.2635 0.6271
-0.0016 -0.0003 -0.0183 0.9080 -0.3787 -0.1791 0.2095 0.6040
0.0016 -0.0015 0.0007 0.9080 -0.3787 -0.1791 0.2635 0.6271
0.0022 -0.0001 0.0005 0.9080 -0.3787 -0.1791 0.2639 0.6266
-0.0102 -0.0040 -0.0152 -0.3593 -0.9239 0.1316 0.2813 0.6249
-0.0066 -0.0056 -0.0164 -0.3593 -0.9239 0.1316 0.2927 0.6296
-0.0102 -0.0040 -0.0152 -0.3593 -0.9239 0.1316 0.2813 0.6249
-0.0066 0.0051 -0.0164 -0.3593 0.9239 0.1316 0.2927 0.5750
-0.0102 0.0035 -0.0152 -0.3593 0.9239 0.1316 0.2813 0.5796
-0.0066 0.0051 -0.0164 -0.3593 0.9239 0.1316 0.2927 0.5750
-0.0016 -0.0003 -0.0183 0.8675 0.3827 -0.3177 0.3247 0.5976
-0.0031 0.0035 -0.0177 0.8675 0.3827 -0.3177 0.3200 0.5863
-0.0016 -0.0003 -0.0183 0.8675 0.3827 -0.3177 0.3247 0.5976
-0.0066 -0.0056 -0.0164 0.3593 -0.9239 -0.1316 0.3020 0.6296
-0.0031 -0.0040 -0.0177 0.3593 -0.9239 -0.1316 0.3134 0.6249
-0.0066 -0.0056 -0.0164 0.3593 -0.9239 -0.1316 0.3020 0.6296
-0.0078 -0.0056 -0.0196 0.3593 -0.9239 -0.1316 0.2981 0.6202
-0.0116 -0.0003 -0.0146 -0.8675 -0.3827 0.3177 0.2700 0.6070
-0.0102 -0.0040 -0.0152 -0.8675 -0.3827 0.3177 0.2747 0.6183
-0.0113 -0.0040 -0.0183 -0.8675 -0.3827 0.3177 0.2842 0.6144
-0.0116 -0.0003 -0.0146 -0.8675 -0.3827 0.3177 0.2700 0.6070
-0.0113 -0.0040 -0.0183 -0.8675 -0.3827 0.3177 0.2842 0.6144
-0.0031 -0.0040 -0.0177 0.8675 -0.3827 -0.3177 0.3200 0.6183
-0.0016 -0.0003 -0.0183 0.8675 -0.3827 -0.3177 0.3247 0.6070
-0.0028 -0.0003 -0.0215 0.8675 -0.3827 -0.3177 0.3153 0.6031
-0.0031 -0.0040 -0.0177 0.8675 -0.3827 -0.3177 0.3200 0.6183
-0.0028 -0.0003 -0.0215 0.8675 -0.3827 -0.3177 0.3153 0.6031
-0.0042 -0.0040 -0.0209 0.8675 -0.3827 -0.3177 0.3106 0.6144
-0.0102 0.0035 -0.0152 -0.8675 0.3827 0.3177 0.2747 0.5863
-0.0116 -0.0003 -0.0146 -0.8675 0.3827 0.3177 0.2700 0.5976
-0.0128 -0.0003 -0.0178 -0.8675 0.3827 0.3177 0.2795 0.6015
-0.0102 0.0035 -0.0152 -0.8675 0.3827 0.3177 0.2747 0.5863
-0.0128 -0.0003 -0.0178 -0.8675 0.3827 0.3177 0.2795 0.6015
-0.0113 0.0035 -0.0183 -0.8675 0.3827 0.3177 0.2842 0.5902
-0.0031 0.0035 -0.0177 0.3593 0.9239 -0.1316 0.3134 0.5796
-0.0066 0.0051 -0.0164 0.3593 0.9239 -0.1316 0.3020 0.5750
-0.0078 0.0051 -0.0196 0.3593 0.9239 -0.1316 0.2981 0.5844
-0.0031 0.0035 -0.0177 0.3593 0.9239 -0.1316 0.3134 0.5796
-0.0078 0.0051 -0.0196 0.3593 0.9239 -0.1316 0.2981 0.5844
-0.0042 0.0035 -0.0209 0.3593 0.9239 -0.1316 0.3095 0.5891
-0.0078 0.0051 -0.0196 -0.4937 0.5845 -0.6440 0.2966 0.5844
-0.0113 0.0035 -0.0183 -0.4937 0.5845 -0.6440 0.2853 0.5891
-0.0078 0.0051 -0.0196 -0.4937 0.5845 -0.6440 0.2966 0.5844
-0.0042 0.0035 -0.0209 -0.0390 0.5845 -0.8105 0.3095 0.5891
-0.0078 0.0051 -0.0196 -0.0390 0.5845 -0.8105 0.2981 0.5844
-0.0084 0.0025 -0.0214 -0.0390 0.5845 -0.8105 0.2974 0.5938
-0.0042 0.0035 -0.0209 -0.0390 0.5845 -0.8105 0.3095 0.5891
-0.0084 0.0025 -0.0214 -0.0390 0.5845 -0.8105 0.2974 0.5938
-0.0113 -0.0040 -0.0183 -0.4937 -0.5845 -0.6440 0.2853 0.6155
-0.0078 -0.0056 -0.0196 -0.4937 -0.5845 -0.6440 0.2966 0.6202
-0.0113 -0.0040 -0.0183 -0.4937 -0.5845 -0.6440 0.2853 0.6155
-0.0028 -0.0003 -0.0215 0.2824 0.2421 -0.9282 0.3153 0.6015
-0.0042 0.0035 -0.0209 0.2824 0.2421 -0.9282 0.3106 0.5902
-0.0066 0.0017 -0.0221 0.2824 0.2421 -0.9282 0.3033 0.5963
-0.0028 -0.0003 -0.0215 0.2824 0.2421 -0.9282 0.3153 0.6015
-0.0066 0.0017 -0.0221 0.2824 0.2421 -0.9282 0.3033 0.5963
-0.0128 -0.0003 -0.0178 -0.8152 -0.2421 -0.5262 0.2795 0.6031
-0.0113 -0.0040 -0.0183 -0.8152 -0.2421 -0.5262 0.2842 0.6144
-0.0103 -0.0023 -0.0207 -0.8152 -0.2421 -0.5262 0.2914 0.6083
-0.0128 -0.0003 -0.0178 -0.8152 -0.2421 -0.5262 0.2795 0.6031
-0.0103 -0.0023 -0.0207 -0.8152 -0.2421 -0.5262 0.2914 0.6083
-0.0042 -0.0040 -0.0209 0.2824 -0.2421 -0.9282 0.3106 0.6144
-0.0028 -0.0003 -0.0215 0.2824 -0.2421 -0.9282 0.3153 0.6031
-0.0058 -0.0003 -0.0224 0.2824 -0.2421 -0.9282 0.3058 0.6023
-0.0042 -0.0040 -0.0209 0.2824 -0.2421 -0.9282 0.3106 0.6144
-0.0058 -0.0003 -0.0224 0.2824 -0.2421 -0.9282 0.3058 0.6023
-0.0113 0.0035 -0.0183 -0.8152 0.2421 -0.5262 0.2842 0.5902
-0.0128 -0.0003 -0.0178 -0.8152 0.2421 -0.5262 0.2795 0.6015
-0.0111 -0.0003 -0.0205 -0.8152 0.2421 -0.5262 0.2889 0.6023
-0.0113 0.0035 -0.0183 -0.8152 0.2421 -0.5262 0.2842 0.5902
-0.0111 -0.0003 -0.0205 -0.8152 0.2421 -0.5262 0.2889 0.6023
-0.0103 0.0017 -0.0207 -0.8152 0.2421 -0.5262 0.2914 0.5963
-0.0078 -0.0056 -0.0196 -0.0390 -0.5845 -0.8105 0.2981 0.6202
-0.0042 -0.0040 -0.0209 -0.0390 -0.5845 -0.8105 0.3095 0.6155
-0.0066 -0.0023 -0.0221 -0.0390 -0.5845 -0.8105 0.3033 0.6083
-0.0078 -0.0056 -0.0196 -0.0390 -0.5845 -0.8105 0.2981 0.6202
-0.0066 -0.0023 -0.0221 -0.0390 -0.5845 -0.8105 0.3033 0.6083
-0.0084 -0.0031 -0.0214 -0.0390 -0.5845 -0.8105 0.2974 0.6107
-0.0103 -0.0023 -0.0207 -0.3439 0.0000 -0.9390 0.2914 0.6083
-0.0084 -0.0031 -0.0214 -0.3439 0.0000 -0.9390 0.2974 0.6107
-0.0066 -0.0023 -0.0221 -0.3439 0.0000 -0.9390 0.3033 0.6083
-0.0066 -0.0023 -0.0221 -0.3439 0.0000 -0.9390 0.3033 0.6083
-0.0058 -0.0003 -0.0224 -0.3439 0.0000 -0.9390 0.3058 0.6023
-0.0066 0.0017 -0.0221 -0.3439 0.0000 -0.9390 0.3033 0.5963
-0.0066 0.0017 -0.0221 -0.3439 0.0000 -0.9390 0.3033 0.5963
-0.0084 0.0025 -0.0214 -0.3439 0.0000 -0.9390 0.2974 0.5938
-0.0103 0.0017 -0.0207 -0.3439 0.0000 -0.9390 0.2914 0.5963
-0.0103 0.0017 -0.0207 -0.3439 0.0000 -0.9390 0.2914 0.5963
-0.0111 -0.0003 -0.0205 -0.3439 0.0000 -0.9390 0.2889 0.6023
-0.0103 -0.0023 -0.0207 -0.3439 0.0000 -0.9390 0.2914 0.6083
-0.0103 -0.0023 -0.0207 -0.3439 0.0000 -0.9390 0.2914 0.6083
-0.0066 -0.0023 -0.0221 -0.3439 0.0000 -0.9390 0.3033 0.6083
-0.0066 0.0017 -0.0221 -0.3439 0.0000 -0.9390 0.3033 0.5963
-0.0066 0.0017 -0.0221 -0.3439 0.0000 -0.9390 0.3033 0.5963
-0.0103 0.0017 -0.0207 -0.3439 0.0000 -0.9390 0.2914 0.5963
-0.0103 -0.0023 -0.0207 -0.3439 0.0000 -0.9390 0.2914 0.6083
6 28 4
6 29 28
1 5 0
1 25 5
7 33 32
7 30 34
35 27 3
36 37 27
38 31 8
39 40 31
41 43 42
44 46 45
47 26 2
48 49 26
50 52 51
53 55 54
56 9 57
58 16 9
59 14 60
61 13 14
62 12 63
64 11 12
65 10 66
67 68 10
69 71 70
72 15 73
74 76 75
77 79 78
80 82 81
83 85 84
86 88 87
89 91 90
92 22 93
94 21 22
95 97 96
98 20 99
100 17 101
102 24 17
103 105 104
106 19 107
108 110 109
111 23 112
113 115 114
116 18 117
118 120 119
121 123 122
124 126 125
127 129 128
130 132 131
133 135 134
136 138 137
139 141 140
142 144 143
145 147 146
LABEL vcNavMode
MATERIAL 2
TEXTURE 2
FLAG 0
GEOM 148 54
-0.0066 -0.0056 -0.0164 0.4104 -0.9116 0.0225 0.2038 0.6246
-0.0031 -0.0040 -0.0177 0.4104 -0.9116 0.0225 0.2057 0.6141
-0.0016 -0.0003 -0.0183 0.9068 0.3790 -0.1844 0.2095 0.6040
-0.0031 0.0035 -0.0177 0.4067 0.9135 0.0102 0.2156 0.5934
-0.0066 0.0051 -0.0164 -0.2957 0.9105 0.2892 0.2229 0.5844
0.0004 -0.0020 0.0012 0.4104 -0.9116 0.0225 0.2632 0.6276
-0.0102 0.0035 -0.0152 -0.2957 0.9105 0.2892 0.2316 0.5768
-0.0116 -0.0003 -0.0146 -0.7875 0.3759 0.4885 0.2425 0.5708
-0.0102 -0.0040 -0.0152 -0.2905 -0.9084 0.3008 0.2538 0.5670
-0.0078 -0.0056 -0.0196 -0.3593 -0.9239 0.1316 0.2966 0.6202
-0.0042 -0.0040 -0.0209 0.3593 -0.9239 -0.1316 0.3095 0.6155
-0.0028 -0.0003 -0.0215 0.8675 0.3827 -0.3177 0.3153 0.6015
-0.0042 0.0035 -0.0209 0.8675 0.3827 -0.3177 0.3106 0.5902
-0.0078 0.0051 -0.0196 -0.3593 0.9239 0.1316 0.2966 0.5844
-0.0113 0.0035 -0.0183 -0.3593 0.9239 0.1316 0.2853 0.5891
-0.0128 -0.0003 -0.0178 -0.8675 -0.3827 0.3177 0.2795 0.6031
-0.0113 -0.0040 -0.0183 -0.3593 -0.9239 0.1316 0.2853 0.6155
-0.0084 -0.0031 -0.0214 -0.4937 -0.5845 -0.6440 0.2974 0.6107
-0.0066 -0.0023 -0.0221 0.2824 -0.2421 -0.9282 0.3033 0.6083
-0.0058 -0.0003 -0.0224 0.2824 0.2421 -0.9282 0.3058 0.6023
-0.0066 0.0017 -0.0221 -0.0390 0.5845 -0.8105 0.3033 0.5963
-0.0084 0.0025 -0.0214 -0.4937 0.5845 -0.6440 0.2974 0.5938
-0.0103 0.0017 -0.0207 -0.4937 0.5845 -0.6440 0.2914 0.5963
-0.0111 -0.0003 -0.0205 -0.8152 -0.2421 -0.5262 0.2889 0.6023
-0.0103 -0.0023 -0.0207 -0.4937 -0.5845 -0.6440 0.2914 0.6083
0.0016 -0.0015 0.0007 0.4104 -0.9116 0.0225 0.2635 0.6271
0.0022 -0.0001 0.0005 0.9068 0.3790 -0.1844 0.2639 0.6266
0.0016 0.0012 0.0007 0.4067 0.9135 0.0102 0.2642 0.6261
0.0004 0.0017 0.0012 -0.2957 0.9105 0.2892 0.2646 0.6256
-0.0008 0.0012 0.0016 -0.2957 0.9105 0.2892 0.2650 0.6251
-0.0014 -0.0001 0.0018 -0.7875 0.3759 0.4885 0.2653 0.6246
-0.0008 -0.0015 0.0016 -0.2905 -0.9084 0.3008 0.2657 0.6241
-0.0102 0.0035 -0.0152 -0.7875 0.3759 0.4885 0.2316 0.5768
-0.0008 0.0012 0.0016 -0.7875 0.3759 0.4885 0.2650 0.6251
-0.0008 0.0012 0.0016 -0.7875 0.3759 0.4885 0.2650 0.6251
-0.0066 0.0051 -0.0164 0.4067 0.9135 0.0102 0.2229 0.5844
-0.0066 0.0051 -0.0164 0.4067 0.9135 0.0102 0.2229 0.5844
0.0004 0.0017 0.0012 0.4067 0.9135 0.0102 0.2646 0.6256
-0.0066 -0.0056 -0.0164 -0.2905 -0.9084 0.3008 0.2655 0.5656
-0.0066 -0.0056 -0.0164 -0.2905 -0.9084 0.3008 0.2655 0.5656
0.0004 -0.0020 0.0012 -0.2905 -0.9084 0.3008 0.2659 0.6236
-0.0102 -0.0040 -0.0152 -0.7848 -0.3755 0.4931 0.2538 0.5670
-0.0116 -0.0003 -0.0146 -0.7848 -0.3755 0.4931 0.2425 0.5708
-0.0014 -0.0001 0.0018 -0.7848 -0.3755 0.4931 0.2653 0.6246
-0.0102 -0.0040 -0.0152 -0.7848 -0.3755 0.4931 0.2538 0.5670
-0.0014 -0.0001 0.0018 -0.7848 -0.3755 0.4931 0.2653 0.6246
-0.0008 -0.0015 0.0016 -0.7848 -0.3755 0.4931 0.2657 0.6241
-0.0031 0.0035 -0.0177 0.9068 0.3790 -0.1844 0.2156 0.5934
-0.0031 0.0035 -0.0177 0.9068 0.3790 -0.1844 0.2156 0.5934
0.0016 0.0012 0.0007 0.9068 0.3790 -0.1844 0.2642 0.6261
-0.0016 -0.0003 -0.0183 0.9080 -0.3787 -0.1791 0.2095 0.6040
-0.0031 -0.0040 -0.0177 0.9080 -0.3787 -0.1791 0.2057 0.6141
0.0016 -0.0015 0.0007 0.9080 -0.3787 -0.1791 0.2635 0.6271
-0.0016 -0.0003 -0.0183 0.9080 -0.3787 -0.1791 0.2095 0.6040
0.0016 -0.0015 0.0007 0.9080 -0.3787 -0.1791 0.2635 0.6271
0.0022 -0.0001 0.0005 0.9080 -0.3787 -0.1791 0.2639 0.6266
-0.0102 -0.0040 -0.0152 -0.3593 -0.9239 0.1316 0.2813 0.6249
-0.0066 -0.0056 -0.0164 -0.3593 -0.9239 0.1316 0.2927 0.6296
-0.0102 -0.0040 -0.0152 -0.3593 -0.9239 0.1316 0.2813 0.6249
-0.0066 0.0051 -0.0164 -0.3593 0.9239 0.1316 0.2927 0.5750
-0.0102 0.0035 -0.0152 -0.3593 0.9239 0.1316 0.2813 0.5796
-0.0066 0.0051 -0.0164 -0.3593 0.9239 0.1316 0.2927 0.5750
-0.0016 -0.0003 -0.0183 0.8675 0.3827 -0.3177 0.3247 0.5976
-0.0031 0.0035 -0.0177 0.8675 0.3827 -0.3177 0.3200 0.5863
-0.0016 -0.0003 -0.0183 0.8675 0.3827 -0.3177 0.3247 0.5976
-0.0066 -0.0056 -0.0164 0.3593 -0.9239 -0.1316 0.3020 0.6296
-0.0031 -0.0040 -0.0177 0.3593 -0.9239 -0.1316 0.3134 0.6249
-0.0066 -0.0056 -0.0164 0.3593 -0.9239 -0.1316 0.3020 0.6296
-0.0078 -0.0056 -0.0196 0.3593 -0.9239 -0.1316 0.2981 0.6202
-0.0116 -0.0003 -0.0146 -0.8675 -0.3827 0.3177 0.2700 0.6070
-0.0102 -0.0040 -0.0152 -0.8675 -0.3827 0.3177 0.2747 0.6183
-0.0113 -0.0040 -0.0183 -0.8675 -0.3827 0.3177 0.2842 0.6144
-0.0116 -0.0003 -0.0146 -0.8675 -0.3827 0.3177 0.2700 0.6070
-0.0113 -0.0040 -0.0183 -0.8675 -0.3827 0.3177 0.2842 0.6144
-0.0031 -0.0040 -0.0177 0.8675 -0.3827 -0.3177 0.3200 0.6183
-0.0016 -0.0003 -0.0183 0.8675 -0.3827 -0.3177 0.3247 0.6070
-0.0028 -0.0003 -0.0215 0.8675 -0.3827 -0.3177 0.3153 0.6031
-0.0031 -0.0040 -0.0177 0.8675 -0.3827 -0.3177 0.3200 0.6183
-0.0028 -0.0003 -0.0215 0.8675 -0.3827 -0.3177 0.3153 0.6031
-0.0042 -0.0040 -0.0209 0.8675 -0.3827 -0.3177 0.3106 0.6144
-0.0102 0.0035 -0.0152 -0.8675 0.3827 0.3177 0.2747 0.5863
-0.0116 -0.0003 -0.0146 -0.8675 0.3827 0.3177 0.2700 0.5976
-0.0128 -0.0003 -0.0178 -0.8675 0.3827 0.3177 0.2795 0.6015
-0.0102 0.0035 -0.0152 -0.8675 0.3827 0.3177 0.2747 0.5863
-0.0128 -0.0003 -0.0178 -0.8675 0.3827 0.3177 0.2795 0.6015
-0.0113 0.0035 -0.0183 -0.8675 0.3827 0.3177 0.2842 0.5902
-0.0031 0.0035 -0.0177 0.3593 0.9239 -0.1316 0.3134 0.5796
-0.0066 0.0051 -0.0164 0.3593 0.9239 -0.1316 0.3020 0.5750
-0.0078 0.0051 -0.0196 0.3593 0.9239 -0.1316 0.2981 0.5844
-0.0031 0.0035 -0.0177 0.3593 0.9239 -0.1316 0.3134 0.5796
-0.0078 0.0051 -0.0196 0.3593 0.9239 -0.1316 0.2981 0.5844
-0.0042 0.0035 -0.0209 0.3593 0.9239 -0.1316 0.3095 0.5891
-0.0078 0.0051 -0.0196 -0.4937 0.5845 -0.6440 0.2966 0.5844
-0.0113 0.0035 -0.0183 -0.4937 0.5845 -0.6440 0.2853 0.5891
-0.0078 0.0051 -0.0196 -0.4937 0.5845 -0.6440 0.2966 0.5844
-0.0042 0.0035 -0.0209 -0.0390 0.5845 -0.8105 0.3095 0.5891
-0.0078 0.0051 -0.0196 -0.0390 0.5845 -0.8105 0.2981 0.5844
-0.0084 0.0025 -0.0214 -0.0390 0.5845 -0.8105 0.2974 0.5938
-0.0042 0.0035 -0.0209 -0.0390 0.5845 -0.8105 0.3095 0.5891
-0.0084 0.0025 -0.0214 -0.0390 0.5845 -0.8105 0.2974 0.5938
-0.0113 -0.0040 -0.0183 -0.4937 -0.5845 -0.6440 0.2853 0.6155
-0.0078 -0.0056 -0.0196 -0.4937 -0.5845 -0.6440 0.2966 0.6202
-0.0113 -0.0040 -0.0183 -0.4937 -0.5845 -0.6440 0.2853 0.6155
-0.0028 -0.0003 -0.0215 0.2824 0.2421 -0.9282 0.3153 0.6015
-0.0042 0.0035 -0.0209 0.2824 0.2421 -0.9282 0.3106 0.5902
-0.0066 0.0017 -0.0221 0.2824 0.2421 -0.9282 0.3033 0.5963
-0.0028 -0.0003 -0.0215 0.2824 0.2421 -0.9282 0.3153 0.6015
-0.0066 0.0017 -0.0221 0.2824 0.2421 -0.9282 0.3033 0.5963
-0.0128 -0.0003 -0.0178 -0.8152 -0.2421 -0.5262 0.2795 0.6031
-0.0113 -0.0040 -0.0183 -0.8152 -0.2421 -0.5262 0.2842 0.6144
-0.0103 -0.0023 -0.0207 -0.8152 -0.2421 -0.5262 0.2914 0.6083
-0.0128 -0.0003 -0.0178 -0.8152 -0.2421 -0.5262 0.2795 0.6031
-0.0103 -0.0023 -0.0207 -0.8152 -0.2421 -0.5262 0.2914 0.6083
-0.0042 -0.0040 -0.0209 0.2824 -0.2421 -0.9282 0.3106 0.6144
-0.0028 -0.0003 -0.0215 0.2824 -0.2421 -0.9282 0.3153 0.6031
-0.0058 -0.0003 -0.0224 0.2824 -0.2421 -0.9282 0.3058 0.6023
-0.0042 -0.0040 -0.0209 0.2824 -0.2421 -0.9282 0.3106 0.6144
-0.0058 -0.0003 -0.0224 0.2824 -0.2421 -0.9282 0.3058 0.6023
-0.0113 0.0035 -0.0183 -0.8152 0.2421 -0.5262 0.2842 0.5902
-0.0128 -0.0003 -0.0178 -0.8152 0.2421 -0.5262 0.2795 0.6015
-0.0111 -0.0003 -0.0205 -0.8152 0.2421 -0.5262 0.2889 0.6023
-0.0113 0.0035 -0.0183 -0.8152 0.2421 -0.5262 0.2842 0.5902
-0.0111 -0.0003 -0.0205 -0.8152 0.2421 -0.5262 0.2889 0.6023
-0.0103 0.0017 -0.0207 -0.8152 0.2421 -0.5262 0.2914 0.5963
-0.0078 -0.0056 -0.0196 -0.0390 -0.5845 -0.8105 0.2981 0.6202
-0.0042 -0.0040 -0.0209 -0.0390 -0.5845 -0.8105 0.3095 0.6155
-0.0066 -0.0023 -0.0221 -0.0390 -0.5845 -0.8105 0.3033 0.6083
-0.0078 -0.0056 -0.0196 -0.0390 -0.5845 -0.8105 0.2981 0.6202
-0.0066 -0.0023 -0.0221 -0.0390 -0.5845 -0.8105 0.3033 0.6083
-0.0084 -0.0031 -0.0214 -0.0390 -0.5845 -0.8105 0.2974 0.6107
-0.0103 -0.0023 -0.0207 -0.3439 0.0000 -0.9390 0.2914 0.6083
-0.0084 -0.0031 -0.0214 -0.3439 0.0000 -0.9390 0.2974 0.6107
-0.0066 -0.0023 -0.0221 -0.3439 0.0000 -0.9390 0.3033 0.6083
-0.0066 -0.0023 -0.0221 -0.3439 0.0000 -0.9390 0.3033 0.6083
-0.0058 -0.0003 -0.0224 -0.3439 0.0000 -0.9390 0.3058 0.6023
-0.0066 0.0017 -0.0221 -0.3439 0.0000 -0.9390 0.3033 0.5963
-0.0066 0.0017 -0.0221 -0.3439 0.0000 -0.9390 0.3033 0.5963
-0.0084 0.0025 -0.0214 -0.3439 0.0000 -0.9390 0.2974 0.5938
-0.0103 0.0017 -0.0207 -0.3439 0.0000 -0.9390 0.2914 0.5963
-0.0103 0.0017 -0.0207 -0.3439 0.0000 -0.9390 0.2914 0.5963
-0.0111 -0.0003 -0.0205 -0.3439 0.0000 -0.9390 0.2889 0.6023
-0.0103 -0.0023 -0.0207 -0.3439 0.0000 -0.9390 0.2914 0.6083
-0.0103 -0.0023 -0.0207 -0.3439 0.0000 -0.9390 0.2914 0.6083
-0.0066 -0.0023 -0.0221 -0.3439 0.0000 -0.9390 0.3033 0.6083
-0.0066 0.0017 -0.0221 -0.3439 0.0000 -0.9390 0.3033 0.5963
-0.0066 0.0017 -0.0221 -0.3439 0.0000 -0.9390 0.3033 0.5963
-0.0103 0.0017 -0.0207 -0.3439 0.0000 -0.9390 0.2914 0.5963
-0.0103 -0.0023 -0.0207 -0.3439 0.0000 -0.9390 0.2914 0.6083
6 28 4
6 29 28
1 5 0
1 25 5
7 33 32
7 30 34
35 27 3
36 37 27
38 31 8
39 40 31
41 43 42
44 46 45
47 26 2
48 49 26
50 52 51
53 55 54
56 9 57
58 16 9
59 14 60
61 13 14
62 12 63
64 11 12
65 10 66
67 68 10
69 71 70
72 15 73
74 76 75
77 79 78
80 82 81
83 85 84
86 88 87
89 91 90
92 22 93
94 21 22
95 97 96
98 20 99
100 17 101
102 24 17
103 105 104
106 19 107
108 110 109
111 23 112
113 115 114
116 18 117
118 120 119
121 123 122
124 126 125
127 129 128
130 132 131
133 135 134
136 138 137
139 141 140
142 144 143
145 147 146
LABEL AttitudeIndicator
MATERIAL 2
TEXTURE 2
FLAG 0
GEOM 4 2
-0.0381 0.0381 0.0000 0.0000 0.0000 -1.0000 0.3711 0.1478
0.0381 0.0381 0.0000 0.0000 0.0000 -1.0000 0.5171 0.1478
-0.0381 -0.0381 0.0000 0.0000 0.0000 -1.0000 0.3711 0.2939
0.0381 -0.0381 0.0000 0.0000 0.0000 -1.0000 0.5172 0.2939
1 2 0
1 3 2
LABEL CompassFace
MATERIAL 4
TEXTURE 4
FLAG 0
GEOM 4 2
-0.0508 -0.0419 0.0000 0.0000 0.0000 -1.0000 0.1983 0.8863
0.0508 -0.0419 0.0000 0.0000 0.0000 -1.0000 0.3948 0.8863
-0.0508 0.0419 0.0000 0.0000 0.0000 -1.0000 0.1983 0.7238
0.0508 0.0419 0.0000 0.0000 0.0000 -1.0000 0.3948 0.7238
0 3 1
0 2 3
LABEL HUDPanel
MATERIAL 5
TEXTURE 5
FLAG 0
GEOM 4 2
-0.0279 0.0134 0.0000 0.0000 0.0000 -1.0000 0.5915 0.0005
0.0279 0.0134 0.0000 0.0000 0.0000 -1.0000 0.6990 0.0005
-0.0279 -0.0120 0.0000 0.0000 0.0000 -1.0000 0.5915 0.0502
0.0279 -0.0120 0.0000 0.0000 0.0000 -1.0000 0.6990 0.0502
0 3 2
0 1 3
LABEL LeftPanelControls
MATERIAL 2
TEXTURE 2
FLAG 0
GEOM 4 2
0.0889 -0.1016 0.0000 0.0000 0.0000 -1.0000 0.3447 0.3925
-0.0889 -0.1016 0.0000 0.0000 0.0000 -1.0000 0.0004 0.3925
0.0889 0.1016 0.0000 0.0000 0.0000 -1.0000 0.3447 0.0005
-0.0889 0.1016 0.0000 0.0000 0.0000 -1.0000 0.0004 0.0005
0 3 2
0 1 3
LABEL PowerPanel
MATERIAL 4
TEXTURE 4
FLAG 0
GEOM 4 2
-0.0889 -0.1016 0.0326 -0.3440 0.0000 -0.9390 0.0004 0.3924
0.0889 -0.1016 -0.0326 -0.3440 0.0000 -0.9390 0.3461 0.3924
-0.0889 0.1016 0.0326 -0.3440 0.0000 -0.9390 0.0004 0.0003
0.0889 0.1016 -0.0326 -0.3440 0.0000 -0.9390 0.3461 0.0003
0 3 1
0 2 3
LABEL CockpitPanelHoodTop
MATERIAL 1
TEXTURE 1
FLAG 0
GEOM 12 4
0.3294 0.1215 0.5979 0.4714 0.8179 0.3297 0.9515 0.8831
0.0297 0.1302 1.0050 0.4714 0.8179 0.3297 0.9629 0.8731
0.0387 0.2891 0.5979 0.4714 0.8179 0.3297 0.9497 0.8730
-0.3294 0.1215 0.5979 -0.4714 0.8179 0.3297 0.9514 0.8809
-0.0297 0.1302 1.0050 -0.4714 0.8179 0.3297 0.9625 0.8714
-0.0387 0.2891 0.5979 -0.4714 0.8179 0.3297 0.9498 0.8715
0.0297 0.1302 1.0050 0.0000 0.9315 0.3637 0.9629 0.8731
-0.0297 0.1302 1.0050 0.0000 0.9315 0.3637 0.9625 0.8714
-0.0387 0.2891 0.5979 0.0000 0.9315 0.3637 0.9498 0.8715
0.0297 0.1302 1.0050 0.0000 0.9315 0.3637 0.9629 0.8731
-0.0387 0.2891 0.5979 0.0000 0.9315 0.3637 0.9498 0.8715
0.0387 0.2891 0.5979 0.0000 0.9315 0.3637 0.9497 0.8730
0 2 1
3 4 5
6 8 7
9 11 10
LABEL FrontWindowInside
MATERIAL 6
TEXTURE 0
FLAG 0
GEOM 3 1
0.3303 0.6015 13.3839 -0.6322 -0.6280 -0.4539
0.0241 0.8963 13.4025 -0.6322 -0.6280 -0.4539
0.0297 0.6100 13.7909 -0.6322 -0.6280 -0.4539
1 0 2
LABEL AccelNeedle
MATERIAL 4
TEXTURE 4
FLAG 0
GEOM 4 2
-0.0054 -0.0165 0.0002 0.0000 0.0000 -1.0000 0.4257 0.6021
-0.0054 0.0165 0.0002 0.0000 0.0000 -1.0000 0.4257 0.5394
0.0048 -0.0165 0.0002 0.0000 0.0000 -1.0000 0.4445 0.6021
0.0048 0.0165 0.0002 0.0000 0.0000 -1.0000 0.4445 0.5394
0 3 2
0 1 3
LABEL ExtAvailableLight
MATERIAL 4
TEXTURE 4
FLAG 0
GEOM 4 2
-0.2869 -0.0063 0.1047 -0.3428 0.0000 -0.9394 0.5494 0.0271
0.2869 -0.0063 -0.1047 -0.3428 0.0000 -0.9394 0.5751 0.0271
-0.2869 0.0063 0.1047 -0.3428 0.0000 -0.9394 0.5494 0.0015
0.2869 0.0063 -0.1047 -0.3428 0.0000 -0.9394 0.5751 0.0015
0 3 1
0 2 3
LABEL ExtConnectedLight
MATERIAL 4
TEXTURE 4
FLAG 0
GEOM 4 2
-0.2869 -0.0063 0.1047 -0.3428 0.0000 -0.9394 0.5004 0.0273
0.2869 -0.0063 -0.1047 -0.3428 0.0000 -0.9394 0.5261 0.0273
-0.2869 0.0063 0.1047 -0.3428 0.0000 -0.9394 0.5004 0.0017
0.2869 0.0063 -0.1047 -0.3428 0.0000 -0.9394 0.5261 0.0017
0 3 1
0 2 3
LABEL FuelCellAvailableLight
MATERIAL 4
TEXTURE 4
FLAG 0
GEOM 4 2
-0.2869 -0.0063 0.1047 -0.3428 0.0000 -0.9394 0.5492 0.0273
0.2869 -0.0063 -0.1047 -0.3428 0.0000 -0.9394 0.5749 0.0273
-0.2869 0.0063 0.1047 -0.3428 0.0000 -0.9394 0.5492 0.0016
0.2869 0.0063 -0.1047 -0.3428 0.0000 -0.9394 0.5749 0.0016
0 3 1
0 2 3
LABEL FuelCellConnectedLight
MATERIAL 4
TEXTURE 4
FLAG 0
GEOM 4 2
-0.2869 -0.0063 0.1047 -0.3428 0.0000 -0.9394 0.5004 0.0271
0.2869 -0.0063 -0.1047 -0.3428 0.0000 -0.9394 0.5260 0.0271
-0.2869 0.0063 0.1047 -0.3428 0.0000 -0.9394 0.5004 0.0015
0.2869 0.0063 -0.1047 -0.3428 0.0000 -0.9394 0.5260 0.0015
0 3 1
0 2 3
LABEL FuelPanel
MATERIAL 4
TEXTURE 4
FLAG 0
GEOM 4 2
-0.0432 0.0470 0.0000 0.0000 0.0000 -1.0000 0.0006 0.3941
0.0432 0.0470 0.0000 0.0000 0.0000 -1.0000 0.3048 0.3941
-0.0432 -0.0470 0.0000 0.0000 0.0000 -1.0000 0.0006 0.7223
0.0432 -0.0470 0.0000 0.0000 0.0000 -1.0000 0.3048 0.7223
0 3 2
0 1 3
LABEL FuelSupplyOnLight
MATERIAL 4
TEXTURE 4
FLAG 0
GEOM 4 2
-0.2869 -0.0063 0.1047 -0.3428 0.0000 -0.9394 0.5490 0.0273
0.2869 -0.0063 -0.1047 -0.3428 0.0000 -0.9394 0.5746 0.0273
-0.2869 0.0063 0.1047 -0.3428 0.0000 -0.9394 0.5490 0.0017
0.2869 0.0063 -0.1047 -0.3428 0.0000 -0.9394 0.5746 0.0017
0 3 1
0 2 3
LABEL FuelTransferSwitch
MATERIAL 4
TEXTURE 4
FLAG 0
GEOM 4 2
-0.0086 -0.0091 0.0032 -0.3487 0.0000 -0.9372 0.3468 0.0388
0.0086 -0.0091 -0.0032 -0.3487 0.0000 -0.9372 0.3819 0.0388
-0.0086 0.0091 0.0032 -0.3487 0.0000 -0.9372 0.3468 0.0038
0.0086 0.0091 -0.0032 -0.3487 0.0000 -0.9372 0.3819 0.0038
0 3 1
0 2 3
LABEL FuelValveOpenSwitch
MATERIAL 4
TEXTURE 4
FLAG 0
GEOM 4 2
-0.0086 -0.0073 0.0032 -0.3487 0.0000 -0.9372 0.4250 0.1397
0.0086 -0.0073 -0.0032 -0.3487 0.0000 -0.9372 0.4600 0.1397
-0.0086 0.0073 0.0032 -0.3487 0.0000 -0.9372 0.4250 0.1111
0.0086 0.0073 -0.0032 -0.3487 0.0000 -0.9372 0.4600 0.1111
0 3 1
0 2 3
LABEL gaHydPress
MATERIAL 4
TEXTURE 4
FLAG 0
GEOM 4 2
-0.0076 0.0203 0.0000 0.0000 0.0000 -1.0000 0.4444 0.6021
0.0076 0.0203 0.0000 0.0000 0.0000 -1.0000 0.4258 0.6021
-0.0076 -0.0203 0.0000 0.0000 0.0000 -1.0000 0.4444 0.5394
0.0076 -0.0203 0.0000 0.0000 0.0000 -1.0000 0.4258 0.5394
0 3 2
0 1 3
LABEL gaHydrogenLevel
MATERIAL 4
TEXTURE 4
FLAG 0
GEOM 4 2
-0.0076 0.0203 0.0000 0.0000 0.0000 -1.0000 0.4444 0.6017
0.0076 0.0203 0.0000 0.0000 0.0000 -1.0000 0.4258 0.6017
-0.0076 -0.0203 0.0000 0.0000 0.0000 -1.0000 0.4444 0.5396
0.0076 -0.0203 0.0000 0.0000 0.0000 -1.0000 0.4258 0.5396
0 3 2
0 1 3
LABEL gaugeOxygenLevel
MATERIAL 4
TEXTURE 4
FLAG 0
GEOM 4 2
-0.0076 0.0203 0.0000 0.0000 0.0000 -1.0000 0.4443 0.6019
0.0076 0.0203 0.0000 0.0000 0.0000 -1.0000 0.4259 0.6019
-0.0076 -0.0203 0.0000 0.0000 0.0000 -1.0000 0.4443 0.5395
0.0076 -0.0203 0.0000 0.0000 0.0000 -1.0000 0.4259 0.5395
0 3 2
0 1 3
LABEL gaugeVoltMeter
MATERIAL 4
TEXTURE 4
FLAG 0
GEOM 4 2
0.0167 -0.0155 -0.0060 -0.3398 -0.0000 -0.9405 0.6538 0.0253
-0.0079 0.0220 0.0028 -0.3398 -0.0000 -0.9405 0.7386 0.0253
0.0079 -0.0220 -0.0028 -0.3398 -0.0000 -0.9405 0.6538 0.0041
-0.0167 0.0155 0.0060 -0.3398 -0.0000 -0.9405 0.7386 0.0041
0 3 1
0 2 3
LABEL gaVSINeedle
MATERIAL 4
TEXTURE 4
FLAG 0
GEOM 4 2
-0.0279 0.0063 -0.0000 0.0000 -0.0000 -1.0000 0.3722 0.3945
0.0279 0.0063 -0.0000 0.0000 -0.0000 -1.0000 0.4648 0.3945
-0.0279 -0.0063 0.0000 0.0000 -0.0000 -1.0000 0.3722 0.4090
0.0279 -0.0063 0.0000 0.0000 -0.0000 -1.0000 0.4648 0.4090
0 3 2
0 1 3
LABEL GlideSlopeNeedle
MATERIAL 4
TEXTURE 4
FLAG 0
GEOM 4 2
-0.0042 -0.0038 0.0000 0.0000 0.0000 -1.0000 0.3833 0.4100
0.0038 -0.0038 0.0000 0.0000 0.0000 -1.0000 0.3687 0.4100
-0.0042 0.0038 0.0000 0.0000 0.0000 -1.0000 0.3833 0.4257
0.0038 0.0038 0.0000 0.0000 0.0000 -1.0000 0.3687 0.4257
0 3 1
0 2 3
LABEL HudDockOn
MATERIAL 5
TEXTURE 5
FLAG 0
GEOM 4 2
-0.0061 0.0034 0.0000 0.0000 0.0000 -1.0000 0.7021 0.0009
0.0061 0.0034 0.0000 0.0000 0.0000 -1.0000 0.7258 0.0009
-0.0061 -0.0030 0.0000 0.0000 0.0000 -1.0000 0.7021 0.0133
0.0061 -0.0030 0.0000 0.0000 0.0000 -1.0000 0.7258 0.0133
0 3 2
0 1 3
LABEL HudOrbOn
MATERIAL 5
TEXTURE 5
FLAG 0
GEOM 4 2
-0.0061 0.0034 0.0000 0.0000 0.0000 -1.0000 0.7021 0.0009
0.0061 0.0034 0.0000 0.0000 0.0000 -1.0000 0.7258 0.0009
-0.0061 -0.0030 0.0000 0.0000 0.0000 -1.0000 0.7021 0.0133
0.0061 -0.0030 0.0000 0.0000 0.0000 -1.0000 0.7258 0.0133
0 3 2
0 1 3
LABEL HudSurfOn
MATERIAL 5
TEXTURE 5
FLAG 0
GEOM 4 2
-0.0061 0.0034 0.0000 0.0000 0.0000 -1.0000 0.7021 0.0009
0.0061 0.0034 0.0000 0.0000 0.0000 -1.0000 0.7258 0.0009
-0.0061 -0.0030 0.0000 0.0000 0.0000 -1.0000 0.7021 0.0133
0.0061 -0.0030 0.0000 0.0000 0.0000 -1.0000 0.7258 0.0133
0 3 2
0 1 3
LABEL LeftPanel
MATERIAL 4
TEXTURE 4
FLAG 0
GEOM 4 2
-0.0432 0.0470 0.0000 0.0000 0.0000 -1.0000 0.6955 0.6715
0.0432 0.0470 0.0000 0.0000 0.0000 -1.0000 0.9997 0.6715
-0.0432 -0.0470 0.0000 0.0000 0.0000 -1.0000 0.6955 0.9997
0.0432 -0.0470 0.0000 0.0000 0.0000 -1.0000 0.9997 0.9997
0 3 2
0 1 3
LABEL LH2SupplyOnLight
MATERIAL 4
TEXTURE 4
FLAG 0
GEOM 4 2
-0.2869 -0.0063 0.1047 -0.3428 0.0000 -0.9394 0.5494 0.0273
0.2869 -0.0063 -0.1047 -0.3428 0.0000 -0.9394 0.5751 0.0273
-0.2869 0.0063 0.1047 -0.3428 0.0000 -0.9394 0.5494 0.0017
0.2869 0.0063 -0.1047 -0.3428 0.0000 -0.9394 0.5751 0.0017
0 3 1
0 2 3
LABEL LH2ValveOpenSwitch
MATERIAL 4
TEXTURE 4
FLAG 0
GEOM 4 2
-0.0086 -0.0091 0.0032 -0.3487 0.0000 -0.9372 0.3473 0.1685
0.0086 -0.0091 -0.0032 -0.3487 0.0000 -0.9372 0.3824 0.1685
-0.0086 0.0091 0.0032 -0.3487 0.0000 -0.9372 0.3473 0.1397
0.0086 0.0091 -0.0032 -0.3487 0.0000 -0.9372 0.3824 0.1397
0 3 1
0 2 3
LABEL LOXSupplyOnLight
MATERIAL 4
TEXTURE 4
FLAG 0
GEOM 4 2
-0.2869 -0.0063 0.1047 -0.3428 0.0000 -0.9394 0.5493 0.0275
0.2869 -0.0063 -0.1047 -0.3428 0.0000 -0.9394 0.5750 0.0275
-0.2869 0.0063 0.1047 -0.3428 0.0000 -0.9394 0.5493 0.0018
0.2869 0.0063 -0.1047 -0.3428 0.0000 -0.9394 0.5750 0.0018
0 3 1
0 2 3
LABEL LOXValveOpenSwitch
MATERIAL 4
TEXTURE 4
FLAG 0
GEOM 4 2
-0.0086 -0.0091 0.0032 -0.3487 0.0000 -0.9372 0.3472 0.1397
0.0086 -0.0091 -0.0032 -0.3487 0.0000 -0.9372 0.3823 0.1397
-0.0086 0.0091 0.0032 -0.3487 0.0000 -0.9372 0.3472 0.1111
0.0086 0.0091 -0.0032 -0.3487 0.0000 -0.9372 0.3823 0.1111
0 3 1
0 2 3
LABEL MsgLightAPU
MATERIAL 4
TEXTURE 4
FLAG 0
GEOM 4 2
-0.0089 0.0028 0.0000 0.0000 0.0000 -1.0000 0.4954 0.6898
0.0089 0.0028 0.0000 0.0000 0.0000 -1.0000 0.5296 0.6898
-0.0089 -0.0028 0.0000 0.0000 0.0000 -1.0000 0.4954 0.7004
0.0089 -0.0028 0.0000 0.0000 0.0000 -1.0000 0.5296 0.7004
1 2 0
1 3 2
LABEL MsgLightBattery
MATERIAL 4
TEXTURE 4
FLAG 0
GEOM 4 2
-0.0089 0.0028 0.0000 0.0000 0.0000 -1.0000 0.4958 0.6899
0.0089 0.0028 0.0000 0.0000 0.0000 -1.0000 0.5299 0.6899
-0.0089 -0.0028 0.0000 0.0000 0.0000 -1.0000 0.4958 0.7005
0.0089 -0.0028 0.0000 0.0000 0.0000 -1.0000 0.5299 0.7005
1 2 0
1 3 2
LABEL MsgLightBay
MATERIAL 4
TEXTURE 4
FLAG 0
GEOM 4 2
-0.0089 0.0028 0.0000 0.0000 0.0000 -1.0000 0.4954 0.6900
0.0089 0.0028 0.0000 0.0000 0.0000 -1.0000 0.5296 0.6900
-0.0089 -0.0028 0.0000 0.0000 0.0000 -1.0000 0.4954 0.7006
0.0089 -0.0028 0.0000 0.0000 0.0000 -1.0000 0.5296 0.7006
1 2 0
1 3 2
LABEL MsgLightC2
MATERIAL 4
TEXTURE 4
FLAG 0
GEOM 4 2
-0.0089 0.0028 0.0000 0.0000 0.0000 -1.0000 0.5324 0.6900
0.0089 0.0028 0.0000 0.0000 0.0000 -1.0000 0.5666 0.6900
-0.0089 -0.0028 0.0000 0.0000 0.0000 -1.0000 0.5324 0.7006
0.0089 -0.0028 0.0000 0.0000 0.0000 -1.0000 0.5666 0.7006
1 2 0
1 3 2
LABEL MsgLightCanopy
MATERIAL 4
TEXTURE 4
FLAG 0
GEOM 4 2
-0.0089 0.0028 0.0000 0.0000 0.0000 -1.0000 0.4961 0.6898
0.0089 0.0028 0.0000 0.0000 0.0000 -1.0000 0.5302 0.6899
-0.0089 -0.0028 0.0000 0.0000 0.0000 -1.0000 0.4961 0.7005
0.0089 -0.0028 0.0000 0.0000 0.0000 -1.0000 0.5302 0.7005
1 2 0
1 3 2
LABEL MsgLightDock
MATERIAL 4
TEXTURE 4
FLAG 0
GEOM 4 2
-0.0089 0.0028 0.0000 0.0000 0.0000 -1.0000 0.4958 0.6900
0.0089 0.0028 0.0000 0.0000 0.0000 -1.0000 0.5299 0.6900
-0.0089 -0.0028 0.0000 0.0000 0.0000 -1.0000 0.4957 0.7006
0.0089 -0.0028 0.0000 0.0000 0.0000 -1.0000 0.5299 0.7006
1 2 0
1 3 2
LABEL MsgLightFuelWarn
MATERIAL 4
TEXTURE 4
FLAG 0
GEOM 4 2
-0.0089 0.0028 0.0000 0.0000 0.0000 -1.0000 0.4950 0.6900
0.0089 0.0028 0.0000 0.0000 0.0000 -1.0000 0.5291 0.6900
-0.0089 -0.0028 0.0000 0.0000 0.0000 -1.0000 0.4950 0.7006
0.0089 -0.0028 0.0000 0.0000 0.0000 -1.0000 0.5291 0.7007
1 2 0
1 3 2
LABEL MsgLightHover
MATERIAL 4
TEXTURE 4
FLAG 0
GEOM 4 2
-0.0089 0.0028 0.0000 0.0000 0.0000 -1.0000 0.4952 0.6899
0.0089 0.0028 0.0000 0.0000 0.0000 -1.0000 0.5293 0.6899
-0.0089 -0.0028 0.0000 0.0000 0.0000 -1.0000 0.4952 0.7005
0.0089 -0.0028 0.0000 0.0000 0.0000 -1.0000 0.5293 0.7005
1 2 0
1 3 2
LABEL MsgLightKeasWarn
MATERIAL 4
TEXTURE 4
FLAG 0
GEOM 4 2
-0.0089 0.0028 0.0000 0.0000 0.0000 -1.0000 0.4947 0.6899
0.0089 0.0028 0.0000 0.0000 0.0000 -1.0000 0.5289 0.6899
-0.0089 -0.0028 0.0000 0.0000 0.0000 -1.0000 0.4947 0.7005
0.0089 -0.0028 0.0000 0.0000 0.0000 -1.0000 0.5289 0.7005
1 2 0
1 3 2
LABEL MsgLightRetro
MATERIAL 4
TEXTURE 4
FLAG 0
GEOM 4 2
-0.0089 0.0028 0.0000 0.0000 0.0000 -1.0000 0.4956 0.6898
0.0089 0.0028 0.0000 0.0000 0.0000 -1.0000 0.5297 0.6898
-0.0089 -0.0028 0.0000 0.0000 0.0000 -1.0000 0.4956 0.7004
0.0089 -0.0028 0.0000 0.0000 0.0000 -1.0000 0.5297 0.7005
1 2 0
1 3 2
LABEL MsgLightSpeedBrake
MATERIAL 4
TEXTURE 4
FLAG 0
GEOM 4 2
-0.0089 0.0028 0.0000 0.0000 0.0000 -1.0000 0.4954 0.6899
0.0089 0.0028 0.0000 0.0000 0.0000 -1.0000 0.5295 0.6899
-0.0089 -0.0028 0.0000 0.0000 0.0000 -1.0000 0.4954 0.7005
0.0089 -0.0028 0.0000 0.0000 0.0000 -1.0000 0.5295 0.7005
1 2 0
1 3 2
LABEL MsgLightThrustLimit
MATERIAL 4
TEXTURE 4
FLAG 0
GEOM 4 2
-0.0089 0.0028 0.0000 0.0000 0.0000 -1.0000 0.4953 0.6901
0.0089 0.0028 0.0000 0.0000 0.0000 -1.0000 0.5294 0.6901
-0.0089 -0.0028 0.0000 0.0000 0.0000 -1.0000 0.4953 0.7007
0.0089 -0.0028 0.0000 0.0000 0.0000 -1.0000 0.5294 0.7007
1 2 0
1 3 2
LABEL RCSSupplyOnLight
MATERIAL 4
TEXTURE 4
FLAG 0
GEOM 4 2
-0.2869 -0.0063 0.1047 -0.3428 0.0000 -0.9394 0.5490 0.0273
0.2869 -0.0063 -0.1047 -0.3428 0.0000 -0.9394 0.5746 0.0273
-0.2869 0.0063 0.1047 -0.3428 0.0000 -0.9394 0.5490 0.0017
0.2869 0.0063 -0.1047 -0.3428 0.0000 -0.9394 0.5746 0.0017
0 3 1
0 2 3
LABEL RCSValveOpenSwitch
MATERIAL 4
TEXTURE 4
FLAG 0
GEOM 4 2
-0.0086 -0.0091 0.0032 -0.3487 0.0000 -0.9372 0.3472 0.1111
0.0086 -0.0091 -0.0032 -0.3487 0.0000 -0.9372 0.3823 0.1111
-0.0086 0.0091 0.0032 -0.3487 0.0000 -0.9372 0.3472 0.0823
0.0086 0.0091 -0.0032 -0.3487 0.0000 -0.9372 0.3823 0.0823
0 3 1
0 2 3
LABEL vcMachMaxHand
MATERIAL 4
TEXTURE 4
FLAG 0
GEOM 4 2
-0.0046 0.0284 0.0000 0.0000 0.0000 -1.0000 0.6555 0.3942
0.0046 0.0284 0.0000 0.0000 0.0000 -1.0000 0.6727 0.3942
-0.0046 -0.0284 0.0000 0.0000 0.0000 -1.0000 0.6555 0.5032
0.0046 -0.0284 0.0000 0.0000 0.0000 -1.0000 0.6727 0.5032
0 3 2
0 1 3
LABEL SwAPAltitude
MATERIAL 4
TEXTURE 4
FLAG 0
GEOM 4 2
-0.0086 -0.0073 0.0032 -0.3486 0.0000 -0.9373 0.3473 0.1975
0.0086 -0.0073 -0.0032 -0.3486 0.0000 -0.9373 0.3824 0.1975
-0.0086 0.0073 0.0032 -0.3486 0.0000 -0.9373 0.3473 0.1689
0.0086 0.0073 -0.0032 -0.3486 0.0000 -0.9373 0.3824 0.1689
0 3 1
0 2 3
LABEL SwAPHeading
MATERIAL 4
TEXTURE 4
FLAG 0
GEOM 4 2
-0.0086 -0.0073 0.0032 -0.3486 0.0000 -0.9373 0.4253 0.1974
0.0086 -0.0073 -0.0032 -0.3486 0.0000 -0.9373 0.4604 0.1974
-0.0086 0.0073 0.0032 -0.3486 0.0000 -0.9373 0.4253 0.1686
0.0086 0.0073 -0.0032 -0.3486 0.0000 -0.9373 0.4604 0.1686
0 3 1
0 2 3
LABEL SwAPKEAS
MATERIAL 4
TEXTURE 4
FLAG 0
GEOM 4 2
-0.0086 -0.0073 0.0032 -0.3487 0.0000 -0.9372 0.4255 0.2263
0.0086 -0.0073 -0.0032 -0.3487 0.0000 -0.9372 0.4605 0.2263
-0.0086 0.0073 0.0032 -0.3487 0.0000 -0.9372 0.4255 0.1974
0.0086 0.0073 -0.0032 -0.3487 0.0000 -0.9372 0.4605 0.1974
0 3 1
0 2 3
LABEL SwAPMACH
MATERIAL 4
TEXTURE 4
FLAG 0
GEOM 4 2
-0.0086 -0.0073 0.0032 -0.3487 0.0000 -0.9372 0.3472 0.2262
0.0086 -0.0073 -0.0032 -0.3487 0.0000 -0.9372 0.3823 0.2262
-0.0086 0.0073 0.0032 -0.3487 0.0000 -0.9372 0.3472 0.1975
0.0086 0.0073 -0.0032 -0.3487 0.0000 -0.9372 0.3823 0.1975
0 3 1
0 2 3
LABEL SwAPMain
MATERIAL 4
TEXTURE 4
FLAG 0
GEOM 4 2
-0.0086 -0.0073 0.0032 -0.3487 0.0000 -0.9372 0.4254 0.1687
0.0086 -0.0073 -0.0032 -0.3487 0.0000 -0.9372 0.4605 0.1687
-0.0086 0.0073 0.0032 -0.3487 0.0000 -0.9372 0.4254 0.1402
0.0086 0.0073 -0.0032 -0.3487 0.0000 -0.9372 0.4605 0.1402
0 3 1
0 2 3
LABEL TrimNeedle
MATERIAL 4
TEXTURE 4
FLAG 0
GEOM 4 2
-0.0054 -0.0165 0.0002 0.0000 0.0000 -1.0000 0.4257 0.6021
-0.0054 0.0165 0.0002 0.0000 0.0000 -1.0000 0.4257 0.5394
0.0048 -0.0165 0.0002 0.0000 0.0000 -1.0000 0.4445 0.6021
0.0048 0.0165 0.0002 0.0000 0.0000 -1.0000 0.4445 0.5394
0 3 2
0 1 3
LABEL vcHUDDock
MATERIAL 4
TEXTURE 4
FLAG 0
GEOM 4 2
-0.0091 0.0068 0.0000 0.0000 0.0000 -1.0000 0.3470 0.3414
0.0091 0.0068 0.0000 0.0000 0.0000 -1.0000 0.3824 0.3414
-0.0091 -0.0078 0.0000 0.0000 0.0000 -1.0000 0.3470 0.3705
0.0091 -0.0078 0.0000 0.0000 0.0000 -1.0000 0.3824 0.3705
0 3 2
0 1 3
LABEL vcHUDOrbit
MATERIAL 4
TEXTURE 4
FLAG 0
GEOM 4 2
-0.0091 0.0068 0.0000 0.0000 0.0000 -1.0000 0.5032 0.3126
0.0091 0.0068 0.0000 0.0000 0.0000 -1.0000 0.5386 0.3126
-0.0091 -0.0078 0.0000 0.0000 0.0000 -1.0000 0.5032 0.3417
0.0091 -0.0078 0.0000 0.0000 0.0000 -1.0000 0.5386 0.3417
0 3 2
0 1 3
LABEL vcHUDSURF
MATERIAL 4
TEXTURE 4
FLAG 0
GEOM 4 2
-0.0091 0.0068 0.0000 0.0000 0.0000 -1.0000 0.4253 0.3414
0.0091 0.0068 0.0000 0.0000 0.0000 -1.0000 0.4607 0.3414
-0.0091 -0.0078 0.0000 0.0000 0.0000 -1.0000 0.4253 0.3705
0.0091 -0.0078 0.0000 0.0000 0.0000 -1.0000 0.4607 0.3705
0 3 2
0 1 3
LABEL vcNavAntiNorm
MATERIAL 4
TEXTURE 4
FLAG 0
GEOM 4 2
-0.0091 0.0085 0.0000 0.0000 0.0000 -1.0000 0.4252 0.2263
0.0091 0.0085 0.0000 0.0000 0.0000 -1.0000 0.4606 0.2263
-0.0091 -0.0097 0.0000 0.0000 0.0000 -1.0000 0.4252 0.2550
0.0091 -0.0097 0.0000 0.0000 0.0000 -1.0000 0.4606 0.2550
0 3 2
0 1 3
LABEL vcNavHorzLvl
MATERIAL 4
TEXTURE 4
FLAG 0
GEOM 4 2
-0.0091 0.0085 0.0000 0.0000 0.0000 -1.0000 0.4250 0.2838
0.0091 0.0085 0.0000 0.0000 0.0000 -1.0000 0.4603 0.2838
-0.0091 -0.0097 0.0000 0.0000 0.0000 -1.0000 0.4250 0.3126
0.0091 -0.0097 0.0000 0.0000 0.0000 -1.0000 0.4603 0.3126
0 3 2
0 1 3
LABEL vcNavKillRot
MATERIAL 4
TEXTURE 4
FLAG 0
GEOM 4 2
-0.0091 0.0085 0.0000 0.0000 0.0000 -1.0000 0.3472 0.2837
0.0091 0.0085 0.0000 0.0000 0.0000 -1.0000 0.3826 0.2837
-0.0091 -0.0097 0.0000 0.0000 0.0000 -1.0000 0.3472 0.3129
0.0091 -0.0097 0.0000 0.0000 0.0000 -1.0000 0.3826 0.3129
0 3 2
0 1 3
LABEL vcNavNorm
MATERIAL 4
TEXTURE 4
FLAG 0
GEOM 4 2
-0.0091 0.0085 0.0000 0.0000 0.0000 -1.0000 0.3473 0.2264
0.0091 0.0085 0.0000 0.0000 0.0000 -1.0000 0.3826 0.2264
-0.0091 -0.0097 0.0000 0.0000 0.0000 -1.0000 0.3473 0.2550
0.0091 -0.0097 0.0000 0.0000 0.0000 -1.0000 0.3826 0.2550
0 3 2
0 1 3
LABEL vcNavProGrade
MATERIAL 4
TEXTURE 4
FLAG 0
GEOM 4 2
-0.0091 0.0085 0.0000 0.0000 0.0000 -1.0000 0.3471 0.2551
0.0091 0.0085 0.0000 0.0000 0.0000 -1.0000 0.3824 0.2551
-0.0091 -0.0097 0.0000 0.0000 0.0000 -1.0000 0.3471 0.2838
0.0091 -0.0097 0.0000 0.0000 0.0000 -1.0000 0.3824 0.2838
0 3 2
0 1 3
LABEL vcNavRetro
MATERIAL 4
TEXTURE 4
FLAG 0
GEOM 4 2
-0.0091 0.0085 0.0000 0.0000 0.0000 -1.0000 0.4252 0.2553
0.0091 0.0085 0.0000 0.0000 0.0000 -1.0000 0.4606 0.2553
-0.0091 -0.0097 0.0000 0.0000 0.0000 -1.0000 0.4252 0.2837
0.0091 -0.0097 0.0000 0.0000 0.0000 -1.0000 0.4606 0.2837
0 3 2
0 1 3
LABEL vcRCSLin
MATERIAL 4
TEXTURE 4
FLAG 0
GEOM 4 2
-0.0091 0.0068 0.0000 0.0000 0.0000 -1.0000 0.4253 0.3126
0.0091 0.0068 0.0000 0.0000 0.0000 -1.0000 0.4607 0.3126
-0.0091 -0.0078 0.0000 0.0000 0.0000 -1.0000 0.4253 0.3416
0.0091 -0.0078 0.0000 0.0000 0.0000 -1.0000 0.4607 0.3416
0 3 2
0 1 3
LABEL vcRCSRot
MATERIAL 4
TEXTURE 4
FLAG 0
GEOM 4 2
-0.0091 0.0068 0.0000 0.0000 0.0000 -1.0000 0.3471 0.3126
0.0091 0.0068 0.0000 0.0000 0.0000 -1.0000 0.3825 0.3126
-0.0091 -0.0078 0.0000 0.0000 0.0000 -1.0000 0.3471 0.3415
0.0091 -0.0078 0.0000 0.0000 0.0000 -1.0000 0.3825 0.3415
0 3 2
0 1 3
LABEL VSIOffFlag
MATERIAL 4
TEXTURE 4
FLAG 0
GEOM 4 2
-0.0063 0.0063 0.0000 0.0000 0.0000 -1.0000 0.3456 0.6081
0.0063 0.0063 0.0000 0.0000 0.0000 -1.0000 0.3694 0.6081
-0.0063 -0.0063 0.0000 0.0000 0.0000 -1.0000 0.3456 0.6320
0.0063 -0.0063 0.0000 0.0000 0.0000 -1.0000 0.3694 0.6320
0 3 2
0 1 3
LABEL ForwardWindowInsideLeft
MATERIAL 1
TEXTURE 1
FLAG 0
GEOM 3 1
-0.3303 0.6015 13.3839 0.6322 -0.6280 -0.4539 0.8423 0.0694
-0.0241 0.8963 13.4025 0.6322 -0.6280 -0.4539 0.8719 0.0692
-0.0297 0.6100 13.7909 0.6322 -0.6280 -0.4539 0.8505 0.1224
1 2 0
LABEL ClockTimerMinute
MATERIAL 4
TEXTURE 4
FLAG 0
GEOM 4 2
-0.0051 0.0178 0.0000 0.0000 0.0000 -1.0000 0.3656 0.5392
0.0051 0.0178 0.0000 0.0000 0.0000 -1.0000 0.3846 0.5392
-0.0051 -0.0178 0.0000 0.0000 0.0000 -1.0000 0.3656 0.6072
0.0051 -0.0178 0.0000 0.0000 0.0000 -1.0000 0.3846 0.6072
0 3 2
0 1 3
LABEL gaFuelFlow
MATERIAL 4
TEXTURE 4
FLAG 0
GEOM 4 2
-0.0025 0.0152 0.0000 0.0000 0.0000 -1.0000 0.4257 0.5393
0.0025 0.0152 0.0000 0.0000 0.0000 -1.0000 0.4445 0.5393
-0.0025 -0.0152 0.0000 0.0000 0.0000 -1.0000 0.4257 0.6021
0.0025 -0.0152 0.0000 0.0000 0.0000 -1.0000 0.4445 0.6021
0 3 2
0 1 3
LABEL gaMainFuel
MATERIAL 4
TEXTURE 4
FLAG 0
GEOM 4 2
-0.0025 0.0152 0.0000 0.0000 0.0000 -1.0000 0.4256 0.5393
0.0025 0.0152 0.0000 0.0000 0.0000 -1.0000 0.4446 0.5393
-0.0025 -0.0152 0.0000 0.0000 0.0000 -1.0000 0.4256 0.6022
0.0025 -0.0152 0.0000 0.0000 0.0000 -1.0000 0.4446 0.6022
0 3 2
0 1 3
LABEL gaRCSFuel
MATERIAL 4
TEXTURE 4
FLAG 0
GEOM 4 2
-0.0025 0.0152 0.0000 0.0000 0.0000 -1.0000 0.4256 0.5393
0.0025 0.0152 0.0000 0.0000 0.0000 -1.0000 0.4445 0.5393
-0.0025 -0.0152 0.0000 0.0000 0.0000 -1.0000 0.4256 0.6021
0.0025 -0.0152 0.0000 0.0000 0.0000 -1.0000 0.4445 0.6021
0 3 2
0 1 3
LABEL gaugeAmpMeter
MATERIAL 4
TEXTURE 4
FLAG 0
GEOM 4 2
-0.0077 -0.0221 0.0028 -0.3398 0.0000 -0.9405 0.6538 0.0253
0.0166 0.0157 -0.0060 -0.3398 0.0000 -0.9405 0.7386 0.0253
-0.0166 -0.0157 0.0060 -0.3398 0.0000 -0.9405 0.6538 0.0041
0.0077 0.0221 -0.0028 -0.3398 0.0000 -0.9405 0.7386 0.0041
0 3 1
0 2 3
LABEL MessagesLabels
MATERIAL 4
TEXTURE 4
FLAG 0
GEOM 4 2
-0.0381 0.0071 0.0000 0.0000 0.0000 -1.0000 0.3458 0.6580
0.0381 0.0071 0.0000 0.0000 0.0000 -1.0000 0.4926 0.6580
-0.0381 -0.0071 0.0000 0.0000 0.0000 -1.0000 0.3458 0.6982
0.0381 -0.0071 0.0000 0.0000 0.0000 -1.0000 0.4926 0.6982
1 2 0
1 3 2
LABEL RoseCompass
MATERIAL 4
TEXTURE 4
FLAG 0
GEOM 4 2
-0.0381 -0.0381 0.0000 0.0000 0.0000 -1.0000 0.5497 0.6880
0.0381 -0.0381 0.0000 0.0000 0.0000 -1.0000 0.6948 0.6880
-0.0381 0.0381 0.0000 0.0000 0.0000 -1.0000 0.5497 0.5430
0.0381 0.0381 0.0000 0.0000 0.0000 -1.0000 0.6948 0.5430
0 3 1
0 2 3
LABEL vcKiesHand
MATERIAL 4
TEXTURE 4
FLAG 0
GEOM 4 2
-0.0229 0.0229 0.0000 0.0000 0.0000 -1.0000 0.1983 0.8878
0.0229 0.0229 0.0000 0.0000 0.0000 -1.0000 0.2782 0.8878
-0.0229 -0.0229 0.0000 0.0000 0.0000 -1.0000 0.1983 0.9675
0.0229 -0.0229 0.0000 0.0000 0.0000 -1.0000 0.2782 0.9675
0 3 2
0 1 3
LABEL ClockHour
MATERIAL 4
TEXTURE 4
FLAG 0
GEOM 4 2
-0.0051 0.0178 0.0000 0.0000 0.0000 -1.0000 0.4056 0.5393
0.0051 0.0178 0.0000 0.0000 0.0000 -1.0000 0.4245 0.5393
-0.0051 -0.0178 0.0000 0.0000 0.0000 -1.0000 0.4056 0.6071
0.0051 -0.0178 0.0000 0.0000 0.0000 -1.0000 0.4245 0.6071
0 3 2
0 1 3
LABEL HSIBearingArrow
MATERIAL 4
TEXTURE 4
FLAG 0
GEOM 4 2
-0.0051 -0.0419 0.0000 0.0000 0.0000 -1.0000 0.4888 0.5398
0.0051 -0.0419 0.0000 0.0000 0.0000 -1.0000 0.5075 0.5398
-0.0051 0.0419 0.0000 0.0000 0.0000 -1.0000 0.4888 0.3945
0.0051 0.0419 0.0000 0.0000 0.0000 -1.0000 0.5075 0.3945
0 3 1
0 2 3
LABEL vcMachHand
MATERIAL 4
TEXTURE 4
FLAG 0
GEOM 4 2
-0.0244 0.0244 0.0000 0.0000 0.0000 -1.0000 0.2797 0.8875
0.0244 0.0244 0.0000 0.0000 0.0000 -1.0000 0.3728 0.8875
-0.0244 -0.0244 0.0000 0.0000 0.0000 -1.0000 0.2797 0.9804
0.0244 -0.0244 0.0000 0.0000 0.0000 -1.0000 0.3728 0.9804
0 3 2
0 1 3
LABEL ClockMinute
MATERIAL 4
TEXTURE 4
FLAG 0
GEOM 4 2
-0.0051 0.0178 0.0000 0.0000 0.0000 -1.0000 0.3856 0.5393
0.0051 0.0178 0.0000 0.0000 0.0000 -1.0000 0.4045 0.5393
-0.0051 -0.0178 0.0000 0.0000 0.0000 -1.0000 0.3856 0.6072
0.0051 -0.0178 0.0000 0.0000 0.0000 -1.0000 0.4045 0.6072
0 3 2
0 1 3
LABEL HSICourse
MATERIAL 4
TEXTURE 4
FLAG 0
GEOM 4 2
-0.0254 -0.0254 0.0000 0.0000 0.0000 -1.0000 0.4458 0.6429
0.0254 -0.0254 0.0000 0.0000 0.0000 -1.0000 0.5474 0.6429
-0.0254 0.0254 0.0000 0.0000 0.0000 -1.0000 0.4458 0.5414
0.0254 0.0254 0.0000 0.0000 0.0000 -1.0000 0.5474 0.5414
0 3 1
0 2 3
LABEL ClockSecond
MATERIAL 4
TEXTURE 4
FLAG 0
GEOM 4 2
-0.0051 0.0178 0.0000 0.0000 0.0000 -1.0000 0.3455 0.5393
0.0051 0.0178 0.0000 0.0000 0.0000 -1.0000 0.3645 0.5393
-0.0051 -0.0178 0.0000 0.0000 0.0000 -1.0000 0.3455 0.6071
0.0051 -0.0178 0.0000 0.0000 0.0000 -1.0000 0.3645 0.6071
0 3 2
0 1 3
LABEL HSICourseNeedle
MATERIAL 4
TEXTURE 4
FLAG 0
GEOM 4 2
-0.0191 -0.0191 0.0000 0.0000 0.0000 -1.0000 0.5432 0.4708
0.0191 -0.0191 0.0000 0.0000 0.0000 -1.0000 0.6200 0.4708
-0.0191 0.0191 0.0000 0.0000 0.0000 -1.0000 0.5432 0.3951
0.0191 0.0191 0.0000 0.0000 0.0000 -1.0000 0.6200 0.3951
0 3 1
0 2 3
LABEL PanelHorizonFace
MATERIAL 4
TEXTURE 4
FLAG 0
GEOM 4 2
-0.0508 0.0509 0.0000 0.0000 0.0000 -1.0000 0.0002 0.7233
0.0508 0.0509 0.0000 0.0000 0.0000 -1.0000 0.1970 0.7233
-0.0508 -0.0507 0.0000 0.0000 0.0000 -1.0000 0.0002 0.9068
0.0508 -0.0507 0.0000 0.0000 0.0000 -1.0000 0.1970 0.9068
1 2 0
1 3 2
LABEL PanelNavButtons
MATERIAL 4
TEXTURE 4
FLAG 0
GEOM 4 2
-0.0508 0.0509 0.0000 0.0000 0.0000 -1.0000 0.8029 0.3571
0.0508 0.0509 0.0000 0.0000 0.0000 -1.0000 0.9997 0.3571
-0.0508 -0.0507 0.0000 0.0000 0.0000 -1.0000 0.8029 0.5396
0.0508 -0.0507 0.0000 0.0000 0.0000 -1.0000 0.9997 0.5396
1 2 0
1 3 2
LABEL AltimeterGround
MATERIAL 4
TEXTURE 4
FLAG 0
GEOM 4 2
-0.0063 0.0063 0.0000 0.0000 0.0000 -1.0000 0.3947 0.6081
0.0063 0.0063 0.0000 0.0000 0.0000 -1.0000 0.4188 0.6081
-0.0063 -0.0063 0.0000 0.0000 0.0000 -1.0000 0.3947 0.6321
0.0063 -0.0063 0.0000 0.0000 0.0000 -1.0000 0.4188 0.6321
0 3 2
0 1 3
LABEL AltimeterOffFlag
MATERIAL 4
TEXTURE 4
FLAG 0
GEOM 4 2
-0.0063 0.0063 0.0000 0.0000 0.0000 -1.0000 0.3455 0.6081
0.0063 0.0063 0.0000 0.0000 0.0000 -1.0000 0.3694 0.6081
-0.0063 -0.0063 0.0000 0.0000 0.0000 -1.0000 0.3455 0.6320
0.0063 -0.0063 0.0000 0.0000 0.0000 -1.0000 0.3694 0.6320
0 3 2
0 1 3
LABEL AOANeedle
MATERIAL 4
TEXTURE 4
FLAG 0
GEOM 4 2
0.0161 0.0014 0.0000 0.0000 0.0000 -1.0000 0.5743 0.4829
-0.0146 -0.0069 -0.0000 0.0000 0.0000 -1.0000 0.5088 0.4829
0.0146 0.0069 0.0000 0.0000 0.0000 -1.0000 0.5743 0.4730
-0.0161 -0.0014 -0.0000 0.0000 0.0000 -1.0000 0.5088 0.4730
0 3 2
0 1 3
LABEL AttitudeFlagOff
MATERIAL 4
TEXTURE 4
FLAG 0
GEOM 4 2
-0.0063 0.0063 0.0000 0.0000 0.0000 -1.0000 0.3455 0.6081
0.0063 0.0063 0.0000 0.0000 0.0000 -1.0000 0.3694 0.6081
-0.0063 -0.0063 0.0000 0.0000 0.0000 -1.0000 0.3455 0.6320
0.0063 -0.0063 0.0000 0.0000 0.0000 -1.0000 0.3694 0.6320
0 3 2
0 1 3
LABEL COMStatusPanel
MATERIAL 4
TEXTURE 4
FLAG 0
GEOM 4 2
0.0063 -0.0063 0.0000 0.0000 0.0000 -1.0000 0.5261 0.0268
-0.0063 -0.0063 0.0000 0.0000 0.0000 -1.0000 0.5014 0.0268
0.0063 0.0064 0.0000 0.0000 0.0000 -1.0000 0.5261 0.0021
-0.0063 0.0064 0.0000 0.0000 0.0000 -1.0000 0.5014 0.0021
0 3 2
0 1 3
LABEL vcAlt100Hand
MATERIAL 4
TEXTURE 4
FLAG 0
GEOM 4 2
-0.0318 0.0318 0.0000 0.0000 0.0000 -1.0000 0.3560 0.4267
0.0318 0.0318 0.0000 0.0000 0.0000 -1.0000 0.4673 0.4267
-0.0318 -0.0318 0.0000 0.0000 0.0000 -1.0000 0.3560 0.5379
0.0318 -0.0318 0.0000 0.0000 0.0000 -1.0000 0.4673 0.5379
0 3 2
0 1 3
LABEL HSICompassHeading
MATERIAL 4
TEXTURE 4
FLAG 0
GEOM 4 2
-0.0051 -0.0419 0.0000 0.0000 0.0000 -1.0000 0.4687 0.5399
0.0051 -0.0419 0.0000 0.0000 0.0000 -1.0000 0.4873 0.5399
-0.0051 0.0419 0.0000 0.0000 0.0000 -1.0000 0.4687 0.3944
0.0051 0.0419 0.0000 0.0000 0.0000 -1.0000 0.4873 0.3944
0 3 1
0 2 3
LABEL HSIOffFlag
MATERIAL 4
TEXTURE 4
FLAG 0
GEOM 4 2
-0.0063 0.0063 0.0000 0.0000 0.0000 -1.0000 0.3448 0.6333
0.0063 0.0063 0.0000 0.0000 0.0000 -1.0000 0.3692 0.6333
-0.0063 -0.0063 0.0000 0.0000 0.0000 -1.0000 0.3448 0.6576
0.0063 -0.0063 0.0000 0.0000 0.0000 -1.0000 0.3692 0.6576
0 3 2
0 1 3
LABEL SpeedVelocityFlag
MATERIAL 4
TEXTURE 4
FLAG 0
GEOM 4 2
-0.0063 0.0063 0.0000 0.0000 0.0000 -1.0000 0.3950 0.6083
0.0063 0.0063 0.0000 0.0000 0.0000 -1.0000 0.4187 0.6083
-0.0063 -0.0063 0.0000 0.0000 0.0000 -1.0000 0.3950 0.6320
0.0063 -0.0063 0.0000 0.0000 0.0000 -1.0000 0.4187 0.6320
0 3 2
0 1 3
LABEL HSITopPlane
MATERIAL 4
TEXTURE 4
FLAG 0
GEOM 4 2
-0.0051 -0.0392 0.0000 0.0000 0.0000 -1.0000 0.6073 0.8743
0.0051 -0.0392 0.0000 0.0000 0.0000 -1.0000 0.6259 0.8743
-0.0051 0.0410 0.0000 0.0000 0.0000 -1.0000 0.6073 0.7361
0.0051 0.0410 0.0000 0.0000 0.0000 -1.0000 0.6259 0.7361
0 3 1
0 2 3
LABEL CanopyWindowInside
MATERIAL 6
TEXTURE 0
FLAG 0
GEOM 6 4
-0.4409 0.3465 -0.1384 0.7922 -0.5886 -0.1614
-0.2667 0.5804 -0.1247 0.7922 -0.5886 -0.1614
-0.3792 0.2196 0.5420 0.7074 -0.6178 -0.3433
-0.0612 0.5271 0.5789 0.7074 -0.6178 -0.3433
-0.1912 0.5558 0.3242 0.7518 -0.6070 -0.2577
-0.4130 0.2549 0.3438 0.7500 -0.6076 -0.2614
4 0 1
4 5 0
3 5 4
3 2 5
LABEL CanopyWindowSI
MATERIAL 1
TEXTURE 1
FLAG 0
GEOM 6 4
0.4409 0.3465 -0.1384 -0.7921 -0.5887 -0.1614 0.8405 0.1251
0.2666 0.5805 -0.1247 -0.7921 -0.5887 -0.1614 0.8404 0.0677
0.3792 0.2197 0.5420 -0.7076 -0.6179 -0.3428 0.9667 0.1259
0.0609 0.5275 0.5795 -0.7076 -0.6179 -0.3428 0.9667 0.0675
0.1912 0.5558 0.3242 -0.7518 -0.6070 -0.2574 0.9147 0.0684
0.4131 0.2549 0.3439 -0.7501 -0.6076 -0.2611 0.9192 0.1256
4 0 5
4 1 0
3 5 2
3 4 5
LABEL vcAlt10Hand
MATERIAL 4
TEXTURE 4
FLAG 0
GEOM 4 2
0.0041 0.0244 -0.0000 0.0000 -0.0000 -1.0000 0.3559 0.4105
-0.0041 0.0244 -0.0000 0.0000 -0.0000 -1.0000 0.3559 0.4253
0.0041 -0.0244 0.0000 0.0000 -0.0000 -1.0000 0.4488 0.4105
-0.0041 -0.0244 0.0000 0.0000 -0.0000 -1.0000 0.4488 0.4253
0 3 1
0 2 3
LABEL HSIExoFlag
MATERIAL 4
TEXTURE 4
FLAG 0
GEOM 4 2
-0.0085 0.0063 0.0000 0.0000 0.0000 -1.0000 0.3939 0.6330
0.0042 0.0063 0.0000 0.0000 0.0000 -1.0000 0.4183 0.6330
-0.0085 -0.0063 0.0000 0.0000 0.0000 -1.0000 0.3939 0.6574
0.0042 -0.0063 0.0000 0.0000 0.0000 -1.0000 0.4183 0.6574
0 3 2
0 1 3
LABEL SpeedFlagOff
MATERIAL 4
TEXTURE 4
FLAG 0
GEOM 4 2
-0.0072 0.0054 0.0000 0.0000 0.0000 -1.0000 0.3457 0.6083
0.0054 0.0072 0.0000 0.0000 0.0000 -1.0000 0.3694 0.6083
-0.0054 -0.0072 0.0000 0.0000 0.0000 -1.0000 0.3457 0.6319
0.0072 -0.0054 0.0000 0.0000 0.0000 -1.0000 0.3694 0.6319
0 3 2
0 1 3
LABEL HUD
MATERIAL 4
TEXTURE 4
FLAG 7
GEOM 4 2
-0.0593 0.0593 -0.0000 0.0000 -0.0000 -1.0000 0.0001 0.0004
0.0593 0.0593 -0.0000 0.0000 -0.0000 -1.0000 0.9996 0.0001
-0.0593 -0.0593 0.0000 0.0000 -0.0000 -1.0000 0.0004 0.9999
0.0593 -0.0593 0.0000 0.0000 -0.0000 -1.0000 0.9999 0.9996
2 1 3
0 1 2
LABEL vcAlt1Hand
MATERIAL 4
TEXTURE 4
FLAG 0
GEOM 4 2
-0.0063 0.0318 -0.0000 0.0000 -0.0000 -1.0000 0.3721 0.4091
0.0063 0.0318 -0.0000 0.0000 -0.0000 -1.0000 0.3721 0.3944
-0.0063 -0.0318 0.0000 0.0000 -0.0000 -1.0000 0.4649 0.4091
0.0063 -0.0318 0.0000 0.0000 -0.0000 -1.0000 0.4649 0.3944
0 3 2
0 1 3
LABEL HUDGlass
MATERIAL 7
TEXTURE 0
FLAG 0
GEOM 122 44
-0.9560 -0.5829 -121.2992 0.0000 -1.0000 0.0000
-0.9560 -0.5352 -121.3177 0.0000 0.0000 -1.0000
-1.0009 -0.5352 -121.2992 -0.3576 -0.3373 -0.8708
-1.0009 -0.5352 -119.3362 -0.3576 -0.3373 0.8708
-0.9560 -0.5352 -119.3177 0.0000 0.0000 1.0000
-0.9560 -0.5829 -119.3362 0.0000 -1.0000 0.0000
0.9541 -0.5352 -119.3177 0.0000 0.0000 1.0000
0.9991 -0.5352 -119.3362 1.0000 0.0000 0.0000
0.9541 -0.5829 -119.3362 0.0000 -1.0000 0.0000
0.9991 -0.5352 -121.2992 1.0000 0.0000 0.0000
0.9541 -0.5352 -121.3177 0.0000 0.0000 -1.0000
0.9541 -0.5829 -121.2992 0.0000 -1.0000 0.0000
-1.0009 1.3705 -121.2992 -0.3586 0.3301 -0.8732
-0.9560 1.3705 -121.3177 0.0000 0.0000 -1.0000
-0.9560 1.4194 -121.2992 0.0000 1.0000 0.0000
-1.0009 1.3705 -119.3362 -0.3586 0.3301 0.8732
-0.9560 1.4194 -119.3362 0.0000 1.0000 0.0000
-0.9560 1.3705 -119.3177 0.0000 0.0000 1.0000
0.9541 1.3705 -119.3177 0.0000 0.0000 1.0000
0.9541 1.4194 -119.3362 0.0000 1.0000 0.0000
0.9991 1.3705 -119.3362 1.0000 0.0000 0.0000
0.9991 1.3705 -121.2992 1.0000 0.0000 0.0000
0.9541 1.4194 -121.2992 0.0000 1.0000 0.0000
0.9541 1.3705 -121.3177 0.0000 0.0000 -1.0000
-0.9560 -0.5829 -121.2992 -0.3576 -0.3373 -0.8708
-0.9560 -0.5352 -121.3177 -0.3576 -0.3373 -0.8708
-0.9560 -0.5352 -119.3177 -0.3576 -0.3373 0.8708
-0.9560 -0.5829 -119.3362 -0.3576 -0.3373 0.8708
0.9541 -0.5352 -119.3177 0.3576 -0.3369 0.8710
0.9991 -0.5352 -119.3362 0.3576 -0.3369 0.8710
0.9541 -0.5829 -119.3362 0.3576 -0.3369 0.8710
0.9991 -0.5352 -121.2992 0.3576 -0.3369 -0.8710
0.9541 -0.5352 -121.3177 0.3576 -0.3369 -0.8710
0.9541 -0.5829 -121.2992 0.3576 -0.3369 -0.8710
-0.9560 1.3705 -121.3177 -0.3586 0.3301 -0.8732
-0.9560 1.4194 -121.2992 -0.3586 0.3301 -0.8732
-0.9560 1.4194 -119.3362 -0.3586 0.3301 0.8732
-0.9560 1.3705 -119.3177 -0.3586 0.3301 0.8732
0.9541 1.3705 -119.3177 0.3586 0.3297 0.8733
0.9541 1.4194 -119.3362 0.3586 0.3297 0.8733
0.9991 1.3705 -119.3362 0.3586 0.3297 0.8733
0.9991 1.3705 -121.2992 0.3586 0.3297 -0.8733
0.9541 1.4194 -121.2992 0.3586 0.3297 -0.8733
0.9541 1.3705 -121.3177 0.3586 0.3297 -0.8733
-0.9560 -0.5352 -121.3177 -0.3799 0.0000 -0.9250
-0.9560 1.3705 -121.3177 -0.3799 0.0000 -0.9250
-1.0009 1.3705 -121.2992 -0.3799 0.0000 -0.9250
-0.9560 -0.5352 -121.3177 -0.3799 0.0000 -0.9250
-1.0009 1.3705 -121.2992 -0.3799 0.0000 -0.9250
-1.0009 -0.5352 -121.2992 -0.3799 0.0000 -0.9250
-0.9560 1.4194 -121.2992 -0.7359 0.6771 0.0000
-0.9560 1.4194 -119.3362 -0.7359 0.6771 0.0000
-1.0009 1.3705 -119.3362 -0.7359 0.6771 0.0000
-0.9560 1.4194 -121.2992 -0.7359 0.6771 0.0000
-1.0009 1.3705 -119.3362 -0.7359 0.6771 0.0000
-1.0009 1.3705 -121.2992 -0.7359 0.6771 0.0000
-0.9560 1.3705 -119.3177 -0.3799 0.0000 0.9250
-0.9560 -0.5352 -119.3177 -0.3799 0.0000 0.9250
-1.0009 -0.5352 -119.3362 -0.3799 0.0000 0.9250
-0.9560 1.3705 -119.3177 -0.3799 0.0000 0.9250
-1.0009 -0.5352 -119.3362 -0.3799 0.0000 0.9250
-1.0009 1.3705 -119.3362 -0.3799 0.0000 0.9250
-0.9560 -0.5829 -119.3362 -0.7277 -0.6859 0.0000
-0.9560 -0.5829 -121.2992 -0.7277 -0.6859 0.0000
-1.0009 -0.5352 -121.2992 -0.7277 -0.6859 0.0000
-0.9560 -0.5829 -119.3362 -0.7277 -0.6859 0.0000
-1.0009 -0.5352 -121.2992 -0.7277 -0.6859 0.0000
-1.0009 -0.5352 -119.3362 -0.7277 -0.6859 0.0000
-0.9560 1.4194 -119.3362 0.0000 0.3534 0.9355
0.9541 1.4194 -119.3362 0.0000 0.3534 0.9355
0.9541 1.3705 -119.3177 0.0000 0.3534 0.9355
-0.9560 1.4194 -119.3362 0.0000 0.3534 0.9355
0.9541 1.3705 -119.3177 0.0000 0.3534 0.9355
-0.9560 1.3705 -119.3177 0.0000 0.3534 0.9355
0.9991 1.3705 -119.3362 0.3799 0.0000 0.9250
0.9991 -0.5352 -119.3362 0.3799 0.0000 0.9250
0.9541 -0.5352 -119.3177 0.3799 0.0000 0.9250
0.9991 1.3705 -119.3362 0.3799 0.0000 0.9250
0.9541 -0.5352 -119.3177 0.3799 0.0000 0.9250
0.9541 1.3705 -119.3177 0.3799 0.0000 0.9250
0.9541 -0.5829 -119.3362 0.0000 -0.3609 0.9326
-0.9560 -0.5829 -119.3362 0.0000 -0.3609 0.9326
-0.9560 -0.5352 -119.3177 0.0000 -0.3609 0.9326
0.9541 -0.5829 -119.3362 0.0000 -0.3609 0.9326
-0.9560 -0.5352 -119.3177 0.0000 -0.3609 0.9326
0.9541 -0.5352 -119.3177 0.0000 -0.3609 0.9326
0.9541 1.4194 -119.3362 0.7359 0.6771 0.0000
0.9541 1.4194 -121.2992 0.7359 0.6771 0.0000
0.9991 1.3705 -121.2992 0.7359 0.6771 0.0000
0.9541 1.4194 -119.3362 0.7359 0.6771 0.0000
0.9991 1.3705 -121.2992 0.7359 0.6771 0.0000
0.9991 1.3705 -119.3362 0.7359 0.6771 0.0000
0.9541 1.3705 -121.3177 0.3799 0.0000 -0.9250
0.9541 -0.5352 -121.3177 0.3799 0.0000 -0.9250
0.9991 -0.5352 -121.2992 0.3799 0.0000 -0.9250
0.9541 1.3705 -121.3177 0.3799 0.0000 -0.9250
0.9991 -0.5352 -121.2992 0.3799 0.0000 -0.9250
0.9991 1.3705 -121.2992 0.3799 0.0000 -0.9250
0.9541 -0.5829 -121.2992 0.7277 -0.6859 0.0000
0.9541 -0.5829 -119.3362 0.7277 -0.6859 0.0000
0.9991 -0.5352 -119.3362 0.7277 -0.6859 0.0000
0.9541 -0.5829 -121.2992 0.7277 -0.6859 0.0000
0.9991 -0.5352 -119.3362 0.7277 -0.6859 0.0000
0.9991 -0.5352 -121.2992 0.7277 -0.6859 0.0000
0.9541 1.4194 -121.2992 0.0000 0.3534 -0.9355
-0.9560 1.4194 -121.2992 0.0000 0.3534 -0.9355
-0.9560 1.3705 -121.3177 0.0000 0.3534 -0.9355
0.9541 1.4194 -121.2992 0.0000 0.3534 -0.9355
-0.9560 1.3705 -121.3177 0.0000 0.3534 -0.9355
0.9541 1.3705 -121.3177 0.0000 0.3534 -0.9355
-0.9560 -0.5829 -121.2992 0.0000 -0.3609 -0.9326
0.9541 -0.5829 -121.2992 0.0000 -0.3609 -0.9326
0.9541 -0.5352 -121.3177 0.0000 -0.3609 -0.9326
-0.9560 -0.5829 -121.2992 0.0000 -0.3609 -0.9326
0.9541 -0.5352 -121.3177 0.0000 -0.3609 -0.9326
-0.9560 -0.5352 -121.3177 0.0000 -0.3609 -0.9326
-1.0009 1.3705 -121.2992 -1.0000 0.0000 0.0000
-1.0009 1.3705 -119.3362 -1.0000 0.0000 0.0000
-1.0009 -0.5352 -119.3362 -1.0000 0.0000 0.0000
-1.0009 1.3705 -121.2992 -1.0000 0.0000 0.0000
-1.0009 -0.5352 -119.3362 -1.0000 0.0000 0.0000
-1.0009 -0.5352 -121.2992 -1.0000 0.0000 0.0000
0 8 5
0 11 8
20 9 21
20 7 9
22 16 19
22 14 16
17 6 18
17 4 6
23 1 13
23 10 1
24 2 25
3 27 26
28 30 29
31 33 32
12 35 34
15 37 36
38 40 39
41 43 42
44 46 45
47 49 48
50 52 51
53 55 54
56 58 57
59 61 60
62 64 63
65 67 66
68 70 69
71 73 72
74 76 75
77 79 78
80 82 81
83 85 84
86 88 87
89 91 90
92 94 93
95 97 96
98 100 99
101 103 102
104 106 105
107 109 108
110 112 111
113 115 114
116 118 117
119 121 120
LABEL CompassFaceTop
MATERIAL 4
TEXTURE 4
FLAG 0
GEOM 4 2
-0.0508 -0.0419 0.0000 0.0000 0.0000 -1.0000 0.3957 0.8869
0.0508 -0.0419 0.0000 0.0000 0.0000 -1.0000 0.5926 0.8869
-0.0508 0.0419 0.0000 0.0000 0.0000 -1.0000 0.3957 0.7236
0.0508 0.0419 0.0000 0.0000 0.0000 -1.0000 0.5926 0.7236
0 3 1
0 2 3
LABEL Cylinder
MATERIAL 2
TEXTURE 2
FLAG 0
GEOM 58 22
0.0030 0.0073 0.0052 0.7079 0.7063 0.0000 0.2506 0.5501
0.0030 0.0073 -0.0052 0.7079 0.7063 0.0000 0.2506 0.5199
0.0073 0.0030 0.0052 0.7079 0.7063 0.0000 0.2390 0.5501
0.0073 0.0030 -0.0052 0.7079 0.7063 0.0000 0.2390 0.5199
0.0073 -0.0030 0.0052 1.0000 -0.0011 -0.0000 0.2274 0.5501
0.0073 -0.0030 -0.0052 1.0000 -0.0011 -0.0000 0.2274 0.5199
0.0030 -0.0073 0.0052 0.7063 -0.7079 -0.0000 0.2159 0.5501
0.0030 -0.0073 -0.0052 0.7063 -0.7079 -0.0000 0.2159 0.5199
-0.0030 -0.0073 0.0052 -0.0011 -1.0000 -0.0000 0.2043 0.5501
-0.0030 -0.0073 -0.0052 -0.0011 -1.0000 -0.0000 0.2043 0.5199
-0.0073 -0.0030 0.0052 -0.7079 -0.7063 -0.0000 0.2852 0.5501
-0.0073 -0.0030 -0.0052 -0.7079 -0.7063 -0.0000 0.2852 0.5199
-0.0073 0.0030 0.0052 -1.0000 0.0011 0.0000 0.2737 0.5501
-0.0073 0.0030 -0.0052 -1.0000 0.0011 0.0000 0.2737 0.5199
-0.0030 0.0073 0.0052 0.0011 1.0000 0.0000 0.2621 0.5501
-0.0030 0.0073 -0.0052 0.0000 0.0000 -1.0000 0.2123 0.4915
0.0073 0.0030 0.0052 1.0000 -0.0011 -0.0000 0.2390 0.5501
0.0073 0.0030 -0.0052 1.0000 -0.0011 -0.0000 0.2390 0.5199
0.0073 0.0030 0.0052 1.0000 -0.0011 -0.0000 0.2390 0.5501
0.0073 -0.0030 0.0052 0.7063 -0.7079 -0.0000 0.2274 0.5501
0.0073 -0.0030 -0.0052 0.7063 -0.7079 -0.0000 0.2274 0.5199
0.0073 -0.0030 0.0052 0.7063 -0.7079 -0.0000 0.2274 0.5501
0.0030 -0.0073 0.0052 -0.0011 -1.0000 -0.0000 0.2159 0.5501
0.0030 -0.0073 -0.0052 -0.0011 -1.0000 -0.0000 0.2159 0.5199
0.0030 -0.0073 0.0052 -0.0011 -1.0000 -0.0000 0.2159 0.5501
-0.0030 -0.0073 0.0052 -0.7079 -0.7063 -0.0000 0.2968 0.5501
-0.0030 -0.0073 -0.0052 -0.7079 -0.7063 -0.0000 0.2968 0.5199
-0.0030 -0.0073 0.0052 -0.7079 -0.7063 -0.0000 0.2968 0.5501
-0.0073 -0.0030 0.0052 -1.0000 0.0011 0.0000 0.2852 0.5501
-0.0073 -0.0030 -0.0052 -1.0000 0.0011 0.0000 0.2852 0.5199
-0.0073 -0.0030 0.0052 -1.0000 0.0011 0.0000 0.2852 0.5501
0.0073 -0.0030 -0.0052 0.0000 0.0000 -1.0000 0.2321 0.5112
0.0073 0.0030 -0.0052 0.0000 0.0000 -1.0000 0.2321 0.4997
0.0030 0.0073 -0.0052 0.0000 0.0000 -1.0000 0.2239 0.4915
0.0030 0.0073 -0.0052 0.0000 0.0000 -1.0000 0.2239 0.4915
-0.0073 0.0030 -0.0052 0.0000 0.0000 -1.0000 0.2042 0.4997
-0.0073 0.0030 -0.0052 0.0000 0.0000 -1.0000 0.2042 0.4997
-0.0073 -0.0030 -0.0052 0.0000 0.0000 -1.0000 0.2042 0.5112
-0.0030 -0.0073 -0.0052 0.0000 0.0000 -1.0000 0.2123 0.5194
-0.0030 -0.0073 -0.0052 0.0000 0.0000 -1.0000 0.2123 0.5194
0.0030 -0.0073 -0.0052 0.0000 0.0000 -1.0000 0.2239 0.5194
0.0073 -0.0030 -0.0052 0.0000 0.0000 -1.0000 0.2321 0.5112
0.0073 -0.0030 -0.0052 0.0000 0.0000 -1.0000 0.2321 0.5112
0.0030 0.0073 -0.0052 0.0000 0.0000 -1.0000 0.2239 0.4915
-0.0073 0.0030 -0.0052 0.0000 0.0000 -1.0000 0.2042 0.4997
-0.0073 0.0030 -0.0052 0.0000 0.0000 -1.0000 0.2042 0.4997
-0.0030 -0.0073 -0.0052 0.0000 0.0000 -1.0000 0.2123 0.5194
0.0073 -0.0030 -0.0052 0.0000 0.0000 -1.0000 0.2321 0.5112
-0.0030 0.0073 -0.0052 0.0011 1.0000 0.0000 0.2621 0.5199
0.0030 0.0073 -0.0052 0.0011 1.0000 0.0000 0.2506 0.5199
0.0030 0.0073 -0.0052 0.0011 1.0000 0.0000 0.2506 0.5199
0.0030 0.0073 0.0052 0.0011 1.0000 0.0000 0.2506 0.5501
-0.0073 0.0030 0.0052 -0.7063 0.7079 0.0000 0.2737 0.5501
-0.0073 0.0030 -0.0052 -0.7063 0.7079 0.0000 0.2737 0.5199
-0.0030 0.0073 -0.0052 -0.7063 0.7079 0.0000 0.2621 0.5199
-0.0073 0.0030 0.0052 -0.7063 0.7079 0.0000 0.2737 0.5501
-0.0030 0.0073 -0.0052 -0.7063 0.7079 0.0000 0.2621 0.5199
-0.0030 0.0073 0.0052 -0.7063 0.7079 0.0000 0.2621 0.5501
0 3 1
0 2 3
16 5 17
18 4 5
19 7 20
21 6 7
22 9 23
24 8 9
25 11 26
27 10 11
28 13 29
30 12 13
31 33 32
34 35 15
36 38 37
39 41 40
42 44 43
45 47 46
14 49 48
14 51 50
52 54 53
55 57 56
LABEL CylinderHeading
MATERIAL 2
TEXTURE 2
FLAG 0
GEOM 58 22
0.0030 0.0073 0.0052 0.7067 0.7075 0.0000 0.3644 0.5500
0.0030 0.0073 -0.0052 0.7067 0.7075 0.0000 0.3644 0.5198
0.0073 0.0030 0.0052 0.7067 0.7075 0.0000 0.3528 0.5500
0.0073 0.0030 -0.0052 0.7067 0.7075 0.0000 0.3528 0.5198
0.0073 -0.0030 0.0052 1.0000 0.0006 -0.0000 0.3413 0.5500
0.0073 -0.0030 -0.0052 1.0000 0.0006 -0.0000 0.3413 0.5198
0.0030 -0.0073 0.0052 0.7075 -0.7067 -0.0000 0.3297 0.5500
0.0030 -0.0073 -0.0052 0.7075 -0.7067 -0.0000 0.3297 0.5198
-0.0030 -0.0073 0.0052 0.0006 -1.0000 -0.0000 0.3181 0.5500
-0.0030 -0.0073 -0.0052 0.0006 -1.0000 -0.0000 0.3181 0.5198
-0.0073 -0.0030 0.0052 -0.7067 -0.7075 -0.0000 0.3990 0.5500
-0.0073 -0.0030 -0.0052 -0.7067 -0.7075 -0.0000 0.3990 0.5198
-0.0073 0.0030 0.0052 -1.0000 -0.0006 0.0000 0.3875 0.5500
-0.0073 0.0030 -0.0052 -1.0000 -0.0006 0.0000 0.3875 0.5198
-0.0030 0.0073 0.0052 -0.0006 1.0000 0.0000 0.3759 0.5500
-0.0030 0.0073 -0.0052 0.0000 0.0000 -1.0000 0.3262 0.4914
0.0073 0.0030 0.0052 1.0000 0.0006 -0.0000 0.3528 0.5500
0.0073 0.0030 -0.0052 1.0000 0.0006 -0.0000 0.3528 0.5198
0.0073 0.0030 0.0052 1.0000 0.0006 -0.0000 0.3528 0.5500
0.0073 -0.0030 0.0052 0.7075 -0.7067 -0.0000 0.3413 0.5500
0.0073 -0.0030 -0.0052 0.7075 -0.7067 -0.0000 0.3413 0.5198
0.0073 -0.0030 0.0052 0.7075 -0.7067 -0.0000 0.3413 0.5500
0.0030 -0.0073 0.0052 0.0006 -1.0000 -0.0000 0.3297 0.5500
0.0030 -0.0073 -0.0052 0.0006 -1.0000 -0.0000 0.3297 0.5198
0.0030 -0.0073 0.0052 0.0006 -1.0000 -0.0000 0.3297 0.5500
-0.0030 -0.0073 0.0052 -0.7067 -0.7075 -0.0000 0.4106 0.5500
-0.0030 -0.0073 -0.0052 -0.7067 -0.7075 -0.0000 0.4106 0.5198
-0.0030 -0.0073 0.0052 -0.7067 -0.7075 -0.0000 0.4106 0.5500
-0.0073 -0.0030 0.0052 -1.0000 -0.0006 0.0000 0.3990 0.5500
-0.0073 -0.0030 -0.0052 -1.0000 -0.0006 0.0000 0.3990 0.5198
-0.0073 -0.0030 0.0052 -1.0000 -0.0006 0.0000 0.3990 0.5500
0.0073 -0.0030 -0.0052 0.0000 0.0000 -1.0000 0.3459 0.5111
0.0073 0.0030 -0.0052 0.0000 0.0000 -1.0000 0.3459 0.4996
0.0030 0.0073 -0.0052 0.0000 0.0000 -1.0000 0.3377 0.4914
0.0030 0.0073 -0.0052 0.0000 0.0000 -1.0000 0.3377 0.4914
-0.0073 0.0030 -0.0052 0.0000 0.0000 -1.0000 0.3180 0.4996
-0.0073 0.0030 -0.0052 0.0000 0.0000 -1.0000 0.3180 0.4996
-0.0073 -0.0030 -0.0052 0.0000 0.0000 -1.0000 0.3180 0.5111
-0.0030 -0.0073 -0.0052 0.0000 0.0000 -1.0000 0.3262 0.5193
-0.0030 -0.0073 -0.0052 0.0000 0.0000 -1.0000 0.3262 0.5193
0.0030 -0.0073 -0.0052 0.0000 0.0000 -1.0000 0.3377 0.5193
0.0073 -0.0030 -0.0052 0.0000 0.0000 -1.0000 0.3459 0.5111
0.0073 -0.0030 -0.0052 0.0000 0.0000 -1.0000 0.3459 0.5111
0.0030 0.0073 -0.0052 0.0000 0.0000 -1.0000 0.3377 0.4914
-0.0073 0.0030 -0.0052 0.0000 0.0000 -1.0000 0.3180 0.4996
-0.0073 0.0030 -0.0052 0.0000 0.0000 -1.0000 0.3180 0.4996
-0.0030 -0.0073 -0.0052 0.0000 0.0000 -1.0000 0.3262 0.5193
0.0073 -0.0030 -0.0052 0.0000 0.0000 -1.0000 0.3459 0.5111
-0.0030 0.0073 -0.0052 -0.0006 1.0000 0.0000 0.3759 0.5198
0.0030 0.0073 -0.0052 -0.0006 1.0000 0.0000 0.3644 0.5198
0.0030 0.0073 -0.0052 -0.0006 1.0000 0.0000 0.3644 0.5198
0.0030 0.0073 0.0052 -0.0006 1.0000 0.0000 0.3644 0.5500
-0.0073 0.0030 0.0052 -0.7075 0.7067 0.0000 0.3875 0.5500
-0.0073 0.0030 -0.0052 -0.7075 0.7067 0.0000 0.3875 0.5198
-0.0030 0.0073 -0.0052 -0.7075 0.7067 0.0000 0.3759 0.5198
-0.0073 0.0030 0.0052 -0.7075 0.7067 0.0000 0.3875 0.5500
-0.0030 0.0073 -0.0052 -0.7075 0.7067 0.0000 0.3759 0.5198
-0.0030 0.0073 0.0052 -0.7075 0.7067 0.0000 0.3759 0.5500
0 3 1
0 2 3
16 5 17
18 4 5
19 7 20
21 6 7
22 9 23
24 8 9
25 11 26
27 10 11
28 13 29
30 12 13
31 33 32
34 35 15
36 38 37
39 41 40
42 44 43
45 47 46
14 49 48
14 51 50
52 54 53
55 57 56
MATERIALS 7
VCCockpit
VC_100_Cockpit2_MAT
Body
VC_100_Cockpit_MAT
VCPanel2_B
Glass
HUDGlass
MATERIAL VCCockpit
0.926 0.926 0.926 1.000
0.000 0.000 0.000 1.000
0.000 0.000 0.000 0.786 82.690
0.149 0.149 0.149 1.000
MATERIAL VC_100_Cockpit2_MAT
0.800 0.800 0.800 1.000
0.000 0.000 0.000 1.000
0.000 0.000 0.000 1.000 50.530
0.610 0.610 0.610 1.000
MATERIAL Body
0.926 0.926 0.926 1.000
0.063 0.063 0.063 1.000
0.071 0.071 0.071 1.000 227.000
0.000 0.000 0.000 1.000
MATERIAL VC_100_Cockpit_MAT
0.800 0.800 0.800 1.000
0.000 0.000 0.000 1.000
0.000 0.000 0.000 1.000 49.030
0.600 0.600 0.600 1.000
MATERIAL VCPanel2_B
0.800 0.800 0.800 1.000
1.000 1.000 1.000 1.000
1.000 1.000 1.000 1.000 10.000
0.000 0.000 0.000 0.000
MATERIAL Glass
0.408 0.350 0.800 0.651
1.000 1.000 1.000 1.000
1.000 1.000 1.000 1.000 50.170
0.000 0.000 0.000 1.000
MATERIAL HUDGlass
0.114 0.787 0.403 0.227
0.000 0.000 0.000 1.000
1.000 1.000 1.000 1.000 49.960
0.000 0.000 0.000 1.000
TEXTURES 5
SR71_VCCockPit.dds
SR71R_100_VC2.dds D
SR71R_200_Body.dds
SR71R_100_VC1.dds
SR71R_100_2DPanel.dds
